Time,Engine Coolant Temperature [Â°C],Intake Manifold Absolute Pressure [kPa],Engine RPM [RPM],Vehicle Speed Sensor [km/h],Intake Air Temperature [Â°C],Air Flow Rate from Mass Flow Sensor [g/s],Absolute Throttle Position [%],Ambient Air Temperature [Â°C],Accelerator Pedal Position D [%],Accelerator Pedal Position E [%],lat,lon,elevation_m,gps_bearing,gps_speed_ms,gps_fix
08:19:47.605,22,,,,,,,,,,12.9121506,74.9002204,24.0,339.5,0.3,0
08:19:47.696,22,98.0,,,,,,,,,12.9121503,74.9002203,24.1,339.7,0.302,0
08:19:47.785,22,98.0,0.0,,,,,,,,12.91215,74.9002203,24.2,339.8,0.303,0
08:19:47.875,22,98.0,0.0,0.0,,,,,,,12.9121497,74.9002203,24.2,340.0,0.304,0
08:19:47.965,22,98.0,0.0,0.0,15.0,,,,,,12.9121494,74.9002202,24.3,340.1,0.306,0
08:19:48.057,22,98.0,0.0,0.0,15.0,0.88,,,,,12.9121491,74.9002202,24.4,340.3,0.308,0
08:19:48.145,22,98.0,0.0,0.0,15.0,0.88,89.0,,,,12.9121488,74.9002201,24.5,340.4,0.309,0
08:19:48.235,22,98.0,0.0,0.0,15.0,0.88,89.0,17.0,,,12.9121486,74.9002201,24.5,340.6,0.31,0
08:19:48.325,22,98.0,0.0,0.0,15.0,0.88,89.0,17.0,14.1,,12.9121483,74.9002201,24.6,340.7,0.312,0
08:19:48.415,22,98.0,0.0,0.0,15.0,0.88,89.0,17.0,14.1,14.5,12.912148,74.90022,24.7,340.9,0.313,0
08:19:48.506,22,98.0,0.0,0.0,15.0,0.88,89.0,17.0,14.1,14.5,12.9121477,74.90022,24.8,341.0,0.315,0
08:19:48.595,22,98.0,0.0,0.0,15.0,0.88,89.0,17.0,14.1,14.5,12.9121474,74.9002199,24.8,341.2,0.316,0
08:19:48.686,22,98.0,0.0,0.0,15.0,0.88,89.0,17.0,14.1,14.5,12.9121471,74.9002199,24.9,341.3,0.318,0
08:19:48.775,22,98.0,0.0,0.0,15.0,0.88,89.0,17.0,14.1,14.5,12.9121468,74.9002199,25.0,341.5,0.319,0
08:19:48.865,22,98.0,0.0,0.0,16.0,0.88,89.0,17.0,14.1,14.5,12.9121466,74.9002198,25.1,341.7,0.321,0
08:19:48.955,22,98.0,0.0,0.0,16.0,0.88,89.0,17.0,14.1,14.5,12.9121463,74.9002198,25.1,341.8,0.322,0
08:19:49.045,22,98.0,0.0,0.0,16.0,0.88,89.0,17.0,14.1,14.5,12.912146,74.9002197,25.2,342.0,0.324,0
08:19:49.135,22,98.0,0.0,0.0,16.0,0.88,89.0,17.0,14.1,14.5,12.9121457,74.9002197,25.3,342.1,0.325,0
08:19:49.225,22,98.0,0.0,0.0,16.0,0.88,89.0,17.0,14.1,14.5,12.9121454,74.9002197,25.3,342.3,0.327,0
08:19:49.315,22,98.0,0.0,0.0,16.0,0.88,89.0,17.0,14.1,14.5,12.9121451,74.9002196,25.4,342.4,0.328,0
08:19:49.405,22,98.0,0.0,0.0,16.0,0.88,89.0,17.0,14.1,14.5,12.9121448,74.9002196,25.5,342.6,0.33,0
08:19:49.495,22,98.0,0.0,0.0,16.0,0.88,89.0,17.0,14.1,14.5,12.9121446,74.9002196,25.6,342.7,0.331,0
08:19:49.603,22,98.0,0.0,0.0,16.0,0.88,89.0,17.0,14.1,14.5,12.9121442,74.9002195,25.7,342.9,0.333,0
08:19:49.675,22,98.0,0.0,0.0,16.0,0.88,89.0,17.0,14.1,14.5,12.912144,74.9002195,25.7,343.0,0.334,0
08:19:49.765,22,98.0,0.0,0.0,16.0,0.88,89.0,17.0,14.1,14.5,12.9121437,74.9002194,25.8,343.2,0.336,0
08:19:49.856,22,98.0,0.0,0.0,16.0,0.88,89.0,17.0,14.1,14.5,12.9121434,74.9002194,25.9,343.3,0.338,0
08:19:49.946,22,98.0,0.0,0.0,16.0,0.88,89.0,17.0,14.1,14.5,12.9121431,74.9002194,26.0,343.5,0.339,0
08:19:50.036,22,98.0,0.0,0.0,16.0,0.88,89.0,17.0,14.1,14.5,12.9121428,74.9002193,26.0,343.7,0.341,0
08:19:50.125,22,98.0,0.0,0.0,16.0,0.88,89.0,17.0,14.1,14.5,12.9121426,74.9002193,26.1,343.8,0.342,0
08:19:50.215,22,98.0,0.0,0.0,16.0,0.88,89.0,17.0,14.1,14.5,12.9121423,74.9002192,26.2,344.0,0.343,0
08:19:50.306,22,98.0,0.0,0.0,16.0,0.88,89.0,17.0,14.1,14.5,12.912142,74.9002192,26.3,344.1,0.345,0
08:19:50.396,22,98.0,0.0,0.0,16.0,0.88,89.0,17.0,14.1,14.5,12.9121417,74.9002192,26.3,344.3,0.347,0
08:19:50.486,22,98.0,193.0,0.0,16.0,0.88,89.0,17.0,14.1,14.5,12.9121414,74.9002191,26.4,344.4,0.348,0
08:19:50.576,22,98.0,193.0,0.0,16.0,0.88,89.0,17.0,14.1,14.5,12.9121411,74.9002191,26.5,344.6,0.35,0
08:19:50.666,22,98.0,193.0,0.0,16.0,0.88,89.0,17.0,14.1,14.5,12.9121408,74.900219,26.6,344.7,0.351,0
08:19:50.756,22,98.0,193.0,0.0,16.0,10.55,89.0,17.0,14.1,14.5,12.9121405,74.900219,26.6,344.9,0.353,0
08:19:50.846,22,98.0,193.0,0.0,16.0,10.55,84.7,17.0,14.1,14.5,12.9121403,74.900219,26.7,345.0,0.354,0
08:19:50.935,22,98.0,193.0,0.0,16.0,10.55,84.7,17.0,14.1,14.5,12.91214,74.9002189,26.8,345.2,0.355,0
08:19:51.025,22,98.0,193.0,0.0,16.0,10.55,84.7,17.0,14.1,14.5,12.9121397,74.9002189,26.9,345.3,0.357,0
08:19:51.115,22,98.0,193.0,0.0,16.0,10.55,84.7,17.0,14.1,14.5,12.9121394,74.9002189,26.9,345.5,0.358,0
08:19:51.205,22,98.0,193.0,0.0,16.0,10.55,84.7,17.0,14.1,14.5,12.9121391,74.9002188,27.0,345.7,0.36,0
08:19:51.295,22,96.0,193.0,0.0,16.0,10.55,84.7,17.0,14.1,14.5,12.9121388,74.9002188,27.1,345.8,0.361,0
08:19:51.385,22,96.0,988.0,0.0,16.0,10.55,84.7,17.0,14.1,14.5,12.9121386,74.9002187,27.1,346.0,0.363,0
08:19:51.475,22,96.0,988.0,0.0,16.0,10.55,84.7,17.0,14.1,14.5,12.9121383,74.9002187,27.2,346.1,0.364,0
08:19:51.565,22,96.0,988.0,0.0,27.0,10.55,84.7,17.0,14.1,14.5,12.912138,74.9002187,27.3,346.3,0.366,0
08:19:51.655,22,96.0,988.0,0.0,27.0,10.61,84.7,17.0,14.1,14.5,12.9121377,74.9002186,27.4,346.4,0.367,0
08:19:51.746,22,96.0,988.0,0.0,27.0,10.61,83.1,17.0,14.1,14.5,12.9121374,74.9002186,27.5,346.6,0.369,0
08:19:51.835,22,96.0,988.0,0.0,27.0,10.61,83.1,17.0,14.1,14.5,12.9121371,74.9002185,27.5,346.7,0.37,0
08:19:51.926,22,96.0,988.0,0.0,27.0,10.61,83.1,17.0,14.1,14.5,12.9121368,74.9002185,27.6,346.9,0.372,0
08:19:52.016,22,96.0,988.0,0.0,27.0,10.61,83.1,17.0,14.1,14.5,12.9121365,74.9002185,27.7,347.0,0.374,0
08:19:52.105,22,96.0,988.0,0.0,27.0,10.61,83.1,17.0,14.1,14.5,12.9121363,74.9002184,27.8,347.2,0.375,0
08:19:52.195,22,97.0,988.0,0.0,27.0,10.61,83.1,17.0,14.1,14.5,12.912136,74.9002184,27.8,347.3,0.376,0
08:19:52.287,22,97.0,911.0,0.0,27.0,10.61,83.1,17.0,14.1,14.5,12.9121357,74.9002183,27.9,347.5,0.378,0
08:19:52.375,22,97.0,911.0,0.0,27.0,10.61,83.1,17.0,14.1,14.5,12.9121354,74.9002183,28.0,347.6,0.379,0
08:19:52.465,22,97.0,911.0,0.0,30.0,10.61,83.1,17.0,14.1,14.5,12.9121351,74.9002183,28.1,347.8,0.381,0
08:19:52.555,22,97.0,911.0,0.0,30.0,9.77,83.1,17.0,14.1,14.5,12.9121348,74.9002182,28.1,348.0,0.382,0
08:19:52.645,22,97.0,911.0,0.0,30.0,9.77,83.1,17.0,14.1,14.5,12.9121346,74.9002182,28.2,348.1,0.384,0
08:19:52.735,22,97.0,911.0,0.0,30.0,9.77,83.1,17.0,14.1,14.5,12.9121343,74.9002182,28.3,348.3,0.385,0
08:19:52.825,22,97.0,911.0,0.0,30.0,9.77,83.1,17.0,14.1,14.5,12.912134,74.9002181,28.4,348.4,0.387,0
08:19:52.916,22,97.0,911.0,0.0,30.0,9.77,83.1,17.0,14.1,14.5,12.9121337,74.9002181,28.4,348.6,0.389,0
08:19:53.007,22,97.0,911.0,0.0,30.0,9.77,83.1,17.0,14.1,14.5,12.9121334,74.900218,28.5,348.7,0.39,0
08:19:53.095,22,97.0,911.0,0.0,30.0,9.77,83.1,17.0,14.1,14.5,12.9121331,74.900218,28.6,348.9,0.391,0
08:19:53.185,22,97.0,890.0,0.0,30.0,9.77,83.1,17.0,14.1,14.5,12.9121328,74.900218,28.7,349.0,0.393,0
08:19:53.275,22,97.0,890.0,0.0,30.0,9.77,83.1,17.0,14.1,14.5,12.9121326,74.9002179,28.7,349.2,0.394,0
08:19:53.365,22,97.0,890.0,0.0,28.0,9.77,83.1,17.0,14.1,14.5,12.9121323,74.9002179,28.8,349.3,0.396,0
08:19:53.455,22,97.0,890.0,0.0,28.0,9.8,83.1,17.0,14.1,14.5,12.912132,74.9002178,28.9,349.5,0.397,0
08:19:53.545,22,97.0,890.0,0.0,28.0,9.8,83.1,17.0,14.1,14.5,12.9121317,74.9002178,28.9,349.6,0.399,0
08:19:53.635,22,97.0,890.0,0.0,28.0,9.8,83.1,17.0,14.1,14.5,12.9121314,74.9002178,29.0,349.8,0.4,0
08:19:53.725,22,97.0,890.0,0.0,28.0,9.8,83.1,17.0,14.1,14.5,12.9121311,74.9002177,29.1,350.0,0.402,0
08:19:53.815,22,97.0,890.0,0.0,28.0,9.8,83.1,17.0,14.1,14.5,12.9121308,74.9002177,29.2,350.1,0.403,0
08:19:53.905,22,97.0,890.0,0.0,28.0,9.8,83.1,17.0,14.1,14.5,12.9121306,74.9002176,29.2,350.3,0.405,0
08:19:53.995,22,97.0,890.0,0.0,28.0,9.8,83.1,17.0,14.1,14.5,12.9121303,74.9002176,29.3,350.4,0.406,0
08:19:54.085,22,97.0,870.0,0.0,28.0,9.8,83.1,17.0,14.1,14.5,12.91213,74.9002176,29.4,350.6,0.408,0
08:19:54.175,22,97.0,870.0,0.0,28.0,9.8,83.1,17.0,14.1,14.5,12.9121297,74.9002175,29.5,350.7,0.409,0
08:19:54.266,22,97.0,870.0,0.0,27.0,9.8,83.1,17.0,14.1,14.5,12.9121294,74.9002175,29.6,350.9,0.411,0
08:19:54.355,22,97.0,870.0,0.0,27.0,9.91,83.1,17.0,14.1,14.5,12.9121291,74.9002174,29.6,351.0,0.412,0
08:19:54.446,22,97.0,870.0,0.0,27.0,9.91,83.1,17.0,14.1,14.5,12.9121288,74.9002174,29.7,351.2,0.414,0
08:19:54.536,22,97.0,870.0,0.0,27.0,9.91,83.1,17.0,14.1,14.5,12.9121285,74.9002174,29.8,351.3,0.416,0
08:19:54.626,22,97.0,870.0,0.0,27.0,9.91,83.1,17.0,14.1,14.5,12.9121283,74.9002173,29.9,351.5,0.417,0
08:19:54.716,22,97.0,870.0,0.0,27.0,9.91,83.1,17.0,14.1,14.5,12.912128,74.9002173,29.9,351.6,0.419,0
08:19:54.807,22,97.0,870.0,0.0,27.0,9.91,83.1,17.0,14.1,14.5,12.9121277,74.9002173,30.0,351.8,0.42,0
08:19:54.896,22,97.0,870.0,0.0,27.0,9.91,83.1,17.0,14.1,14.5,12.9121274,74.9002172,30.1,352.0,0.422,0
08:19:54.985,22,97.0,856.0,0.0,27.0,9.91,83.1,17.0,14.1,14.5,12.9121271,74.9002172,30.2,352.1,0.423,0
08:19:55.075,22,97.0,856.0,0.0,27.0,9.91,83.1,17.0,14.1,14.5,12.9121268,74.9002171,30.2,352.3,0.424,0
08:19:55.165,22,97.0,856.0,0.0,26.0,9.91,83.1,17.0,14.1,14.5,12.9121266,74.9002171,30.3,352.4,0.426,0
08:19:55.256,22,97.0,856.0,0.0,26.0,10.02,83.1,17.0,14.1,14.5,12.9121263,74.9002171,30.4,352.6,0.428,0
08:19:55.346,22,97.0,856.0,0.0,26.0,10.02,83.1,17.0,14.1,14.5,12.912126,74.900217,30.5,352.7,0.429,0
08:19:55.436,22,97.0,856.0,0.0,26.0,10.02,83.1,17.0,14.1,14.5,12.9121257,74.900217,30.5,352.9,0.431,0
08:19:55.525,22,97.0,856.0,0.0,26.0,10.02,83.1,17.0,14.1,14.5,12.9121254,74.9002169,30.6,353.0,0.432,0
08:19:55.617,22,97.0,856.0,0.0,26.0,10.02,83.1,17.0,14.1,14.5,12.9121251,74.9002169,30.7,353.2,0.434,0
08:19:55.707,22,97.0,856.0,0.0,26.0,10.02,83.1,17.0,14.1,14.5,12.9121248,74.9002169,30.8,353.3,0.435,0
08:19:55.796,22,97.0,856.0,0.0,26.0,10.02,83.1,17.0,14.1,14.5,12.9121245,74.9002168,30.8,353.5,0.437,0
08:19:55.886,22,97.0,858.0,0.0,26.0,10.02,83.1,17.0,14.1,14.5,12.9121243,74.9002168,30.9,353.6,0.438,0
08:19:55.977,22,97.0,858.0,0.0,26.0,10.02,83.1,17.0,14.1,14.5,12.912124,74.9002167,31.0,353.8,0.44,0
08:19:56.066,22,97.0,858.0,0.0,26.0,10.02,83.1,17.0,14.1,14.5,12.9121237,74.9002167,31.1,354.0,0.441,0
08:19:56.156,22,97.0,858.0,0.0,26.0,11.16,83.1,17.0,14.1,14.5,12.9121234,74.9002167,31.1,354.1,0.443,0
08:19:56.246,22,97.0,858.0,0.0,26.0,11.16,83.1,17.0,14.1,14.5,12.9121231,74.9002166,31.2,354.3,0.444,0
08:19:56.336,22,97.0,858.0,0.0,26.0,11.16,83.1,17.0,14.1,14.5,12.9121228,74.9002166,31.3,354.4,0.446,0
08:19:56.426,22,97.0,858.0,0.0,26.0,11.16,83.1,17.0,14.9,14.5,12.9121225,74.9002166,31.4,354.6,0.447,0
08:19:56.516,22,97.0,858.0,0.0,26.0,11.16,83.1,17.0,14.9,14.5,12.9121223,74.9002165,31.4,354.7,0.449,0
08:19:56.608,22,97.0,858.0,0.0,26.0,11.16,83.1,17.0,14.9,14.5,12.912122,74.9002165,31.5,354.9,0.45,0
08:19:56.697,22,97.0,858.0,0.0,26.0,11.16,83.1,17.0,14.9,14.5,12.9121217,74.9002164,31.6,355.0,0.452,0
08:19:56.786,22,97.0,945.0,0.0,26.0,11.16,83.1,17.0,14.9,14.5,12.9121214,74.9002164,31.7,355.2,0.453,0
08:19:56.876,22,97.0,945.0,0.0,26.0,11.16,83.1,17.0,14.9,14.5,12.9121211,74.9002164,31.7,355.3,0.455,0
08:19:56.967,22,97.0,945.0,0.0,26.0,11.16,83.1,17.0,14.9,14.5,12.9121208,74.9002163,31.8,355.5,0.456,0
08:19:57.057,22,97.0,945.0,0.0,26.0,11.08,83.1,17.0,14.9,14.5,12.9121205,74.9002163,31.9,355.6,0.458,0
08:19:57.146,22,97.0,945.0,0.0,26.0,11.08,83.1,17.0,14.9,14.5,12.9121203,74.9002162,32.0,355.8,0.459,0
08:19:57.236,22,97.0,945.0,0.0,26.0,11.08,83.1,17.0,14.9,14.5,12.91212,74.9002162,32.0,356.0,0.461,0
08:19:57.326,22,97.0,945.0,0.0,26.0,11.08,83.1,17.0,14.9,14.5,12.9121197,74.9002162,32.1,356.1,0.462,0
08:19:57.416,22,97.0,945.0,0.0,26.0,11.08,83.1,17.0,14.9,14.5,12.9121194,74.9002161,32.2,356.3,0.464,0
08:19:57.518,22,97.0,945.0,0.0,26.0,11.08,83.1,17.0,14.9,14.5,12.9121191,74.9002161,32.3,356.4,0.465,0
08:19:57.597,22,98.0,945.0,0.0,26.0,11.08,83.1,17.0,14.9,14.5,12.9121188,74.900216,32.3,356.6,0.467,0
08:19:57.691,22,98.0,935.0,0.0,26.0,11.08,83.1,17.0,14.9,14.5,12.9121185,74.900216,32.4,356.7,0.468,0
08:19:57.776,22,98.0,935.0,0.0,26.0,11.08,83.1,17.0,14.9,14.5,12.9121183,74.900216,32.5,356.9,0.47,0
08:19:57.867,22,98.0,935.0,0.0,27.0,11.08,83.1,17.0,14.9,14.5,12.912118,74.9002159,32.6,357.0,0.471,0
08:19:57.957,22,98.0,935.0,0.0,27.0,11.38,83.1,17.0,14.9,14.5,12.9121177,74.9002159,32.6,357.2,0.473,0
08:19:58.045,22,98.0,935.0,0.0,27.0,11.38,83.1,17.0,14.9,14.5,12.9121174,74.9002159,32.7,357.3,0.474,0
08:19:58.135,22,98.0,935.0,0.0,27.0,11.38,83.1,17.0,14.9,14.5,12.9121171,74.9002158,32.8,357.5,0.475,0
08:19:58.226,22,98.0,935.0,0.0,27.0,11.38,83.1,17.0,14.9,14.5,12.9121168,74.9002158,32.9,357.6,0.477,0
08:19:58.316,22,98.0,935.0,0.0,27.0,11.38,83.1,17.0,14.9,14.9,12.9121165,74.9002157,32.9,357.8,0.479,0
08:19:58.406,22,98.0,935.0,0.0,27.0,11.38,83.1,17.0,14.9,14.9,12.9121163,74.9002157,33.0,358.0,0.48,0
08:19:58.497,22,99.0,935.0,0.0,27.0,11.38,83.1,17.0,14.9,14.9,12.912116,74.9002157,33.1,358.1,0.482,0
08:19:58.586,22,99.0,948.0,0.0,27.0,11.38,83.1,17.0,14.9,14.9,12.9121157,74.9002156,33.2,358.3,0.483,0
08:19:58.676,22,99.0,948.0,1.0,27.0,11.38,83.1,17.0,14.9,14.9,12.9121154,74.9002156,33.2,358.4,0.485,0
08:19:58.766,22,99.0,948.0,1.0,25.0,11.38,83.1,17.0,14.9,14.9,12.9121151,74.9002155,33.3,358.6,0.486,0
08:19:58.856,22,99.0,948.0,1.0,25.0,11.16,83.1,17.0,14.9,14.9,12.9121148,74.9002155,33.4,358.7,0.488,0
08:19:58.947,22,99.0,948.0,1.0,25.0,11.16,83.1,17.0,14.9,14.9,12.9121145,74.9002155,33.5,358.9,0.489,0
08:19:59.058,22,99.0,948.0,1.0,25.0,11.16,83.1,17.0,14.9,14.9,12.9121142,74.9002154,33.5,359.1,0.491,0
08:19:59.125,22,99.0,948.0,1.0,25.0,11.16,83.1,17.0,15.3,14.9,12.912114,74.9002154,33.6,359.2,0.492,0
08:19:59.216,22,99.0,948.0,1.0,25.0,11.16,83.1,17.0,15.3,14.9,12.9121137,74.9002153,33.7,359.3,0.494,0
08:19:59.306,22,99.0,948.0,1.0,25.0,11.16,83.1,17.0,15.3,14.9,12.9121134,74.9002153,33.8,359.5,0.495,0
08:19:59.396,22,99.0,948.0,1.0,25.0,11.16,83.1,17.0,15.3,14.9,12.9121131,74.9002153,33.8,359.6,0.497,0
08:19:59.486,22,99.0,920.0,1.0,25.0,11.16,83.1,17.0,15.3,14.9,12.9121128,74.9002152,33.9,359.8,0.498,0
08:19:59.576,22,99.0,920.0,2.0,25.0,11.16,83.1,17.0,15.3,14.9,12.9121125,74.9002152,34.0,360.0,0.5,0
08:19:59.668,22,99.0,920.0,2.0,25.0,11.16,83.1,17.0,15.3,14.9,12.9121133,74.900215,33.8,360.0,0.517,0
08:19:59.757,22,99.0,920.0,2.0,25.0,11.97,83.1,17.0,15.3,14.9,12.9121145,74.9002148,33.5,360.0,0.541,0
08:19:59.847,22,99.0,920.0,2.0,25.0,11.97,83.1,17.0,15.3,14.9,12.9121157,74.9002146,33.2,360.0,0.566,0
08:19:59.936,22,99.0,920.0,2.0,25.0,11.97,83.1,17.0,15.3,14.9,12.9121169,74.9002143,32.9,359.9,0.59,0
08:20:00.026,22,99.0,920.0,2.0,25.0,11.97,83.1,17.0,14.1,14.9,12.9121181,74.9002141,32.6,359.9,0.614,0
08:20:00.116,22,99.0,920.0,2.0,25.0,11.97,83.1,17.0,14.1,14.5,12.9121193,74.9002139,32.3,359.9,0.638,0
08:20:00.206,22,99.0,920.0,2.0,25.0,11.97,83.1,17.0,14.1,14.5,12.9121205,74.9002136,32.0,359.9,0.663,0
08:20:00.296,22,99.0,920.0,2.0,25.0,11.97,83.1,17.0,14.1,14.5,12.9121217,74.9002134,31.7,359.9,0.687,0
08:20:00.387,22,99.0,915.0,2.0,25.0,11.97,83.1,17.0,14.1,14.5,12.9121229,74.9002132,31.4,359.9,0.712,0
08:20:00.475,22,99.0,915.0,3.0,25.0,11.97,83.1,17.0,14.1,14.5,12.9121241,74.900213,31.1,359.9,0.736,0
08:20:00.565,22,99.0,915.0,3.0,25.0,11.97,83.1,17.0,14.1,14.5,12.9121253,74.9002127,30.8,359.8,0.76,0
08:20:00.656,22,99.0,915.0,3.0,25.0,12.33,83.1,17.0,14.1,14.5,12.9121265,74.9002125,30.5,359.8,0.785,0
08:20:00.746,22,99.0,915.0,3.0,25.0,12.33,83.1,17.0,14.1,14.5,12.9121277,74.9002123,30.2,359.8,0.809,0
08:20:00.838,22,99.0,915.0,3.0,25.0,12.33,83.1,17.0,14.1,14.5,12.9121289,74.900212,29.9,359.8,0.834,0
08:20:00.927,22,99.0,915.0,3.0,25.0,12.33,83.1,17.0,14.1,14.5,12.9121301,74.9002118,29.6,359.8,0.858,0
08:20:01.016,22,99.0,915.0,3.0,25.0,12.33,83.1,17.0,14.1,14.5,12.9121313,74.9002116,29.3,359.8,0.882,0
08:20:01.106,22,99.0,915.0,3.0,25.0,12.33,83.1,17.0,14.1,14.5,12.9121325,74.9002114,29.0,359.8,0.906,0
08:20:01.196,22,100.0,915.0,3.0,25.0,12.33,83.1,17.0,14.1,14.5,12.9121337,74.9002111,28.7,359.7,0.931,0
08:20:01.286,22,100.0,995.0,3.0,25.0,12.33,83.1,17.0,14.1,14.5,12.9121349,74.9002109,28.4,359.7,0.955,0
08:20:01.376,22,100.0,995.0,2.0,25.0,12.33,83.1,17.0,14.1,14.5,12.9121361,74.9002107,28.1,359.7,0.979,0
08:20:01.466,22,100.0,995.0,2.0,25.0,12.33,83.1,17.0,14.1,14.5,12.9121373,74.9002104,27.8,359.7,1.004,0
08:20:01.556,22,100.0,995.0,2.0,25.0,11.11,83.1,17.0,14.1,14.5,12.9121385,74.9002102,27.5,359.7,1.028,0
08:20:01.648,22,100.0,995.0,2.0,25.0,11.11,83.1,17.0,14.1,14.5,12.9121397,74.90021,27.1,359.7,1.053,0
08:20:01.736,22,100.0,995.0,2.0,25.0,11.11,83.1,17.0,14.1,14.5,12.9121409,74.9002098,26.8,359.7,1.077,0
08:20:01.826,22,100.0,995.0,2.0,25.0,11.11,83.1,17.0,14.9,14.5,12.9121421,74.9002095,26.5,359.7,1.101,0
08:20:01.918,22,100.0,995.0,2.0,25.0,11.11,83.1,17.0,14.9,14.5,12.9121433,74.9002093,26.2,359.6,1.126,0
08:20:02.006,22,100.0,995.0,2.0,25.0,11.11,83.1,17.0,14.9,14.5,12.9121445,74.9002091,25.9,359.6,1.15,0
08:20:02.096,22,100.0,995.0,2.0,25.0,11.11,83.1,17.0,14.9,14.5,12.9121457,74.9002088,25.6,359.6,1.174,0
08:20:02.187,22,100.0,919.0,2.0,25.0,11.11,83.1,17.0,14.9,14.5,12.9121469,74.9002086,25.3,359.6,1.199,0
08:20:02.276,22,100.0,919.0,2.0,25.0,11.11,83.1,17.0,14.9,14.5,12.9121481,74.9002084,25.0,359.6,1.223,0
08:20:02.366,22,100.0,919.0,2.0,24.0,11.11,83.1,17.0,14.9,14.5,12.9121493,74.9002081,24.7,359.6,1.247,0
08:20:02.456,22,100.0,919.0,2.0,24.0,11.38,83.1,17.0,14.9,14.5,12.9121505,74.9002079,24.4,359.6,1.272,0
08:20:02.546,22,100.0,919.0,2.0,24.0,11.38,83.1,17.0,14.9,14.5,12.9121517,74.9002077,24.1,359.5,1.296,0
08:20:02.636,22,100.0,919.0,2.0,24.0,11.38,83.1,17.0,14.9,14.5,12.9121529,74.9002075,23.8,359.5,1.321,0
08:20:02.727,22,100.0,919.0,2.0,24.0,11.38,83.1,17.0,14.9,14.5,12.9121541,74.9002072,23.5,359.5,1.345,0
08:20:02.817,22,100.0,919.0,2.0,24.0,11.38,83.1,17.0,14.9,14.5,12.9121553,74.900207,23.2,359.5,1.37,0
08:20:02.906,22,100.0,919.0,2.0,24.0,11.38,83.1,17.0,14.9,14.5,12.9121565,74.9002068,22.9,359.5,1.394,0
08:20:02.997,22,100.0,919.0,2.0,24.0,11.38,83.1,17.0,14.9,14.5,12.9121577,74.9002065,22.6,359.5,1.418,0
08:20:03.087,22,100.0,919.0,2.0,24.0,11.38,83.1,17.0,14.9,14.5,12.9121589,74.9002063,22.3,359.5,1.443,0
08:20:03.176,22,100.0,919.0,2.0,24.0,11.38,83.1,17.0,14.9,14.5,12.9121601,74.9002061,22.0,359.4,1.467,0
08:20:03.266,22,100.0,919.0,2.0,24.0,11.38,83.1,17.0,14.9,14.5,12.9121613,74.9002059,21.7,359.4,1.491,0
08:20:03.356,22,100.0,919.0,2.0,24.0,11.66,83.1,17.0,14.9,14.5,12.9121625,74.9002056,21.4,359.4,1.515,0
08:20:03.446,22,100.0,919.0,2.0,24.0,11.66,83.1,17.0,14.9,14.5,12.9121637,74.9002054,21.1,359.4,1.54,0
08:20:03.536,22,100.0,919.0,2.0,24.0,11.66,83.1,17.0,14.9,14.5,12.9121649,74.9002052,20.8,359.4,1.564,0
08:20:03.626,22,100.0,919.0,2.0,24.0,11.66,83.1,17.0,14.5,14.5,12.9121661,74.9002049,20.5,359.4,1.589,0
08:20:03.716,22,100.0,919.0,2.0,24.0,11.66,83.1,17.0,14.5,14.5,12.9121673,74.9002047,20.2,359.4,1.613,0
08:20:03.807,22,100.0,919.0,2.0,24.0,11.66,83.1,17.0,14.5,14.5,12.9121686,74.9002045,19.9,359.3,1.638,0
08:20:03.897,22,100.0,919.0,2.0,24.0,11.66,83.1,17.0,14.5,14.5,12.9121698,74.9002043,19.6,359.3,1.662,0
08:20:03.986,22,100.0,912.0,2.0,24.0,11.66,83.1,17.0,14.5,14.5,12.9121709,74.900204,19.3,359.3,1.686,0
08:20:04.075,22,100.0,912.0,2.0,24.0,11.66,83.1,17.0,14.5,14.5,12.9121721,74.9002038,19.0,359.3,1.71,0
08:20:04.166,22,100.0,912.0,2.0,24.0,11.66,83.1,17.0,14.5,14.5,12.9121734,74.9002036,18.7,359.3,1.735,0
08:20:04.257,22,100.0,912.0,2.0,24.0,12.19,83.1,17.0,14.5,14.5,12.9121746,74.9002033,18.4,359.3,1.759,0
08:20:04.346,22,100.0,912.0,2.0,24.0,12.19,83.1,17.0,14.5,14.5,12.9121758,74.9002031,18.1,359.3,1.783,0
08:20:04.437,22,100.0,912.0,2.0,24.0,12.19,83.1,17.0,14.5,14.5,12.912177,74.9002029,17.8,359.2,1.808,0
08:20:04.527,22,100.0,912.0,2.0,24.0,12.19,83.1,17.0,14.1,14.5,12.9121782,74.9002027,17.5,359.2,1.832,0
08:20:04.616,22,100.0,912.0,2.0,24.0,12.19,83.1,17.0,14.1,14.5,12.9121794,74.9002024,17.2,359.2,1.857,0
08:20:04.707,22,100.0,912.0,2.0,24.0,12.19,83.1,17.0,14.1,14.5,12.9121806,74.9002022,16.9,359.2,1.881,0
08:20:04.797,22,101.0,912.0,2.0,24.0,12.19,83.1,17.0,14.1,14.5,12.9121818,74.900202,16.6,359.2,1.906,0
08:20:04.889,22,101.0,973.0,2.0,24.0,12.19,83.1,17.0,14.1,14.5,12.912183,74.9002017,16.3,359.2,1.93,0
08:20:04.976,22,101.0,973.0,2.0,24.0,12.19,83.1,17.0,14.1,14.5,12.9121842,74.9002015,16.0,359.2,1.954,0
08:20:05.066,22,101.0,973.0,2.0,24.0,12.19,83.1,17.0,14.1,14.5,12.9121854,74.9002013,15.7,359.1,1.978,0
08:20:05.155,22,101.0,973.0,2.0,24.0,11.44,83.1,17.0,14.1,14.5,12.9121866,74.9002011,15.4,359.1,2.002,0
08:20:05.246,22,101.0,973.0,2.0,24.0,11.44,83.1,17.0,14.1,14.5,12.9121878,74.9002008,15.1,359.1,2.027,0
08:20:05.337,22,101.0,973.0,2.0,24.0,11.44,83.1,17.0,14.1,14.5,12.912189,74.9002006,14.8,359.1,2.052,0
08:20:05.428,22,101.0,973.0,2.0,24.0,11.44,83.1,17.0,14.1,14.5,12.9121902,74.9002004,14.5,359.1,2.076,0
08:20:05.547,22,101.0,973.0,2.0,24.0,11.44,83.1,17.0,14.1,14.5,12.9121918,74.9002001,14.1,359.1,2.109,0
08:20:05.636,23,101.0,973.0,2.0,24.0,11.44,83.1,17.0,14.1,14.5,12.912193,74.9001998,13.8,359.1,2.133,0
08:20:05.729,23,101.0,973.0,2.0,24.0,11.44,83.1,17.0,14.1,14.5,12.9121942,74.9001996,13.4,359.0,2.158,0
08:20:05.816,23,101.0,1031.0,2.0,24.0,11.44,83.1,17.0,14.1,14.5,12.9121954,74.9001994,13.1,359.0,2.181,0
08:20:05.908,23,101.0,1031.0,1.0,24.0,11.44,83.1,17.0,14.1,14.5,12.9121966,74.9001991,12.8,359.0,2.206,0
08:20:05.996,23,101.0,1031.0,1.0,23.0,11.44,83.1,17.0,14.1,14.5,12.9121978,74.9001989,12.5,359.0,2.23,0
08:20:06.115,23,101.0,1031.0,1.0,23.0,11.8,83.1,17.0,14.1,14.5,12.9121994,74.9001986,12.1,359.0,2.262,0
08:20:06.207,23,101.0,1031.0,1.0,23.0,11.8,83.1,17.0,14.1,14.5,12.9122006,74.9001984,11.8,359.0,2.287,0
08:20:06.296,23,101.0,1031.0,1.0,23.0,11.8,83.1,17.0,14.1,14.5,12.9122018,74.9001981,11.5,358.9,2.311,0
08:20:06.386,23,101.0,1031.0,1.0,23.0,11.8,83.1,17.0,14.1,14.5,12.912203,74.9001979,11.2,358.9,2.336,0
08:20:06.476,23,101.0,1031.0,1.0,23.0,11.8,83.1,17.0,14.1,14.5,12.9122042,74.9001977,10.9,358.9,2.36,0
08:20:06.569,23,101.0,1031.0,1.0,23.0,11.8,83.1,17.0,14.1,14.5,12.9122054,74.9001975,10.6,358.9,2.385,0
08:20:06.659,23,101.0,1031.0,1.0,23.0,11.8,83.1,17.0,14.1,14.5,12.9122066,74.9001972,10.3,358.9,2.41,0
08:20:06.748,23,101.0,943.0,1.0,23.0,11.8,83.1,17.0,14.1,14.5,12.9122078,74.900197,10.0,358.9,2.434,0
08:20:06.836,23,101.0,943.0,0.0,23.0,11.8,83.1,17.0,14.1,14.5,12.912209,74.9001968,9.7,358.9,2.458,0
08:20:06.927,23,101.0,943.0,0.0,24.0,11.8,83.1,17.0,14.1,14.5,12.9122102,74.9001965,9.4,358.8,2.482,0
08:20:07.016,23,101.0,943.0,0.0,24.0,10.66,83.1,17.0,14.1,14.5,12.9122114,74.9001963,9.1,358.8,2.506,0
08:20:07.106,23,101.0,943.0,0.0,24.0,10.66,83.1,17.0,14.1,14.5,12.9122126,74.9001961,8.8,358.8,2.531,0
08:20:07.196,23,101.0,943.0,0.0,24.0,10.66,83.1,17.0,14.1,14.5,12.9122138,74.9001959,8.5,358.8,2.555,0
08:20:07.286,23,101.0,943.0,0.0,24.0,10.66,83.1,17.0,14.1,14.5,12.912215,74.9001956,8.2,358.8,2.579,0
08:20:07.347,23,101.0,943.0,0.0,24.0,10.66,83.1,17.0,14.1,14.1,12.9122158,74.9001955,8.0,358.8,2.596,0
08:20:07.436,23,101.0,943.0,0.0,24.0,10.66,83.1,17.0,14.1,14.1,12.912217,74.9001952,7.7,358.8,2.62,0
08:20:07.527,23,100.0,943.0,0.0,24.0,10.66,83.1,17.0,14.1,14.1,12.9122182,74.900195,7.4,358.8,2.645,0
08:20:07.618,23,100.0,895.0,0.0,24.0,10.66,83.1,17.0,14.1,14.1,12.9122194,74.9001948,7.1,358.7,2.669,0
08:20:07.708,23,100.0,895.0,0.0,24.0,10.66,83.1,17.0,14.1,14.1,12.9122206,74.9001946,6.8,358.7,2.694,0
08:20:07.797,23,100.0,895.0,0.0,22.0,10.66,83.1,17.0,14.1,14.1,12.9122218,74.9001943,6.5,358.7,2.718,0
08:20:07.887,23,100.0,895.0,0.0,22.0,10.24,83.1,17.0,14.1,14.1,12.912223,74.9001941,6.2,358.7,2.742,0
08:20:07.976,23,100.0,895.0,0.0,22.0,10.24,83.1,17.0,14.1,14.1,12.9122242,74.9001939,5.9,358.7,2.766,0
08:20:08.066,23,100.0,895.0,0.0,22.0,10.24,83.1,17.0,14.1,14.1,12.9122254,74.9001936,5.6,358.7,2.791,0
08:20:08.156,23,100.0,895.0,0.0,22.0,10.24,83.1,17.0,14.1,14.1,12.9122266,74.9001934,5.3,358.7,2.815,0
08:20:08.247,23,100.0,895.0,0.0,22.0,10.24,83.1,17.0,14.1,14.5,12.9122278,74.9001932,5.0,358.6,2.84,0
08:20:08.337,23,100.0,895.0,0.0,22.0,10.24,83.1,17.0,14.1,14.5,12.912229,74.900193,4.7,358.6,2.864,0
08:20:08.398,23,100.0,895.0,0.0,22.0,10.24,83.1,17.0,14.1,14.5,12.9122299,74.9001928,4.5,358.6,2.88,0
08:20:08.488,23,100.0,886.0,0.0,22.0,10.24,83.1,17.0,14.1,14.5,12.9122311,74.9001926,4.2,358.6,2.905,0
08:20:08.550,23,100.0,886.0,0.0,22.0,10.24,83.1,17.0,14.1,14.5,12.9122319,74.9001924,4.0,358.6,2.922,0
08:20:08.636,23,100.0,886.0,0.0,22.0,10.24,83.1,17.0,14.1,14.5,12.912233,74.9001922,3.7,358.6,2.945,0
08:20:08.728,23,100.0,886.0,0.0,22.0,10.13,83.1,17.0,14.1,14.5,12.9122343,74.900192,3.4,358.6,2.97,0
08:20:08.817,23,100.0,886.0,0.0,22.0,10.13,83.1,17.0,14.1,14.5,12.9122354,74.9001917,3.1,358.6,2.994,0
08:20:08.906,23,100.0,886.0,0.0,22.0,10.13,83.1,17.0,14.1,14.5,12.9122366,74.9001915,2.8,358.5,3.018,0
08:20:08.996,23,100.0,886.0,0.0,22.0,10.13,83.1,17.0,14.1,14.5,12.9122378,74.9001913,2.5,358.5,3.042,0
08:20:09.085,23,100.0,886.0,0.0,22.0,10.13,83.1,17.0,14.1,14.5,12.912239,74.9001911,2.2,358.5,3.066,0
08:20:09.175,23,100.0,886.0,0.0,22.0,10.13,83.1,17.0,14.1,14.5,12.9122402,74.9001908,1.9,358.5,3.091,0
08:20:09.267,23,100.0,886.0,0.0,22.0,10.13,83.1,17.0,14.1,14.5,12.9122415,74.9001906,1.6,358.5,3.116,0
08:20:09.356,23,100.0,874.0,0.0,22.0,10.13,83.1,17.0,14.1,14.5,12.9122426,74.9001904,1.3,358.5,3.14,0
08:20:09.448,23,100.0,874.0,0.0,22.0,10.13,83.1,17.0,14.1,14.5,12.9122439,74.9001901,1.0,358.5,3.165,0
08:20:09.540,23,100.0,874.0,0.0,22.0,10.13,83.1,17.0,14.1,14.5,12.9122451,74.9001899,0.6,358.4,3.19,0
08:20:09.598,23,100.0,874.0,0.0,22.0,10.24,83.1,17.0,14.1,14.5,12.9122459,74.9001897,0.5,358.4,3.205,0
08:20:09.686,23,100.0,874.0,0.0,22.0,10.24,83.1,17.0,14.1,14.5,12.912247,74.9001895,0.2,358.4,3.229,0
08:20:09.747,23,100.0,874.0,0.0,22.0,10.24,83.1,17.0,14.1,14.5,12.9122479,74.9001894,-0.0,358.4,3.246,0
08:20:09.836,23,100.0,874.0,0.0,22.0,10.24,83.1,17.0,14.1,14.5,12.9122491,74.9001891,-0.3,358.4,3.27,0
08:20:09.927,23,100.0,874.0,0.0,22.0,10.24,83.1,17.0,14.1,14.5,12.9122503,74.9001889,-0.7,358.4,3.294,0
08:20:10.016,23,100.0,874.0,0.0,22.0,10.24,83.1,17.0,14.1,14.5,12.9122515,74.9001887,-1.0,358.4,3.318,0
08:20:10.106,23,99.0,874.0,0.0,22.0,10.24,83.1,17.0,14.1,14.5,12.9122527,74.9001885,-1.3,358.3,3.343,0
08:20:10.196,23,99.0,885.0,0.0,22.0,10.24,83.1,17.0,14.1,14.5,12.9122539,74.9001882,-1.6,358.3,3.367,0
08:20:10.286,23,99.0,885.0,0.0,22.0,10.24,83.1,17.0,14.1,14.5,12.9122551,74.900188,-1.9,358.3,3.391,0
08:20:10.347,23,99.0,885.0,0.0,22.0,10.24,83.1,17.0,14.1,14.5,12.9122559,74.9001878,-2.1,358.3,3.408,0
08:20:10.436,23,99.0,885.0,0.0,22.0,10.02,83.1,17.0,14.1,14.5,12.9122571,74.9001876,-2.4,358.3,3.432,0
08:20:10.497,23,99.0,885.0,0.0,22.0,10.02,83.1,17.0,14.1,14.5,12.9122579,74.9001875,-2.6,358.3,3.449,0
08:20:10.588,23,99.0,885.0,0.0,22.0,10.02,83.1,17.0,14.1,14.5,12.9122591,74.9001872,-2.9,358.3,3.473,0
08:20:10.676,23,99.0,885.0,0.0,22.0,10.02,83.1,17.0,14.5,14.5,12.9122603,74.900187,-3.2,358.3,3.497,0
08:20:10.767,23,99.0,885.0,0.0,22.0,10.02,83.1,17.0,14.5,14.5,12.9122615,74.9001868,-3.5,358.2,3.522,0
08:20:10.856,23,99.0,885.0,0.0,22.0,10.02,83.1,17.0,14.5,14.5,12.9122627,74.9001865,-3.8,358.2,3.546,0
08:20:10.946,23,99.0,885.0,0.0,22.0,10.02,83.1,17.0,14.5,14.5,12.9122639,74.9001863,-4.1,358.2,3.57,0
08:20:11.036,23,99.0,910.0,0.0,22.0,10.02,83.1,17.0,14.5,14.5,12.9122651,74.9001861,-4.4,358.2,3.595,0
08:20:11.126,23,99.0,910.0,0.0,22.0,10.02,83.1,17.0,14.5,14.5,12.9122663,74.9001859,-4.7,358.2,3.619,0
08:20:11.216,23,99.0,910.0,0.0,22.0,10.02,83.1,17.0,14.5,14.5,12.9122675,74.9001856,-5.0,358.2,3.643,0
08:20:11.306,23,99.0,910.0,0.0,22.0,11.24,83.1,17.0,14.5,14.5,12.9122687,74.9001854,-5.3,358.2,3.668,0
08:20:11.397,23,99.0,910.0,0.0,22.0,11.24,83.1,17.0,14.5,14.5,12.9122699,74.9001852,-5.6,358.1,3.692,0
08:20:11.488,23,99.0,910.0,0.0,22.0,11.24,83.1,17.0,14.5,14.5,12.9122711,74.9001849,-5.9,358.1,3.717,0
08:20:11.550,23,99.0,910.0,0.0,22.0,11.24,83.1,17.0,15.3,14.5,12.9122719,74.9001848,-6.1,358.1,3.734,0
08:20:11.636,23,99.0,910.0,0.0,22.0,11.24,83.1,17.0,15.3,15.3,12.9122731,74.9001846,-6.4,358.1,3.757,0
08:20:11.698,23,99.0,910.0,0.0,22.0,11.24,83.1,17.0,15.3,15.3,12.9122739,74.9001844,-6.6,358.1,3.774,0
08:20:11.787,23,100.0,910.0,0.0,22.0,11.24,83.1,17.0,15.3,15.3,12.9122751,74.9001842,-6.9,358.1,3.798,0
08:20:11.877,23,100.0,925.0,0.0,22.0,11.24,83.1,17.0,15.3,15.3,12.9122763,74.9001839,-7.2,358.1,3.822,0
08:20:11.967,23,100.0,925.0,0.0,22.0,11.24,83.1,17.0,15.3,15.3,12.9122775,74.9001837,-7.5,358.1,3.847,0
08:20:12.057,23,100.0,925.0,0.0,22.0,11.24,83.1,17.0,15.3,15.3,12.9122787,74.9001835,-7.8,358.0,3.871,0
08:20:12.146,23,100.0,925.0,0.0,22.0,10.91,83.1,17.0,15.3,15.3,12.9122799,74.9001833,-8.1,358.0,3.895,0
08:20:12.235,23,100.0,925.0,0.0,22.0,10.91,83.1,17.0,15.3,15.3,12.9122811,74.900183,-8.4,358.0,3.919,0
08:20:12.326,23,100.0,925.0,0.0,22.0,10.91,83.1,17.0,15.3,15.3,12.9122823,74.9001828,-8.7,358.0,3.944,0
08:20:12.415,23,100.0,925.0,0.0,22.0,10.91,83.1,17.0,14.9,15.3,12.9122835,74.9001826,-9.0,358.0,3.968,0
08:20:12.506,23,100.0,925.0,0.0,22.0,10.91,83.1,17.0,14.9,14.5,12.9122847,74.9001823,-9.3,358.0,3.992,0
08:20:12.596,23,100.0,925.0,0.0,22.0,10.91,83.1,17.0,14.9,14.5,12.9122859,74.9001821,-9.6,358.0,4.017,0
08:20:12.688,23,100.0,925.0,0.0,22.0,10.91,83.1,17.0,14.9,14.5,12.9122871,74.9001819,-9.9,357.9,4.042,0
08:20:12.749,23,100.0,993.0,0.0,22.0,10.91,83.1,17.0,14.9,14.5,12.9122879,74.9001817,-10.1,357.9,4.058,0
08:20:12.836,23,100.0,993.0,1.0,22.0,10.91,83.1,17.0,14.9,14.5,12.9122891,74.9001815,-10.4,357.9,4.082,0
08:20:12.898,23,100.0,993.0,1.0,22.0,10.91,83.1,17.0,14.9,14.5,12.9122899,74.9001814,-10.6,357.9,4.099,0
08:20:12.989,23,100.0,993.0,1.0,22.0,11.77,83.1,17.0,14.9,14.5,12.9122911,74.9001811,-10.9,357.9,4.123,0
08:20:13.075,23,100.0,993.0,1.0,22.0,11.77,83.1,17.0,14.9,14.5,12.9122923,74.9001809,-11.2,357.9,4.147,0
08:20:13.166,23,100.0,993.0,1.0,22.0,11.77,83.1,17.0,14.9,14.5,12.9122935,74.9001807,-11.5,357.9,4.171,0
08:20:13.256,23,100.0,993.0,1.0,22.0,11.77,83.1,17.0,14.1,14.5,12.9122947,74.9001804,-11.8,357.9,4.196,0
08:20:13.348,23,100.0,993.0,1.0,22.0,11.77,83.1,17.0,14.1,14.5,12.9122959,74.9001802,-12.1,357.8,4.22,0
08:20:13.437,23,100.0,993.0,1.0,22.0,11.77,83.1,17.0,14.1,14.5,12.9122971,74.90018,-12.4,357.8,4.245,0
08:20:13.498,23,100.0,993.0,1.0,22.0,11.77,83.1,17.0,14.1,14.5,12.9122979,74.9001798,-12.6,357.8,4.261,0
08:20:13.587,23,100.0,936.0,1.0,22.0,11.77,83.1,17.0,14.1,14.5,12.9122991,74.9001796,-12.9,357.8,4.285,0
08:20:13.648,23,100.0,936.0,0.0,22.0,11.77,83.1,17.0,14.1,14.5,12.9123019,74.9001793,-12.9,357.9,4.287,0
08:20:13.736,23,100.0,936.0,0.0,23.0,11.77,83.1,17.0,14.1,14.5,12.9123069,74.9001788,-12.8,358.1,4.281,0
08:20:13.826,23,100.0,936.0,0.0,23.0,10.44,83.1,17.0,14.1,14.5,12.9123121,74.9001783,-12.7,358.3,4.275,0
08:20:13.916,23,100.0,936.0,0.0,23.0,10.44,83.5,17.0,14.1,14.5,12.9123173,74.9001777,-12.6,358.5,4.269,0
08:20:14.006,23,100.0,936.0,0.0,23.0,10.44,83.5,17.0,14.1,14.5,12.9123225,74.9001772,-12.4,358.7,4.263,0
08:20:14.095,23,100.0,936.0,0.0,23.0,10.44,83.5,17.0,14.1,14.5,12.9123276,74.9001767,-12.3,358.9,4.257,0
08:20:14.186,23,100.0,936.0,0.0,23.0,10.44,83.5,17.0,14.1,14.5,12.9123329,74.9001762,-12.2,359.1,4.251,0
08:20:14.277,23,100.0,936.0,0.0,23.0,10.44,83.5,17.0,14.1,14.5,12.9123381,74.9001756,-12.1,359.4,4.245,0
08:20:14.367,23,100.0,936.0,0.0,23.0,10.44,83.5,17.0,14.1,14.5,12.9123433,74.9001751,-11.9,359.6,4.238,0
08:20:14.456,23,100.0,886.0,0.0,23.0,10.44,83.5,17.0,14.1,14.5,12.9123485,74.9001746,-11.8,359.8,4.232,0
08:20:14.547,23,100.0,886.0,0.0,23.0,10.44,83.5,17.0,14.1,14.5,12.9123537,74.9001741,-11.7,360.0,4.226,0
08:20:14.636,23,100.0,886.0,0.0,22.0,10.44,83.5,17.0,14.1,14.5,12.9123589,74.9001735,-11.6,0.2,4.22,0
08:20:14.697,23,100.0,886.0,0.0,22.0,9.88,83.5,17.0,14.1,14.5,12.9123624,74.9001732,-11.5,0.3,4.216,0
08:20:14.787,23,100.0,886.0,0.0,22.0,9.88,83.1,17.0,14.1,14.5,12.9123676,74.9001727,-11.4,0.5,4.21,0
08:20:14.849,23,100.0,886.0,0.0,22.0,9.88,83.1,17.0,14.1,14.5,12.9123711,74.9001723,-11.3,0.7,4.206,0
08:20:14.936,23,100.0,886.0,0.0,22.0,9.88,83.1,17.0,14.5,14.5,12.9123762,74.9001718,-11.2,0.9,4.2,0
08:20:15.027,23,100.0,886.0,0.0,22.0,9.88,83.1,17.0,14.5,14.5,12.9123814,74.9001713,-11.0,1.1,4.194,0
08:20:15.116,23,100.0,886.0,0.0,22.0,9.88,83.1,17.0,14.5,14.5,12.9123865,74.9001707,-10.9,1.3,4.188,0
08:20:15.206,23,100.0,886.0,0.0,22.0,9.88,83.1,17.0,14.5,14.5,12.9123917,74.9001702,-10.8,1.5,4.182,0
08:20:15.296,23,100.0,924.0,0.0,22.0,9.88,83.1,17.0,14.5,14.5,12.9123969,74.9001697,-10.7,1.7,4.176,0
08:20:15.416,23,100.0,924.0,0.0,22.0,9.88,83.1,17.0,14.5,14.5,12.9124039,74.900169,-10.5,2.0,4.167,0
08:20:15.509,23,100.0,924.0,0.0,21.0,9.88,83.1,17.0,14.5,14.5,12.9124092,74.9001684,-10.4,2.2,4.161,0
08:20:15.596,23,100.0,924.0,0.0,21.0,11.33,83.1,17.0,14.5,14.5,12.9124142,74.9001679,-10.2,2.4,4.155,0
08:20:15.686,23,100.0,924.0,0.0,21.0,11.33,83.1,17.0,14.5,14.5,12.9124194,74.9001674,-10.1,2.6,4.149,0
08:20:15.776,23,100.0,924.0,0.0,21.0,11.33,83.1,17.0,14.5,14.5,12.9124246,74.9001669,-10.0,2.8,4.143,0
08:20:15.868,23,100.0,924.0,0.0,21.0,11.33,83.1,17.0,15.3,14.5,12.9124299,74.9001663,-9.9,3.0,4.137,0
08:20:15.957,23,100.0,924.0,0.0,21.0,11.33,83.1,17.0,15.3,15.3,12.9124351,74.9001658,-9.7,3.2,4.131,0
08:20:16.048,23,100.0,924.0,0.0,21.0,11.33,83.1,17.0,15.3,15.3,12.9124403,74.9001653,-9.6,3.5,4.125,0
08:20:16.136,23,100.0,924.0,0.0,21.0,11.33,83.1,17.0,15.3,15.3,12.9124454,74.9001648,-9.5,3.7,4.119,0
08:20:16.226,23,100.0,887.0,0.0,21.0,11.33,83.1,17.0,15.3,15.3,12.9124506,74.9001643,-9.4,3.9,4.113,0
08:20:16.316,23,100.0,887.0,0.0,21.0,11.33,83.1,17.0,15.3,15.3,12.9124558,74.9001637,-9.2,4.1,4.106,0
08:20:16.407,23,100.0,887.0,0.0,22.0,11.33,83.1,17.0,15.3,15.3,12.912461,74.9001632,-9.1,4.3,4.1,0
08:20:16.496,23,100.0,887.0,0.0,22.0,11.86,83.1,17.0,15.3,15.3,12.9124662,74.9001627,-9.0,4.5,4.094,0
08:20:16.589,23,100.0,887.0,0.0,22.0,11.86,83.1,17.0,15.3,15.3,12.9124715,74.9001621,-8.9,4.7,4.088,0
08:20:16.676,23,100.0,887.0,0.0,22.0,11.86,83.1,17.0,15.3,15.3,12.9124765,74.9001616,-8.7,4.9,4.082,0
08:20:16.738,23,100.0,887.0,0.0,22.0,11.86,83.1,17.0,15.3,15.3,12.9124801,74.9001613,-8.7,5.1,4.078,0
08:20:16.827,23,100.0,887.0,0.0,22.0,11.86,83.1,17.0,15.3,14.9,12.9124853,74.9001608,-8.5,5.3,4.072,0
08:20:16.917,23,100.0,887.0,0.0,22.0,11.86,83.1,17.0,15.3,14.9,12.9124905,74.9001602,-8.4,5.5,4.066,0
08:20:17.009,23,100.0,887.0,0.0,22.0,11.86,83.1,17.0,15.3,14.9,12.9124958,74.9001597,-8.3,5.7,4.06,0
08:20:17.096,23,100.0,911.0,0.0,22.0,11.86,83.1,17.0,15.3,14.9,12.9125008,74.9001592,-8.2,5.9,4.054,0
08:20:17.187,23,100.0,911.0,0.0,22.0,11.86,83.1,17.0,15.3,14.9,12.912506,74.9001587,-8.0,6.1,4.048,0
08:20:17.276,23,100.0,911.0,0.0,22.0,11.86,83.1,17.0,15.3,14.9,12.9125112,74.9001581,-7.9,6.3,4.042,0
08:20:17.367,23,100.0,911.0,0.0,22.0,12.36,83.1,17.0,15.3,14.9,12.9125164,74.9001576,-7.8,6.5,4.035,0
08:20:17.456,23,100.0,911.0,0.0,22.0,12.36,83.1,17.0,15.3,14.9,12.9125215,74.9001571,-7.7,6.7,4.029,0
08:20:17.546,23,100.0,911.0,0.0,22.0,12.36,83.1,17.0,15.3,14.9,12.9125267,74.9001566,-7.5,6.9,4.023,0
08:20:17.636,23,100.0,911.0,0.0,22.0,12.36,83.1,17.0,14.5,14.9,12.9125319,74.900156,-7.4,7.1,4.017,0
08:20:17.727,23,100.0,911.0,0.0,22.0,12.36,83.1,17.0,14.5,14.5,12.9125372,74.9001555,-7.3,7.3,4.011,0
08:20:17.816,23,100.0,911.0,0.0,22.0,12.36,83.1,17.0,14.5,14.5,12.9125423,74.900155,-7.2,7.6,4.005,0
08:20:17.908,23,101.0,911.0,0.0,22.0,12.36,83.1,17.0,14.5,14.5,12.9125476,74.9001544,-7.0,7.8,3.999,0
08:20:17.996,23,101.0,978.0,0.0,22.0,12.36,83.1,17.0,14.5,14.5,12.9125527,74.9001539,-6.9,8.0,3.993,0
08:20:18.085,23,101.0,978.0,0.0,22.0,12.36,83.1,17.0,14.5,14.5,12.9125578,74.9001534,-6.8,8.2,3.987,0
08:20:18.175,23,101.0,978.0,0.0,23.0,12.36,83.1,17.0,14.5,14.5,12.912563,74.9001529,-6.7,8.4,3.981,0
08:20:18.267,23,101.0,978.0,0.0,23.0,11.69,83.1,17.0,14.5,14.5,12.9125683,74.9001523,-6.5,8.6,3.974,0
08:20:18.357,23,101.0,978.0,0.0,23.0,11.69,83.5,17.0,14.5,14.5,12.9125735,74.9001518,-6.4,8.8,3.968,0
08:20:18.447,23,101.0,978.0,0.0,23.0,11.69,83.5,17.0,14.5,14.5,12.9125787,74.9001513,-6.3,9.0,3.962,0
08:20:18.538,23,101.0,978.0,0.0,23.0,11.69,83.5,17.0,14.9,14.5,12.912584,74.9001508,-6.2,9.2,3.956,0
08:20:18.627,23,101.0,978.0,0.0,23.0,11.69,83.5,17.0,14.9,14.5,12.9125891,74.9001502,-6.0,9.4,3.95,0
08:20:18.689,23,101.0,978.0,0.0,23.0,11.69,83.5,17.0,14.9,14.5,12.9125927,74.9001499,-6.0,9.6,3.946,0
08:20:18.776,23,102.0,978.0,0.0,23.0,11.69,83.5,17.0,14.9,14.5,12.9125977,74.9001494,-5.8,9.8,3.94,0
08:20:18.867,23,102.0,924.0,0.0,23.0,11.69,83.5,17.0,14.9,14.5,12.912603,74.9001488,-5.7,10.0,3.934,0
08:20:18.957,23,102.0,924.0,0.0,23.0,11.69,83.5,17.0,14.9,14.5,12.9126081,74.9001483,-5.6,10.2,3.928,0
08:20:19.046,23,102.0,924.0,0.0,22.0,11.69,83.5,17.0,14.9,14.5,12.9126133,74.9001478,-5.5,10.4,3.922,0
08:20:19.135,23,102.0,924.0,0.0,22.0,12.3,83.5,17.0,14.9,14.5,12.9126184,74.9001473,-5.3,10.6,3.916,0
08:20:19.226,23,102.0,924.0,0.0,22.0,12.3,83.1,17.0,14.9,14.5,12.9126237,74.9001468,-5.2,10.8,3.91,0
08:20:19.316,23,102.0,924.0,0.0,22.0,12.3,83.1,17.0,14.9,14.5,12.9126289,74.9001462,-5.1,11.0,3.903,0
08:20:19.407,23,102.0,924.0,0.0,22.0,12.3,83.1,17.0,14.9,14.5,12.9126341,74.9001457,-5.0,11.2,3.897,0
08:20:19.497,23,102.0,924.0,0.0,22.0,12.3,83.1,17.0,14.9,14.5,12.9126393,74.9001452,-4.8,11.4,3.891,0
08:20:19.588,23,102.0,924.0,0.0,22.0,12.3,83.1,17.0,14.9,14.5,12.9126446,74.9001446,-4.7,11.7,3.885,0
08:20:19.676,23,102.0,924.0,0.0,22.0,12.3,83.1,17.0,14.9,14.5,12.9126496,74.9001441,-4.6,11.9,3.879,0
08:20:19.769,23,102.0,906.0,0.0,22.0,12.3,83.1,17.0,14.9,14.5,12.912655,74.9001436,-4.5,12.1,3.873,0
08:20:19.856,23,102.0,906.0,2.0,22.0,12.3,83.1,17.0,14.9,14.5,12.91266,74.9001431,-4.3,12.3,3.867,0
08:20:19.948,23,102.0,906.0,2.0,22.0,12.3,83.1,17.0,14.9,14.5,12.9126653,74.9001425,-4.2,12.5,3.861,0
08:20:20.036,23,102.0,906.0,2.0,22.0,12.47,83.1,17.0,14.9,14.5,12.9126704,74.900142,-4.1,12.7,3.855,0
08:20:20.125,23,102.0,906.0,2.0,22.0,12.47,83.1,17.0,14.9,14.5,12.9126755,74.9001415,-4.0,12.9,3.849,0
08:20:20.216,23,102.0,906.0,2.0,22.0,12.47,83.1,17.0,14.9,14.5,12.9126808,74.900141,-3.8,13.1,3.842,0
08:20:20.307,23,102.0,906.0,2.0,22.0,12.47,83.1,17.0,14.9,14.5,12.912686,74.9001404,-3.7,13.3,3.836,0
08:20:20.397,23,102.0,906.0,2.0,22.0,12.47,83.1,17.0,14.9,14.5,12.9126912,74.9001399,-3.6,13.5,3.83,0
08:20:20.488,23,102.0,906.0,2.0,22.0,12.47,83.1,17.0,14.9,14.5,12.9126965,74.9001394,-3.5,13.7,3.824,0
08:20:20.576,23,102.0,906.0,2.0,22.0,12.47,83.1,17.0,14.9,14.5,12.9127016,74.9001389,-3.3,13.9,3.818,0
08:20:20.638,23,102.0,915.0,2.0,22.0,12.47,83.1,17.0,14.9,14.5,12.9127051,74.9001385,-3.3,14.1,3.814,0
08:20:20.728,23,102.0,915.0,4.0,22.0,12.47,83.1,17.0,14.9,14.5,12.9127103,74.900138,-3.1,14.3,3.808,0
08:20:20.818,23,102.0,915.0,4.0,22.0,12.47,83.1,17.0,14.9,14.5,12.9127155,74.9001375,-3.0,14.5,3.802,0
08:20:20.908,23,102.0,915.0,4.0,22.0,12.58,83.1,17.0,14.9,14.5,12.9127207,74.9001369,-2.9,14.7,3.796,0
08:20:20.996,23,102.0,915.0,4.0,22.0,12.58,83.1,17.0,14.9,14.5,12.9127258,74.9001364,-2.8,14.9,3.79,0
08:20:21.086,23,102.0,915.0,4.0,22.0,12.58,83.1,17.0,14.9,14.5,12.912731,74.9001359,-2.6,15.1,3.784,0
08:20:21.176,23,102.0,915.0,4.0,22.0,12.58,83.1,17.0,14.9,14.5,12.9127362,74.9001354,-2.5,15.3,3.778,0
08:20:21.266,23,102.0,915.0,4.0,22.0,12.58,83.1,17.0,14.9,14.5,12.9127414,74.9001348,-2.4,15.5,3.771,0
08:20:21.356,23,102.0,915.0,4.0,22.0,12.58,83.1,17.0,14.9,14.5,12.9127466,74.9001343,-2.3,15.7,3.765,0
08:20:21.446,23,102.0,915.0,4.0,22.0,12.58,83.1,17.0,14.9,14.5,12.9127517,74.9001338,-2.1,16.0,3.759,0
08:20:21.536,23,102.0,896.0,4.0,22.0,12.58,83.1,17.0,14.9,14.5,12.9127569,74.9001333,-2.0,16.2,3.753,0
08:20:21.627,23,102.0,896.0,7.0,22.0,12.58,83.1,17.0,14.9,14.5,12.9127622,74.9001327,-1.9,16.4,3.747,0
08:20:21.716,23,102.0,896.0,7.0,22.0,12.58,83.1,17.0,14.9,14.5,12.9127673,74.9001322,-1.8,16.6,3.741,0
08:20:21.806,23,102.0,896.0,7.0,22.0,14.27,83.1,17.0,14.9,14.5,12.9127725,74.9001317,-1.6,16.8,3.735,0
08:20:21.896,23,102.0,896.0,7.0,22.0,14.27,83.1,17.0,14.9,14.5,12.9127777,74.9001312,-1.5,17.0,3.729,0
08:20:21.988,23,102.0,896.0,7.0,22.0,14.27,83.1,17.0,14.9,14.5,12.912783,74.9001306,-1.4,17.2,3.723,0
08:20:22.076,23,102.0,896.0,7.0,22.0,14.27,83.1,17.0,14.9,14.5,12.9127881,74.9001301,-1.3,17.4,3.717,0
08:20:22.167,23,102.0,896.0,7.0,22.0,14.27,83.1,17.0,14.9,14.9,12.9127933,74.9001296,-1.1,17.6,3.71,0
08:20:22.256,23,102.0,896.0,7.0,22.0,14.27,83.1,17.0,14.9,14.9,12.9127985,74.9001291,-1.0,17.8,3.704,0
08:20:22.347,23,103.0,896.0,7.0,22.0,14.27,83.1,17.0,14.9,14.9,12.9128037,74.9001285,-0.9,18.0,3.698,0
08:20:22.436,23,103.0,1023.0,7.0,22.0,14.27,83.1,17.0,14.9,14.9,12.9128089,74.900128,-0.8,18.2,3.692,0
08:20:22.527,23,103.0,1023.0,9.0,22.0,14.27,83.1,17.0,14.9,14.9,12.9128141,74.9001275,-0.6,18.5,3.686,0
08:20:22.616,23,103.0,1023.0,9.0,23.0,14.27,83.1,17.0,14.9,14.9,12.9128192,74.900127,-0.5,18.7,3.68,0
08:20:22.709,23,103.0,1023.0,9.0,23.0,13.11,83.1,17.0,14.9,14.9,12.9128246,74.9001264,-0.4,18.9,3.674,0
08:20:22.799,23,103.0,1023.0,9.0,23.0,13.11,83.1,17.0,14.9,14.9,12.9128298,74.9001259,-0.3,19.1,3.668,0
08:20:22.887,23,103.0,1023.0,9.0,23.0,13.11,83.1,17.0,14.9,14.9,12.9128349,74.9001254,-0.1,19.3,3.662,0
08:20:22.977,23,103.0,1023.0,9.0,23.0,13.11,83.1,17.0,23.1,14.9,12.9128401,74.9001249,-0.0,19.5,3.656,0
08:20:23.039,23,103.0,1023.0,9.0,23.0,13.11,83.1,17.0,23.1,23.1,12.9128437,74.9001245,0.1,19.6,3.651,0
08:20:23.126,23,103.0,1023.0,9.0,23.0,13.11,83.1,17.0,23.1,23.1,12.9128487,74.900124,0.2,19.8,3.646,0
08:20:23.216,23,102.0,1023.0,9.0,23.0,13.11,83.1,17.0,23.1,23.1,12.9128539,74.9001235,0.3,20.1,3.639,0
08:20:23.306,23,102.0,1174.0,9.0,23.0,13.11,83.1,17.0,23.1,23.1,12.9128591,74.9001229,0.4,20.3,3.633,0
08:20:23.396,23,102.0,1174.0,10.0,23.0,13.11,83.1,17.0,23.1,23.1,12.9128642,74.9001224,0.6,20.5,3.627,0
08:20:23.486,23,102.0,1174.0,10.0,23.0,13.11,83.1,17.0,23.1,23.1,12.9128694,74.9001219,0.7,20.7,3.621,0
08:20:23.576,23,102.0,1174.0,10.0,23.0,15.91,83.1,17.0,23.1,23.1,12.9128746,74.9001214,0.8,20.9,3.615,0
08:20:23.667,23,102.0,1174.0,10.0,23.0,15.91,83.5,17.0,23.1,23.1,12.9128799,74.9001208,0.9,21.1,3.609,0
08:20:23.758,23,102.0,1174.0,10.0,23.0,15.91,83.5,17.0,23.1,23.1,12.9128851,74.9001203,1.1,21.3,3.603,0
08:20:23.850,23,102.0,1174.0,10.0,23.0,15.91,83.5,17.0,23.9,23.1,12.9128904,74.9001198,1.2,21.5,3.596,0
08:20:23.936,23,102.0,1174.0,10.0,23.0,15.91,83.5,17.0,23.9,23.9,12.9128954,74.9001193,1.3,21.7,3.591,0
08:20:24.028,23,102.0,1174.0,10.0,23.0,15.91,83.5,17.0,23.9,23.9,12.9129007,74.9001187,1.4,21.9,3.584,0
08:20:24.116,23,100.0,1174.0,10.0,23.0,15.91,83.5,17.0,23.9,23.9,12.9129058,74.9001182,1.6,22.1,3.578,0
08:20:24.206,23,100.0,1292.0,10.0,23.0,15.91,83.5,17.0,23.9,23.9,12.912911,74.9001177,1.7,22.3,3.572,0
08:20:24.296,23,100.0,1292.0,11.0,23.0,15.91,83.5,17.0,23.9,23.9,12.9129162,74.9001172,1.8,22.6,3.566,0
08:20:24.387,23,100.0,1292.0,11.0,24.0,15.91,83.5,17.0,23.9,23.9,12.9129214,74.9001166,1.9,22.8,3.56,0
08:20:24.477,23,100.0,1292.0,11.0,24.0,16.55,83.5,17.0,23.9,23.9,12.9129266,74.9001161,2.1,23.0,3.554,0
08:20:24.566,23,100.0,1292.0,11.0,24.0,16.55,83.1,17.0,23.9,23.9,12.9129317,74.9001156,2.2,23.2,3.548,0
08:20:24.657,23,100.0,1292.0,11.0,24.0,16.55,83.1,17.0,23.9,23.9,12.912937,74.9001151,2.3,23.4,3.542,0
08:20:24.747,23,100.0,1292.0,11.0,24.0,16.55,83.1,17.0,26.7,23.9,12.9129422,74.9001145,2.4,23.6,3.536,0
08:20:24.836,23,100.0,1292.0,11.0,24.0,16.55,83.1,17.0,26.7,27.1,12.9129473,74.900114,2.6,23.8,3.53,0
08:20:24.928,23,100.0,1292.0,11.0,24.0,16.55,83.1,17.0,26.7,27.1,12.9129526,74.9001135,2.7,24.0,3.524,0
08:20:24.991,23,100.0,1292.0,11.0,24.0,16.55,83.1,17.0,26.7,27.1,12.9129563,74.9001131,2.8,24.2,3.519,0
08:20:25.085,23,100.0,1354.0,11.0,24.0,16.55,83.1,17.0,26.7,27.1,12.9129617,74.9001126,2.9,24.4,3.513,0
08:20:25.196,23,100.0,1354.0,12.0,24.0,16.55,83.1,17.0,26.7,27.1,12.9129681,74.9001119,3.0,24.6,3.505,0
08:20:25.287,23,100.0,1354.0,12.0,24.0,16.55,83.1,17.0,26.7,27.1,12.9129733,74.9001114,3.2,24.8,3.499,0
08:20:25.376,23,100.0,1354.0,12.0,24.0,17.38,83.1,17.0,26.7,27.1,12.9129785,74.9001109,3.3,25.1,3.493,0
08:20:25.438,23,100.0,1354.0,12.0,24.0,17.38,83.1,17.0,26.7,27.1,12.9129821,74.9001105,3.4,25.2,3.489,0
08:20:25.528,23,100.0,1354.0,12.0,24.0,17.38,83.1,17.0,26.7,27.1,12.9129872,74.90011,3.5,25.4,3.483,0
08:20:25.618,23,100.0,1354.0,12.0,24.0,17.38,83.1,17.0,27.1,27.1,12.9129924,74.9001095,3.6,25.6,3.477,0
08:20:25.707,23,100.0,1354.0,12.0,24.0,17.38,83.1,17.0,27.1,27.1,12.9129976,74.9001089,3.8,25.8,3.471,0
08:20:25.797,23,100.0,1354.0,12.0,24.0,17.38,83.1,17.0,27.1,27.1,12.9130028,74.9001084,3.9,26.0,3.465,0
08:20:25.888,23,101.0,1354.0,12.0,24.0,17.38,83.1,17.0,27.1,27.1,12.913008,74.9001079,4.0,26.2,3.459,0
08:20:25.976,23,101.0,1390.0,12.0,24.0,17.38,83.1,17.0,27.1,27.1,12.9130131,74.9001074,4.1,26.4,3.453,0
08:20:26.072,23,101.0,1390.0,12.0,24.0,17.38,83.1,17.0,27.1,27.1,12.9130186,74.9001068,4.3,26.7,3.446,0
08:20:26.186,23,101.0,1390.0,12.0,24.0,17.38,83.1,17.0,27.1,27.1,12.9130252,74.9001061,4.4,26.9,3.438,0
08:20:26.276,23,101.0,1390.0,12.0,24.0,17.33,83.1,17.0,27.1,27.1,12.9130304,74.9001056,4.5,27.1,3.432,0
08:20:26.337,23,101.0,1390.0,12.0,24.0,17.33,83.1,17.0,27.1,27.1,12.9130339,74.9001053,4.6,27.3,3.428,0
08:20:26.427,23,101.0,1390.0,12.0,24.0,17.33,83.1,17.0,27.1,27.1,12.9130391,74.9001047,4.8,27.5,3.422,0
08:20:26.516,23,101.0,1390.0,12.0,24.0,17.33,83.1,17.0,27.5,27.1,12.9130443,74.9001042,4.9,27.7,3.416,0
08:20:26.606,23,101.0,1390.0,12.0,24.0,17.33,83.1,17.0,27.5,27.5,12.9130494,74.9001036,5.0,27.9,3.41,0
08:20:26.697,23,101.0,1390.0,12.0,24.0,17.33,83.1,17.0,27.5,27.5,12.9130533,74.9000992,5.1,27.4,3.445,0
08:20:26.788,23,101.0,1390.0,12.0,24.0,17.33,83.1,17.0,27.5,27.5,12.9130571,74.9000947,5.2,26.8,3.479,0
08:20:26.877,23,101.0,1421.0,12.0,24.0,17.33,83.1,17.0,27.5,27.5,12.9130609,74.9000903,5.2,26.3,3.513,0
08:20:26.938,23,101.0,1421.0,12.0,24.0,17.33,83.1,17.0,27.5,27.5,12.9130635,74.9000873,5.3,26.0,3.536,0
08:20:27.028,23,101.0,1421.0,12.0,24.0,17.33,83.1,17.0,27.5,27.5,12.9130673,74.9000829,5.4,25.4,3.57,0
08:20:27.088,23,101.0,1421.0,12.0,24.0,17.77,83.1,17.0,27.5,27.5,12.9130698,74.90008,5.4,25.1,3.592,0
08:20:27.176,23,101.0,1421.0,12.0,24.0,17.77,83.1,17.0,27.5,27.5,12.9130735,74.9000757,5.5,24.6,3.626,0
08:20:27.267,23,101.0,1421.0,12.0,24.0,17.77,83.1,17.0,27.5,27.5,12.9130774,74.9000712,5.6,24.0,3.66,0
08:20:27.357,23,101.0,1421.0,12.0,24.0,17.77,83.1,17.0,27.1,27.5,12.9130812,74.9000668,5.7,23.5,3.694,0
08:20:27.448,23,101.0,1421.0,12.0,24.0,17.77,83.1,17.0,27.1,27.5,12.913085,74.9000623,5.7,23.0,3.728,0
08:20:27.536,23,101.0,1421.0,12.0,24.0,17.77,83.1,17.0,27.1,27.5,12.9130887,74.900058,5.8,22.5,3.762,0
08:20:27.628,23,102.0,1421.0,12.0,24.0,17.77,83.1,17.0,27.1,27.5,12.9130926,74.9000535,5.9,21.9,3.796,0
08:20:27.716,23,102.0,1452.0,12.0,24.0,17.77,83.1,17.0,27.1,27.5,12.9130963,74.9000491,6.0,21.4,3.83,0
08:20:27.807,23,102.0,1452.0,13.0,24.0,17.77,83.1,17.0,27.1,27.5,12.9131002,74.9000447,6.1,20.9,3.864,0
08:20:27.896,23,102.0,1452.0,13.0,24.0,17.77,83.1,17.0,27.1,27.5,12.9131039,74.9000403,6.1,20.4,3.898,0
08:20:27.986,23,102.0,1452.0,13.0,24.0,17.63,83.1,17.0,27.1,27.5,12.9131077,74.9000359,6.2,19.8,3.932,0
08:20:28.078,23,102.0,1452.0,13.0,24.0,17.63,83.1,17.0,27.1,27.5,12.9131116,74.9000314,6.3,19.3,3.966,0
08:20:28.166,23,102.0,1452.0,13.0,24.0,17.63,83.1,17.0,27.1,27.5,12.9131153,74.900027,6.4,18.8,4.0,0
08:20:28.256,23,102.0,1452.0,13.0,24.0,17.63,83.1,17.0,27.5,27.5,12.9131191,74.9000226,6.5,18.3,4.034,0
08:20:28.346,23,102.0,1452.0,13.0,24.0,17.63,83.1,17.0,27.5,27.5,12.913123,74.9000182,6.5,17.7,4.068,0
08:20:28.436,23,102.0,1452.0,13.0,24.0,17.63,83.1,17.0,27.5,27.5,12.9131268,74.9000138,6.6,17.2,4.102,0
08:20:28.528,23,102.0,1452.0,13.0,24.0,17.63,83.1,17.0,27.5,27.5,12.9131306,74.9000093,6.7,16.7,4.136,0
08:20:28.588,23,102.0,1466.0,13.0,24.0,17.63,83.1,17.0,27.5,27.5,12.9131332,74.9000063,6.7,16.3,4.159,0
08:20:28.676,23,102.0,1466.0,13.0,24.0,17.63,83.1,17.0,27.5,27.5,12.9131369,74.900002,6.8,15.8,4.192,0
08:20:28.737,23,102.0,1466.0,13.0,24.0,17.63,83.1,17.0,27.5,27.5,12.9131395,74.899999,6.9,15.4,4.215,0
08:20:28.828,23,102.0,1466.0,13.0,24.0,17.99,83.1,17.0,27.5,27.5,12.9131433,74.8999945,7.0,14.9,4.25,0
08:20:28.887,23,102.0,1466.0,13.0,24.0,17.99,83.1,17.0,27.5,27.5,12.9131458,74.8999916,7.0,14.6,4.272,0
08:20:28.980,23,102.0,1466.0,13.0,24.0,17.99,83.1,17.0,27.5,27.5,12.9131497,74.8999871,7.1,14.0,4.307,0
08:20:29.037,23,102.0,1466.0,13.0,24.0,17.99,83.1,17.0,27.5,27.5,12.9131521,74.8999843,7.1,13.7,4.329,0
08:20:29.126,23,102.0,1466.0,13.0,24.0,17.99,83.1,17.0,27.5,28.2,12.9131559,74.8999799,7.2,13.2,4.362,0
08:20:29.216,24,102.0,1466.0,13.0,24.0,17.99,83.1,17.0,27.5,28.2,12.9131597,74.8999755,7.3,12.6,4.396,0
08:20:29.306,24,102.0,1466.0,13.0,24.0,17.99,83.1,17.0,27.5,28.2,12.9131635,74.8999711,7.4,12.1,4.43,0
08:20:29.396,24,102.0,1495.0,13.0,24.0,17.99,83.1,17.0,27.5,28.2,12.9131673,74.8999666,7.5,11.6,4.464,0
08:20:29.487,24,102.0,1495.0,13.0,24.0,17.99,83.1,17.0,27.5,28.2,12.9131712,74.8999622,7.5,11.1,4.499,0
08:20:29.576,24,102.0,1495.0,13.0,24.0,17.99,83.1,17.0,27.5,28.2,12.9131749,74.8999578,7.6,10.5,4.532,0
08:20:29.666,24,102.0,1495.0,13.0,24.0,18.72,83.1,17.0,27.5,28.2,12.9131787,74.8999534,7.7,10.0,4.566,0
08:20:29.756,24,102.0,1495.0,13.0,24.0,18.72,83.1,17.0,27.5,28.2,12.9131825,74.899949,7.8,9.5,4.6,0
08:20:29.846,24,102.0,1495.0,13.0,24.0,18.72,83.1,17.0,27.5,28.2,12.9131863,74.8999445,7.8,9.0,4.634,0
08:20:29.937,24,102.0,1495.0,13.0,24.0,18.72,83.1,17.0,14.1,28.2,12.9131902,74.8999401,7.9,8.4,4.669,0
08:20:30.026,24,102.0,1495.0,13.0,24.0,18.72,83.1,17.0,14.1,14.5,12.9131939,74.8999357,8.0,7.9,4.702,0
08:20:30.087,24,102.0,1495.0,13.0,24.0,18.72,83.1,17.0,14.1,14.5,12.9131965,74.8999327,8.1,7.5,4.725,0
08:20:30.176,24,101.0,1495.0,13.0,24.0,18.72,83.1,17.0,14.1,14.5,12.9132003,74.8999283,8.1,7.0,4.759,0
08:20:30.237,24,101.0,1189.0,13.0,24.0,18.72,83.1,17.0,14.1,14.5,12.9132029,74.8999253,8.2,6.7,4.782,0
08:20:30.326,24,101.0,1189.0,10.0,24.0,18.72,83.1,17.0,14.1,14.5,12.9132066,74.899921,8.3,6.2,4.815,0
08:20:30.416,24,101.0,1189.0,10.0,24.0,18.72,83.1,17.0,14.1,14.5,12.9132104,74.8999165,8.3,5.6,4.849,0
08:20:30.506,24,101.0,1189.0,10.0,24.0,11.49,83.1,17.0,14.1,14.5,12.9132142,74.8999121,8.4,5.1,4.883,0
08:20:30.596,24,101.0,1189.0,10.0,24.0,11.49,83.1,17.0,14.1,14.5,12.913218,74.8999077,8.5,4.6,4.917,0
08:20:30.686,24,101.0,1189.0,10.0,24.0,11.49,83.1,17.0,14.1,14.5,12.9132218,74.8999033,8.6,4.0,4.951,0
08:20:30.776,24,101.0,1189.0,10.0,24.0,11.49,83.1,17.0,14.1,14.5,12.9132256,74.8998989,8.7,3.5,4.985,0
08:20:30.867,24,101.0,1189.0,10.0,24.0,11.49,83.1,17.0,14.1,14.5,12.9132295,74.8998944,8.7,3.0,5.02,0
08:20:30.931,24,101.0,1189.0,10.0,24.0,11.49,83.1,17.0,14.1,14.5,12.9132322,74.8998913,8.8,2.6,5.044,0
08:20:30.989,24,103.0,1189.0,10.0,24.0,11.49,83.1,17.0,14.1,14.5,12.9132346,74.8998884,8.9,2.3,5.066,0
08:20:31.076,24,103.0,1028.0,10.0,24.0,11.49,83.1,17.0,14.1,14.5,12.9132383,74.8998841,8.9,1.8,5.099,0
08:20:31.137,24,103.0,1028.0,3.0,24.0,11.49,83.1,17.0,14.1,14.5,12.9132409,74.8998811,9.0,1.4,5.122,0
08:20:31.226,24,103.0,1028.0,3.0,22.0,11.49,83.1,17.0,14.1,14.5,12.9132446,74.8998768,9.1,0.9,5.155,0
08:20:31.287,24,103.0,1028.0,3.0,22.0,11.36,83.1,17.0,14.1,14.5,12.9132472,74.8998738,9.1,0.5,5.178,0
08:20:31.377,24,103.0,1028.0,3.0,22.0,11.36,83.1,17.0,14.1,14.5,12.913251,74.8998694,9.2,0.0,5.212,0
08:20:31.438,24,103.0,1028.0,3.0,22.0,11.36,83.1,17.0,14.1,14.5,12.9132536,74.8998664,9.2,359.7,5.235,0
08:20:31.526,24,103.0,1028.0,3.0,22.0,11.36,83.1,17.0,14.1,14.5,12.9132573,74.899862,9.3,359.1,5.269,0
08:20:31.616,24,103.0,1028.0,3.0,22.0,11.36,83.1,17.0,14.1,14.5,12.9132611,74.8998576,9.4,358.6,5.303,0
08:20:31.706,24,103.0,1028.0,3.0,22.0,11.36,83.1,17.0,14.1,14.5,12.9132649,74.8998532,9.5,358.1,5.337,0
08:20:31.796,24,103.0,1028.0,3.0,22.0,11.36,83.1,17.0,14.1,14.5,12.9132687,74.8998488,9.6,357.6,5.371,0
08:20:31.888,24,103.0,906.0,3.0,22.0,11.36,83.1,17.0,14.1,14.5,12.9132726,74.8998443,9.6,357.0,5.405,0
08:20:31.976,24,103.0,906.0,0.0,22.0,11.36,83.1,17.0,14.1,14.5,12.9132763,74.8998399,9.7,356.5,5.439,0
08:20:32.039,24,103.0,906.0,0.0,21.0,11.36,83.1,17.0,14.1,14.5,12.913279,74.8998368,9.8,356.1,5.462,0
08:20:32.125,24,103.0,906.0,0.0,21.0,10.44,83.1,17.0,14.1,14.5,12.9132826,74.8998326,9.8,355.6,5.495,0
08:20:32.187,24,103.0,906.0,0.0,21.0,10.44,83.1,17.0,14.1,14.5,12.9132853,74.8998296,9.9,355.3,5.518,0
08:20:32.276,24,103.0,906.0,0.0,21.0,10.44,83.1,17.0,14.1,14.5,12.913289,74.8998252,10.0,354.8,5.552,0
08:20:32.338,24,103.0,906.0,0.0,21.0,10.44,83.1,17.0,19.2,14.5,12.9132916,74.8998222,10.0,354.4,5.575,0
08:20:32.426,24,103.0,906.0,0.0,21.0,10.44,83.1,17.0,19.2,18.8,12.9132954,74.8998178,10.1,353.9,5.609,0
08:20:32.490,24,103.0,906.0,0.0,21.0,10.44,83.1,17.0,19.2,18.8,12.9132981,74.8998147,10.2,353.5,5.633,0
08:20:32.576,24,102.0,906.0,0.0,21.0,10.44,83.1,17.0,19.2,18.8,12.9133017,74.8998105,10.2,353.0,5.665,0
08:20:32.640,24,102.0,904.0,0.0,21.0,10.44,83.1,17.0,19.2,18.8,12.9133044,74.8998073,10.3,352.6,5.689,0
08:20:32.727,24,102.0,904.0,0.0,21.0,10.44,83.1,17.0,19.2,18.8,12.9133081,74.8998031,10.4,352.1,5.722,0
08:20:32.816,24,102.0,904.0,0.0,20.0,10.44,83.1,17.0,19.2,18.8,12.9133118,74.8997987,10.5,351.6,5.756,0
08:20:32.908,24,102.0,904.0,0.0,20.0,11.94,83.1,17.0,19.2,18.8,12.9133157,74.8997942,10.5,351.1,5.791,0
08:20:32.996,24,102.0,904.0,0.0,20.0,11.94,83.1,17.0,19.2,18.8,12.9133194,74.8997898,10.6,350.5,5.824,0
08:20:33.085,24,102.0,904.0,0.0,20.0,11.94,83.1,17.0,19.2,18.8,12.9133232,74.8997855,10.7,350.0,5.858,0
08:20:33.176,24,102.0,904.0,0.0,20.0,11.94,83.1,17.0,19.2,18.8,12.913327,74.899781,10.8,349.5,5.892,0
08:20:33.237,24,102.0,904.0,0.0,20.0,11.94,83.1,17.0,19.2,18.8,12.9133296,74.899778,10.8,349.1,5.915,0
08:20:33.326,24,102.0,904.0,0.0,20.0,11.94,83.1,17.0,19.2,18.8,12.9133334,74.8997736,10.9,348.6,5.949,0
08:20:33.388,24,102.0,904.0,0.0,20.0,11.94,83.1,17.0,19.2,18.8,12.913336,74.8997706,11.0,348.3,5.972,0
08:20:33.476,24,102.0,923.0,0.0,20.0,11.94,83.1,17.0,19.2,18.8,12.9133397,74.8997663,11.0,347.7,6.005,0
08:20:33.537,24,102.0,923.0,1.0,20.0,11.94,83.1,17.0,19.2,18.8,12.9133423,74.8997633,11.1,347.4,6.028,0
08:20:33.627,24,102.0,923.0,1.0,21.0,11.94,83.1,17.0,19.2,18.8,12.9133461,74.8997589,11.2,346.9,6.062,0
08:20:33.690,24,102.0,923.0,1.0,21.0,11.61,83.1,17.0,19.2,18.8,12.9133488,74.8997558,11.2,346.5,6.086,0
08:20:33.777,24,102.0,923.0,1.0,21.0,11.61,83.1,17.0,19.2,18.8,12.9133524,74.8997515,11.3,346.0,6.119,0
08:20:33.837,24,102.0,923.0,1.0,21.0,11.61,83.1,17.0,19.2,18.8,12.913355,74.8997485,11.4,345.6,6.142,0
08:20:33.930,24,102.0,923.0,1.0,21.0,11.61,83.1,17.0,18.8,18.8,12.9133589,74.899744,11.4,345.1,6.177,0
08:20:34.016,24,102.0,923.0,1.0,21.0,11.61,83.1,17.0,18.8,18.4,12.9133625,74.8997398,11.5,344.6,6.209,0
08:20:34.077,24,102.0,923.0,1.0,21.0,11.61,83.1,17.0,18.8,18.4,12.9133651,74.8997368,11.6,344.2,6.232,0
08:20:34.138,24,102.0,923.0,1.0,21.0,11.61,83.1,17.0,18.8,18.4,12.9133677,74.8997338,11.6,343.9,6.255,0
08:20:34.226,24,102.0,932.0,1.0,21.0,11.61,83.1,17.0,18.8,18.4,12.9133714,74.8997294,11.7,343.4,6.288,0
08:20:34.288,24,102.0,932.0,2.0,21.0,11.61,83.1,17.0,18.8,18.4,12.913374,74.8997264,11.7,343.0,6.312,0
08:20:34.376,24,102.0,932.0,2.0,21.0,11.61,83.1,17.0,18.8,18.4,12.9133777,74.8997221,11.8,342.5,6.345,0
08:20:34.438,24,102.0,932.0,2.0,21.0,11.47,83.1,17.0,18.8,18.4,12.9133804,74.899719,11.9,342.1,6.369,0
08:20:34.528,24,102.0,932.0,2.0,21.0,11.47,83.1,17.0,18.8,18.4,12.9133842,74.8997146,12.0,341.6,6.403,0
08:20:34.589,24,102.0,932.0,2.0,21.0,11.47,83.1,17.0,18.8,18.4,12.9133867,74.8997116,12.0,341.2,6.426,0
08:20:34.676,24,102.0,932.0,2.0,21.0,11.47,83.1,17.0,18.8,18.4,12.9133904,74.8997073,12.1,340.7,6.458,0
08:20:34.738,24,102.0,932.0,2.0,21.0,11.47,83.1,17.0,18.8,18.4,12.913393,74.8997043,12.1,340.4,6.482,0
08:20:34.826,24,102.0,932.0,2.0,21.0,11.47,83.1,17.0,18.8,18.4,12.9133968,74.8997,12.2,339.9,6.515,0
08:20:34.888,24,102.0,932.0,2.0,21.0,11.47,83.1,17.0,18.8,18.4,12.9133994,74.8996969,12.3,339.5,6.539,0
08:20:34.976,24,102.0,926.0,2.0,21.0,11.47,83.1,17.0,18.8,18.4,12.9134031,74.8996926,12.4,339.0,6.572,0
08:20:35.040,24,102.0,926.0,3.0,21.0,11.47,83.1,17.0,18.8,18.4,12.9134058,74.8996895,12.4,338.6,6.596,0
08:20:35.125,24,102.0,926.0,3.0,21.0,11.47,83.1,17.0,18.8,18.4,12.9134094,74.8996853,12.5,338.1,6.628,0
08:20:35.187,24,102.0,926.0,3.0,21.0,11.33,83.1,17.0,18.8,18.4,12.913412,74.8996823,12.5,337.7,6.651,0
08:20:35.277,24,102.0,926.0,3.0,21.0,11.33,83.1,17.0,18.8,18.4,12.9134158,74.8996778,12.6,337.2,6.685,0
08:20:35.338,24,102.0,926.0,3.0,21.0,11.33,83.1,17.0,18.8,18.4,12.9134184,74.8996748,12.7,336.9,6.708,0
08:20:35.429,24,102.0,926.0,3.0,21.0,11.33,83.1,17.0,18.0,18.4,12.9134222,74.8996704,12.8,336.3,6.743,0
08:20:35.490,24,102.0,926.0,3.0,21.0,11.33,83.1,17.0,18.0,17.3,12.9134248,74.8996674,12.8,336.0,6.766,0
08:20:35.577,24,102.0,926.0,3.0,21.0,11.33,83.1,17.0,18.0,17.3,12.9134285,74.8996631,12.9,335.5,6.799,0
08:20:35.638,24,102.0,926.0,3.0,21.0,11.33,83.1,17.0,18.0,17.3,12.9134311,74.8996601,12.9,335.1,6.822,0
08:20:35.729,24,102.0,933.0,3.0,21.0,11.33,83.1,17.0,18.0,17.3,12.9134349,74.8996556,13.0,334.6,6.856,0
08:20:35.790,24,102.0,933.0,3.0,21.0,11.33,83.1,17.0,18.0,17.3,12.9134375,74.8996526,13.1,334.2,6.879,0
08:20:35.876,24,102.0,933.0,3.0,21.0,11.33,83.1,17.0,18.0,17.3,12.9134411,74.8996484,13.1,333.7,6.912,0
08:20:35.967,24,102.0,933.0,3.0,21.0,11.97,83.1,17.0,18.0,17.3,12.913445,74.8996439,13.2,333.2,6.946,0
08:20:36.056,24,102.0,933.0,3.0,21.0,11.97,83.1,17.0,18.0,17.3,12.9134487,74.8996396,13.3,332.7,6.98,0
08:20:36.146,24,102.0,933.0,3.0,21.0,11.97,83.1,17.0,18.0,17.3,12.9134525,74.8996352,13.4,332.1,7.014,0
08:20:36.236,24,102.0,933.0,3.0,21.0,11.97,83.1,17.0,14.1,17.3,12.9134563,74.8996307,13.5,331.6,7.048,0
08:20:36.328,24,102.0,933.0,3.0,21.0,11.97,83.1,17.0,14.1,14.5,12.9134602,74.8996262,13.5,331.1,7.082,0
08:20:36.387,24,102.0,933.0,3.0,21.0,11.97,83.1,17.0,14.1,14.5,12.9134627,74.8996233,13.6,330.7,7.105,0
08:20:36.478,24,102.0,933.0,3.0,21.0,11.97,83.1,17.0,14.1,14.5,12.9134666,74.8996189,13.7,330.2,7.139,0
08:20:36.537,24,102.0,977.0,3.0,21.0,11.97,83.1,17.0,14.1,14.5,12.9134691,74.899616,13.7,329.9,7.161,0
08:20:36.629,24,102.0,977.0,3.0,21.0,11.97,83.1,17.0,14.1,14.5,12.9134729,74.8996114,13.8,329.3,7.196,0
08:20:36.688,24,102.0,977.0,3.0,22.0,11.97,83.1,17.0,14.1,14.5,12.9134754,74.8996085,13.9,329.0,7.218,0
08:20:36.776,24,102.0,977.0,3.0,22.0,11.3,83.1,17.0,14.1,14.5,12.9134792,74.8996042,13.9,328.5,7.252,0
08:20:36.838,24,102.0,977.0,3.0,22.0,11.3,83.1,17.0,14.1,14.5,12.9134818,74.8996012,14.0,328.1,7.275,0
08:20:36.927,24,102.0,977.0,3.0,22.0,11.3,83.1,17.0,14.1,14.5,12.9134855,74.8995968,14.1,327.6,7.309,0
08:20:36.995,24,102.0,977.0,3.0,22.0,11.3,83.1,17.0,14.1,14.5,12.9134884,74.8995935,14.1,327.2,7.334,0
08:20:37.076,24,102.0,977.0,3.0,22.0,11.3,83.1,17.0,14.1,14.5,12.9134918,74.8995895,14.2,326.7,7.365,0
08:20:37.137,24,102.0,977.0,3.0,22.0,11.3,83.1,17.0,14.1,14.5,12.9134944,74.8995865,14.3,326.3,7.388,0
08:20:37.227,24,102.0,977.0,3.0,22.0,11.3,83.1,17.0,14.1,14.5,12.9134982,74.8995821,14.3,325.8,7.422,0
08:20:37.287,24,102.0,963.0,3.0,22.0,11.3,83.1,17.0,14.1,14.5,12.9135008,74.8995791,14.4,325.5,7.445,0
08:20:37.377,24,102.0,963.0,2.0,22.0,11.3,83.1,17.0,14.1,14.5,12.9135046,74.8995747,14.5,324.9,7.479,0
08:20:37.438,24,102.0,963.0,2.0,21.0,11.3,83.1,17.0,14.1,14.5,12.9135071,74.8995717,14.5,324.6,7.502,0
08:20:37.526,24,102.0,963.0,2.0,21.0,11.24,83.1,17.0,14.1,14.5,12.9135109,74.8995674,14.6,324.1,7.535,0
08:20:37.587,24,102.0,963.0,2.0,21.0,11.24,83.1,17.0,14.1,14.5,12.9135134,74.8995644,14.6,323.7,7.558,0
08:20:37.677,24,102.0,963.0,2.0,21.0,11.24,83.1,17.0,14.1,14.5,12.9135172,74.89956,14.7,323.2,7.592,0
08:20:37.737,24,102.0,963.0,2.0,21.0,11.24,83.1,17.0,14.1,14.5,12.9135198,74.899557,14.8,322.8,7.615,0
08:20:37.829,24,102.0,963.0,2.0,21.0,11.24,83.1,17.0,14.1,14.5,12.9135237,74.8995525,14.9,322.3,7.649,0
08:20:37.889,24,102.0,963.0,2.0,21.0,11.24,83.1,17.0,14.1,14.5,12.9135262,74.8995496,14.9,321.9,7.672,0
08:20:37.976,24,102.0,963.0,2.0,21.0,11.24,83.1,17.0,14.1,14.5,12.9135299,74.8995453,15.0,321.4,7.705,0
08:20:38.037,24,102.0,959.0,2.0,21.0,11.24,83.1,17.0,14.1,14.5,12.9135324,74.8995423,15.0,321.1,7.728,0
08:20:38.126,24,102.0,959.0,2.0,21.0,11.24,83.1,17.0,14.1,14.5,12.9135362,74.8995379,15.1,320.6,7.762,0
08:20:38.187,24,102.0,959.0,2.0,21.0,11.24,83.1,17.0,14.1,14.5,12.9135388,74.8995349,15.2,320.2,7.785,0
08:20:38.278,24,102.0,959.0,2.0,21.0,11.63,83.1,17.0,14.1,14.5,12.9135426,74.8995305,15.3,319.7,7.819,0
08:20:38.337,24,102.0,959.0,2.0,21.0,11.63,83.1,17.0,14.1,14.5,12.9135451,74.8995276,15.3,319.3,7.841,0
08:20:38.426,24,102.0,959.0,2.0,21.0,11.63,83.1,17.0,14.1,14.5,12.9135489,74.8995232,15.4,318.8,7.875,0
08:20:38.487,24,102.0,959.0,2.0,21.0,11.63,83.1,17.0,14.1,14.5,12.9135515,74.8995202,15.4,318.5,7.898,0
08:20:38.577,24,102.0,959.0,2.0,21.0,11.63,83.1,17.0,14.1,14.5,12.9135553,74.8995158,15.5,317.9,7.932,0
08:20:38.637,24,102.0,959.0,2.0,21.0,11.63,83.1,17.0,14.1,14.5,12.9135578,74.8995128,15.6,317.6,7.955,0
08:20:38.757,24,102.0,959.0,2.0,21.0,11.63,83.1,17.0,14.1,14.5,12.9135629,74.8995069,15.7,316.9,8.0,0
08:20:38.846,24,102.0,1001.0,2.0,21.0,11.63,83.1,17.0,14.1,14.5,12.9135666,74.8995026,15.8,316.4,8.033,0
08:20:38.936,24,102.0,1001.0,2.0,21.0,11.63,83.1,17.0,14.1,14.5,12.9135704,74.8994981,15.8,315.8,8.067,0
08:20:39.027,24,102.0,1001.0,2.0,21.0,11.63,83.1,17.0,14.1,14.5,12.9135743,74.8994937,15.9,315.3,8.102,0
08:20:39.087,24,102.0,1001.0,2.0,21.0,11.36,83.1,17.0,14.1,14.5,12.9135768,74.8994907,16.0,314.9,8.124,0
08:20:39.176,24,102.0,1001.0,2.0,21.0,11.36,83.1,17.0,14.1,14.5,12.9135806,74.8994864,16.0,314.4,8.158,0
08:20:39.238,24,102.0,1001.0,2.0,21.0,11.36,83.1,17.0,14.1,14.5,12.9135832,74.8994833,16.1,314.1,8.182,0
08:20:39.327,24,102.0,1001.0,2.0,21.0,11.36,83.1,17.0,14.1,14.5,12.913587,74.8994789,16.2,313.5,8.215,0
08:20:39.389,24,102.0,1001.0,2.0,21.0,11.36,83.1,17.0,14.1,14.5,12.9135896,74.8994759,16.2,313.2,8.239,0
08:20:39.476,24,102.0,1001.0,2.0,21.0,11.36,83.1,17.0,14.1,14.5,12.9135932,74.8994716,16.3,312.7,8.271,0
08:20:39.538,24,102.0,1001.0,2.0,21.0,11.36,83.1,17.0,14.1,14.5,12.9135959,74.8994686,16.4,312.3,8.295,0
08:20:39.628,24,102.0,939.0,2.0,21.0,11.36,83.1,17.0,14.1,14.5,12.9135997,74.8994642,16.4,311.8,8.329,0
08:20:39.688,24,102.0,939.0,0.0,21.0,11.36,83.1,17.0,14.1,14.5,12.9136022,74.8994612,16.5,311.4,8.351,0
08:20:39.776,24,102.0,939.0,0.0,21.0,11.36,83.1,17.0,14.1,14.5,12.9136059,74.8994569,16.6,310.9,8.385,0
08:20:39.838,24,102.0,939.0,0.0,21.0,10.3,83.1,17.0,14.1,14.5,12.9136085,74.8994539,16.6,310.6,8.408,0
08:20:39.929,24,102.0,939.0,0.0,21.0,10.3,83.1,17.0,14.1,14.5,12.9136124,74.8994494,16.7,310.0,8.443,0
08:20:39.988,24,102.0,939.0,0.0,21.0,10.3,83.1,17.0,14.1,14.5,12.9136149,74.8994465,16.8,309.7,8.465,0
08:20:40.078,24,102.0,939.0,0.0,21.0,10.3,83.1,17.0,14.9,14.5,12.9136187,74.8994421,16.8,309.2,8.499,0
08:20:40.137,24,102.0,939.0,0.0,21.0,10.3,83.1,17.0,14.9,14.9,12.9136212,74.8994392,16.9,308.8,8.521,0
08:20:40.226,25,102.0,939.0,0.0,21.0,10.3,83.1,17.0,14.9,14.9,12.9136249,74.8994348,17.0,308.3,8.555,0
08:20:40.287,25,101.0,939.0,0.0,21.0,10.3,83.1,17.0,14.9,14.9,12.9136275,74.8994318,17.0,307.9,8.578,0
08:20:40.378,25,101.0,920.0,0.0,21.0,10.3,83.1,17.0,14.9,14.9,12.9136314,74.8994273,17.1,307.4,8.612,0
08:20:40.437,25,101.0,920.0,0.0,21.0,10.3,83.1,17.0,14.9,14.9,12.9136339,74.8994244,17.1,307.1,8.634,0
08:20:40.529,25,101.0,920.0,0.0,21.0,10.3,83.1,17.0,14.9,14.9,12.9136377,74.8994199,17.2,306.5,8.669,0
08:20:40.588,25,101.0,920.0,0.0,21.0,10.72,83.1,17.0,14.9,14.9,12.9136402,74.899417,17.3,306.2,8.691,0
08:20:40.677,25,101.0,920.0,0.0,21.0,10.72,83.1,17.0,14.9,14.9,12.913644,74.8994127,17.4,305.7,8.725,0
08:20:40.739,25,101.0,920.0,0.0,21.0,10.72,83.1,17.0,14.9,14.9,12.9136466,74.8994096,17.4,305.3,8.748,0
08:20:40.826,25,101.0,920.0,0.0,21.0,10.72,83.1,17.0,14.1,14.9,12.9136503,74.8994053,17.5,304.8,8.781,0
08:20:40.887,25,101.0,920.0,0.0,21.0,10.72,83.1,17.0,14.1,14.5,12.9136529,74.8994023,17.5,304.4,8.804,0
08:20:40.976,25,101.0,920.0,0.0,21.0,10.72,83.1,17.0,14.1,14.5,12.9136566,74.899398,17.6,303.9,8.838,0
08:20:41.046,25,101.0,920.0,0.0,21.0,10.72,83.1,17.0,14.1,14.5,12.9136596,74.8993945,17.7,303.5,8.864,0
08:20:41.127,25,101.0,964.0,0.0,21.0,10.72,83.1,17.0,14.1,14.5,12.913663,74.8993906,17.8,303.0,8.895,0
08:20:41.187,25,101.0,964.0,0.0,21.0,10.72,83.1,17.0,14.1,14.5,12.9136655,74.8993876,17.8,302.7,8.918,0
08:20:41.276,25,101.0,964.0,0.0,20.0,10.72,83.1,17.0,14.1,14.5,12.9136693,74.8993832,17.9,302.2,8.951,0
08:20:41.337,25,101.0,964.0,0.0,20.0,11.11,83.1,17.0,14.1,14.5,12.9136719,74.8993802,17.9,301.8,8.974,0
08:20:41.426,25,101.0,964.0,0.0,20.0,11.11,83.1,17.0,14.1,14.5,12.9136749,74.8993761,18.0,301.3,9.0,0
08:20:41.487,25,101.0,964.0,0.0,20.0,11.11,83.1,17.0,14.1,14.5,12.9136752,74.8993737,18.0,301.0,9.0,0
08:20:41.577,25,101.0,964.0,0.0,20.0,11.11,83.1,17.0,14.1,14.5,12.9136758,74.8993701,18.0,300.6,9.001,0
08:20:41.637,25,101.0,964.0,0.0,20.0,11.11,83.1,17.0,14.1,14.5,12.9136761,74.8993678,18.0,300.4,9.001,0
08:20:41.727,25,101.0,964.0,0.0,20.0,11.11,83.1,17.0,14.1,14.5,12.9136767,74.8993642,18.0,300.0,9.001,0
08:20:41.788,25,101.0,964.0,0.0,20.0,11.11,83.1,17.0,14.1,14.5,12.913677,74.8993618,18.0,299.7,9.001,0
08:20:41.877,25,101.0,952.0,0.0,20.0,11.11,83.1,17.0,14.1,14.5,12.9136776,74.8993583,18.0,299.3,9.002,0
08:20:41.937,25,101.0,952.0,0.0,20.0,11.11,83.1,17.0,14.1,14.5,12.9136779,74.8993559,18.0,299.0,9.002,0
08:20:42.027,25,101.0,952.0,0.0,21.0,11.11,83.1,17.0,14.1,14.5,12.9136785,74.8993524,18.1,298.6,9.002,0
08:20:42.086,25,101.0,952.0,0.0,21.0,11.11,83.1,17.0,14.1,14.5,12.9136788,74.8993501,18.1,298.4,9.002,0
08:20:42.176,25,101.0,952.0,0.0,21.0,11.11,83.1,17.0,14.1,14.5,12.9136794,74.8993465,18.1,298.0,9.002,0
08:20:42.237,25,101.0,952.0,0.0,21.0,11.11,83.1,17.0,14.1,14.5,12.9136797,74.8993441,18.1,297.7,9.003,0
08:20:42.328,25,101.0,952.0,0.0,21.0,11.11,83.1,17.0,14.1,14.5,12.9136803,74.8993405,18.1,297.3,9.003,0
08:20:42.388,25,101.0,952.0,0.0,21.0,11.11,83.1,17.0,14.1,14.5,12.9136806,74.8993382,18.1,297.0,9.003,0
08:20:42.478,25,101.0,952.0,0.0,21.0,11.11,83.1,17.0,14.1,14.5,12.9136812,74.8993346,18.1,296.6,9.003,0
08:20:42.539,25,101.0,952.0,0.0,21.0,11.11,83.1,17.0,14.1,14.5,12.9136815,74.8993322,18.1,296.3,9.004,0
08:20:42.627,25,101.0,949.0,0.0,21.0,11.11,83.1,17.0,14.1,14.5,12.9136821,74.8993287,18.1,296.0,9.004,0
08:20:42.688,25,101.0,949.0,0.0,21.0,11.11,83.1,17.0,14.1,14.5,12.9136824,74.8993263,18.1,295.7,9.004,0
08:20:42.777,25,101.0,949.0,0.0,21.0,11.11,83.1,17.0,14.1,14.5,12.913683,74.8993228,18.1,295.3,9.004,0
08:20:42.838,25,101.0,949.0,0.0,21.0,11.11,83.1,17.0,14.1,14.5,12.9136833,74.8993204,18.1,295.0,9.005,0
08:20:42.926,25,101.0,949.0,0.0,21.0,11.11,83.5,17.0,14.1,14.5,12.9136839,74.899317,18.1,294.6,9.005,0
08:20:42.988,25,101.0,949.0,0.0,21.0,11.11,83.5,17.0,14.1,14.5,12.9136842,74.8993145,18.1,294.3,9.005,0
08:20:43.077,25,101.0,949.0,0.0,21.0,11.11,83.5,17.0,14.1,14.5,12.9136848,74.899311,18.1,293.9,9.005,0
08:20:43.137,25,101.0,949.0,0.0,21.0,11.11,83.5,17.0,14.1,14.5,12.9136851,74.8993086,18.1,293.7,9.006,0
08:20:43.226,25,101.0,949.0,0.0,21.0,11.11,83.5,17.0,14.1,14.5,12.9136856,74.8993051,18.1,293.3,9.006,0
08:20:43.287,25,101.0,949.0,0.0,21.0,11.11,83.5,17.0,14.1,14.5,12.913686,74.8993027,18.2,293.0,9.006,0
08:20:43.379,25,101.0,948.0,0.0,21.0,11.11,83.5,17.0,14.1,14.5,12.9136866,74.8992991,18.2,292.6,9.006,0
08:20:43.437,25,101.0,948.0,0.0,21.0,11.11,83.5,17.0,14.1,14.5,12.9136869,74.8992968,18.2,292.3,9.007,0
08:20:43.526,25,101.0,948.0,0.0,21.0,11.11,83.5,17.0,14.1,14.5,12.9136874,74.8992933,18.2,291.9,9.007,0
08:20:43.588,25,101.0,948.0,0.0,21.0,10.63,83.5,17.0,14.1,14.5,12.9136878,74.8992909,18.2,291.7,9.007,0
08:20:43.678,25,101.0,948.0,0.0,21.0,10.63,83.5,17.0,14.1,14.5,12.9136883,74.8992873,18.2,291.3,9.007,0
08:20:43.738,25,101.0,948.0,0.0,21.0,10.63,83.5,17.0,14.1,14.5,12.9136887,74.8992849,18.2,291.0,9.008,0
08:20:43.830,25,101.0,948.0,0.0,21.0,10.63,83.5,17.0,14.9,14.5,12.9136893,74.8992813,18.2,290.6,9.008,0
08:20:43.892,25,101.0,948.0,0.0,21.0,10.63,83.5,17.0,14.9,14.5,12.9136896,74.8992789,18.2,290.3,9.008,0
08:20:43.977,25,101.0,948.0,0.0,21.0,10.63,83.5,17.0,14.9,14.5,12.9136901,74.8992755,18.2,289.9,9.008,0
08:20:44.037,25,101.0,948.0,0.0,21.0,10.63,83.5,17.0,14.9,14.5,12.9136905,74.8992732,18.2,289.7,9.008,0
08:20:44.127,25,101.0,931.0,0.0,21.0,10.63,83.5,17.0,14.9,14.5,12.913691,74.8992696,18.2,289.3,9.009,0
08:20:44.187,25,101.0,931.0,0.0,21.0,10.63,83.5,17.0,14.9,14.5,12.9136914,74.8992672,18.2,289.0,9.009,0
08:20:44.276,25,101.0,931.0,0.0,21.0,10.63,83.5,17.0,14.9,14.5,12.9136919,74.8992637,18.2,288.6,9.009,0
08:20:44.338,25,101.0,931.0,0.0,21.0,11.11,83.5,17.0,14.9,14.5,12.9136923,74.8992613,18.2,288.3,9.009,0
08:20:44.431,25,101.0,931.0,0.0,21.0,11.11,83.1,17.0,14.9,14.5,12.9136929,74.8992576,18.2,287.9,9.01,0
08:20:44.488,25,101.0,931.0,0.0,21.0,11.11,83.1,17.0,14.9,14.5,12.9136932,74.8992554,18.2,287.7,9.01,0
08:20:44.577,25,101.0,931.0,0.0,21.0,11.11,83.1,17.0,14.1,14.5,12.9136937,74.8992519,18.3,287.3,9.01,0
08:20:44.637,25,101.0,931.0,0.0,21.0,11.11,83.1,17.0,14.1,14.5,12.9136941,74.8992495,18.3,287.0,9.01,0
08:20:44.727,25,101.0,931.0,0.0,21.0,11.11,83.1,17.0,14.1,14.5,12.9136946,74.899246,18.3,286.6,9.011,0
08:20:44.787,25,101.0,931.0,0.0,21.0,11.11,83.1,17.0,14.1,14.5,12.913695,74.8992436,18.3,286.3,9.011,0
08:20:44.876,25,101.0,953.0,0.0,21.0,11.11,83.1,17.0,14.1,14.5,12.9136955,74.8992401,18.3,285.9,9.011,0
08:20:44.937,25,101.0,953.0,0.0,21.0,11.11,83.1,17.0,14.1,14.5,12.9136959,74.8992377,18.3,285.6,9.011,0
08:20:45.026,25,101.0,953.0,0.0,21.0,11.11,83.1,17.0,14.1,14.5,12.9136964,74.8992342,18.3,285.3,9.012,0
08:20:45.087,25,101.0,953.0,0.0,21.0,11.16,83.1,17.0,14.1,14.5,12.9136968,74.8992318,18.3,285.0,9.012,0
08:20:45.176,25,101.0,953.0,0.0,21.0,11.16,83.1,17.0,14.1,14.5,12.9136973,74.8992283,18.3,284.6,9.012,0
08:20:45.237,25,101.0,953.0,0.0,21.0,11.16,83.1,17.0,14.1,14.5,12.9136977,74.8992259,18.3,284.3,9.012,0
08:20:45.327,25,101.0,953.0,0.0,21.0,11.16,83.1,17.0,14.1,14.5,12.9136982,74.8992223,18.3,283.9,9.013,0
08:20:45.387,25,101.0,953.0,0.0,21.0,11.16,83.1,17.0,14.1,14.5,12.9136986,74.8992199,18.3,283.6,9.013,0
08:20:45.478,25,101.0,953.0,0.0,21.0,11.16,83.1,17.0,14.1,14.5,12.9136991,74.8992164,18.3,283.2,9.013,0
08:20:45.538,25,101.0,953.0,0.0,21.0,11.16,83.1,17.0,14.1,14.5,12.9136995,74.899214,18.3,283.0,9.013,0
08:20:45.629,25,101.0,950.0,0.0,21.0,11.16,83.1,17.0,14.1,14.5,12.9137,74.8992104,18.3,282.6,9.014,0
08:20:45.700,25,101.0,950.0,0.0,21.0,11.16,83.1,17.0,14.1,14.5,12.9137004,74.8992076,18.3,282.2,9.014,0
08:20:45.778,25,101.0,950.0,0.0,21.0,11.16,83.1,17.0,14.1,14.5,12.9137009,74.8992045,18.4,281.9,9.014,0
08:20:45.837,25,101.0,950.0,0.0,21.0,11.02,83.1,17.0,14.1,14.5,12.9137013,74.8992022,18.4,281.6,9.014,0
08:20:45.926,25,101.0,950.0,0.0,21.0,11.02,83.1,17.0,14.1,14.5,12.9137018,74.8991987,18.4,281.2,9.015,0
08:20:45.989,25,101.0,950.0,0.0,21.0,11.02,83.1,17.0,14.1,14.5,12.9137022,74.8991962,18.4,281.0,9.015,0
08:20:46.077,25,101.0,950.0,0.0,21.0,11.02,83.1,17.0,14.1,14.5,12.9137027,74.8991928,18.4,280.6,9.015,0
08:20:46.137,25,101.0,950.0,0.0,21.0,11.02,83.1,17.0,14.1,14.5,12.9137031,74.8991904,18.4,280.3,9.015,0
08:20:46.227,25,101.0,950.0,0.0,21.0,11.02,83.1,17.0,14.1,14.5,12.9137036,74.8991868,18.4,279.9,9.016,0
08:20:46.288,25,101.0,950.0,0.0,21.0,11.02,83.1,17.0,14.1,14.5,12.913704,74.8991844,18.4,279.6,9.016,0
08:20:46.376,25,101.0,936.0,0.0,21.0,11.02,83.1,17.0,14.1,14.5,12.9137045,74.899181,18.4,279.2,9.016,0
08:20:46.437,25,101.0,936.0,0.0,21.0,11.02,83.1,17.0,14.1,14.5,12.9137048,74.8991786,18.4,279.0,9.016,0
08:20:46.529,25,101.0,936.0,0.0,21.0,11.02,83.1,17.0,14.1,14.5,12.9137054,74.8991749,18.4,278.5,9.017,0
08:20:46.588,25,101.0,936.0,0.0,21.0,10.66,83.1,17.0,14.1,14.5,12.9137057,74.8991726,18.4,278.3,9.017,0
08:20:46.676,25,101.0,936.0,0.0,21.0,10.66,83.5,17.0,14.1,14.5,12.9137063,74.8991691,18.4,277.9,9.017,0
08:20:46.738,25,101.0,936.0,0.0,21.0,10.66,83.5,17.0,14.1,14.5,12.9137066,74.8991667,18.4,277.6,9.017,0
08:20:46.826,25,101.0,936.0,0.0,21.0,10.66,83.5,17.0,14.9,14.5,12.9137072,74.8991632,18.4,277.2,9.017,0
08:20:46.893,25,101.0,936.0,0.0,21.0,10.66,83.5,17.0,14.9,14.9,12.9137076,74.8991606,18.4,276.9,9.018,0
08:20:46.976,25,101.0,936.0,0.0,21.0,10.66,83.5,17.0,14.9,14.9,12.9137081,74.8991573,18.4,276.6,9.018,0
08:20:47.066,25,101.0,936.0,0.0,21.0,10.66,83.5,17.0,14.9,14.9,12.9137086,74.8991538,18.5,276.2,9.018,0
08:20:47.128,25,101.0,916.0,0.0,21.0,10.66,83.5,17.0,14.9,14.9,12.913709,74.8991513,18.5,275.9,9.018,0
08:20:47.188,25,101.0,916.0,1.0,21.0,10.66,83.5,17.0,14.9,14.9,12.9137093,74.899149,18.5,275.6,9.019,0
08:20:47.277,25,101.0,916.0,1.0,21.0,10.66,83.5,17.0,14.9,14.9,12.9137099,74.8991455,18.5,275.2,9.019,0
08:20:47.337,25,101.0,916.0,1.0,21.0,10.99,83.5,17.0,14.9,14.9,12.9137102,74.8991431,18.5,274.9,9.019,0
08:20:47.427,25,101.0,916.0,1.0,21.0,10.99,83.1,17.0,14.9,14.9,12.9137108,74.8991395,18.5,274.5,9.019,0
08:20:47.487,25,101.0,916.0,1.0,21.0,10.99,83.1,17.0,14.9,14.9,12.9137111,74.8991372,18.5,274.3,9.02,0
08:20:47.576,25,101.0,916.0,1.0,21.0,10.99,83.1,17.0,14.9,14.9,12.9137117,74.8991337,18.5,273.9,9.02,0
08:20:47.696,25,101.0,916.0,1.0,21.0,10.99,83.1,17.0,14.9,14.5,12.9137124,74.8991289,18.5,273.3,9.02,0
08:20:47.787,25,101.0,916.0,1.0,21.0,10.99,83.1,17.0,14.9,14.5,12.9137129,74.8991254,18.5,272.9,9.021,0
08:20:47.880,25,101.0,916.0,1.0,21.0,10.99,83.1,17.0,14.9,14.5,12.9137135,74.8991217,18.5,272.5,9.021,0
08:20:47.966,25,101.0,924.0,1.0,21.0,10.99,83.1,17.0,14.9,14.5,12.913714,74.8991183,18.5,272.1,9.021,0
08:20:48.028,25,101.0,924.0,2.0,21.0,10.99,83.1,17.0,14.9,14.5,12.9137144,74.8991159,18.5,271.9,9.021,0
08:20:48.116,25,101.0,924.0,2.0,21.0,10.99,83.1,17.0,14.9,14.5,12.9137149,74.8991124,18.5,271.5,9.022,0
08:20:48.206,25,101.0,924.0,2.0,21.0,11.02,83.1,17.0,14.9,14.5,12.9137154,74.8991088,18.5,271.1,9.022,0
08:20:48.267,25,101.0,924.0,2.0,21.0,11.02,83.1,17.0,14.9,14.5,12.9137158,74.8991064,18.6,270.8,9.022,0
08:20:48.329,25,101.0,924.0,2.0,21.0,11.02,83.1,17.0,14.9,14.5,12.9137162,74.899104,18.6,270.5,9.022,0
08:20:48.417,25,101.0,924.0,2.0,21.0,11.02,83.1,17.0,14.9,14.5,12.9137167,74.8991005,18.6,270.1,9.023,0
08:20:48.481,25,101.0,924.0,2.0,21.0,11.02,83.1,17.0,14.9,14.5,12.9137171,74.899098,18.6,269.8,9.023,0
08:20:48.567,26,101.0,924.0,2.0,21.0,11.02,83.1,17.0,14.9,14.5,12.9137176,74.8990946,18.6,269.5,9.023,0
08:20:48.629,26,101.0,924.0,2.0,21.0,11.02,83.1,17.0,14.9,14.5,12.913718,74.8990922,18.6,269.2,9.023,0
08:20:48.716,26,101.0,914.0,2.0,21.0,11.02,83.1,17.0,14.9,14.5,12.9137185,74.8990887,18.6,268.8,9.024,0
08:20:48.777,26,101.0,914.0,3.0,21.0,11.02,83.1,17.0,14.9,14.5,12.9137188,74.8990863,18.6,268.5,9.024,0
08:20:48.866,26,101.0,914.0,3.0,21.0,11.02,83.1,17.0,14.9,14.5,12.9137194,74.8990828,18.6,268.1,9.024,0
08:20:48.928,26,101.0,914.0,3.0,21.0,11.33,83.1,17.0,14.9,14.5,12.9137197,74.8990804,18.6,267.8,9.024,0
08:20:49.017,26,101.0,914.0,3.0,21.0,11.33,83.1,17.0,14.9,14.5,12.9137203,74.8990769,18.6,267.5,9.025,0
08:20:49.076,26,101.0,914.0,3.0,21.0,11.33,83.1,17.0,14.9,14.5,12.9137206,74.8990745,18.6,267.2,9.025,0
08:20:49.166,26,101.0,914.0,3.0,21.0,11.33,83.1,17.0,14.9,14.5,12.9137212,74.899071,18.6,266.8,9.025,0
08:20:49.227,26,101.0,914.0,3.0,21.0,11.33,83.1,17.0,14.9,14.5,12.9137215,74.8990686,18.6,266.5,9.025,0
08:20:49.316,26,101.0,914.0,3.0,21.0,11.33,83.1,17.0,14.9,14.5,12.9137221,74.8990651,18.6,266.1,9.026,0
08:20:49.378,26,102.0,914.0,3.0,21.0,11.33,83.1,17.0,14.9,14.5,12.9137224,74.8990626,18.6,265.8,9.026,0
08:20:49.466,26,102.0,867.0,3.0,21.0,11.33,83.1,17.0,14.9,14.5,12.913723,74.8990592,18.7,265.5,9.026,0
08:20:49.529,26,102.0,867.0,6.0,21.0,11.33,83.1,17.0,14.9,14.5,12.9137233,74.8990567,18.7,265.2,9.026,0
08:20:49.616,26,102.0,867.0,6.0,21.0,11.33,83.1,17.0,14.9,14.5,12.9137239,74.8990533,18.7,264.8,9.026,0
08:20:49.676,26,102.0,867.0,6.0,21.0,12.69,83.1,17.0,14.9,14.5,12.9137242,74.8990509,18.7,264.5,9.027,0
08:20:49.766,26,102.0,867.0,6.0,21.0,12.69,83.1,17.0,14.9,14.5,12.9137247,74.8990474,18.7,264.1,9.027,0
08:20:49.829,26,102.0,867.0,6.0,21.0,12.69,83.1,17.0,14.9,14.5,12.9137251,74.8990449,18.7,263.8,9.027,0
08:20:49.916,26,102.0,867.0,6.0,21.0,12.69,83.1,17.0,16.5,14.5,12.9137256,74.8990414,18.7,263.4,9.027,0
08:20:49.977,26,102.0,867.0,6.0,21.0,12.69,83.1,17.0,16.5,18.8,12.913726,74.899039,18.7,263.2,9.028,0
08:20:50.066,26,102.0,867.0,6.0,21.0,12.69,83.1,17.0,16.5,18.8,12.9137265,74.8990355,18.7,262.8,9.028,0
08:20:50.156,26,102.0,867.0,6.0,21.0,12.69,83.1,17.0,16.5,18.8,12.9137271,74.899032,18.7,262.4,9.028,0
08:20:50.247,26,102.0,1132.0,6.0,21.0,12.69,83.1,17.0,16.5,18.8,12.9137276,74.8990284,18.7,262.0,9.029,0
08:20:50.336,26,102.0,1132.0,9.0,21.0,12.69,83.1,17.0,16.5,18.8,12.9137282,74.8990249,18.7,261.6,9.029,0
08:20:50.427,26,102.0,1132.0,9.0,22.0,12.69,83.1,17.0,16.5,18.8,12.9137287,74.8990213,18.7,261.2,9.029,0
08:20:50.516,26,102.0,1132.0,9.0,22.0,20.77,83.1,17.0,16.5,18.8,12.9137292,74.8990178,18.7,260.8,9.029,0
08:20:50.578,26,102.0,1132.0,9.0,22.0,20.77,83.1,17.0,16.5,18.8,12.9137296,74.8990153,18.7,260.5,9.03,0
08:20:50.666,26,102.0,1132.0,9.0,22.0,20.77,83.1,17.0,16.5,18.8,12.9137301,74.8990119,18.7,260.1,9.03,0
08:20:50.727,26,102.0,1132.0,9.0,22.0,20.77,83.1,17.0,36.5,18.8,12.9137305,74.8990095,18.8,259.8,9.03,0
08:20:50.816,26,102.0,1132.0,9.0,22.0,20.77,83.1,17.0,36.5,37.6,12.913731,74.899006,18.8,259.4,9.03,0
08:20:50.880,26,102.0,1132.0,9.0,22.0,20.77,83.1,17.0,36.5,37.6,12.9137314,74.8990034,18.8,259.1,9.031,0
08:20:50.966,26,110.0,1132.0,9.0,22.0,20.77,83.1,17.0,36.5,37.6,12.9137319,74.8990001,18.8,258.8,9.031,0
08:20:51.029,26,110.0,1550.0,9.0,22.0,20.77,83.1,17.0,36.5,37.6,12.9137323,74.8989976,18.8,258.5,9.031,0
08:20:51.116,26,110.0,1550.0,14.0,22.0,20.77,83.1,17.0,36.5,37.6,12.9137328,74.8989941,18.8,258.1,9.031,0
08:20:51.177,26,110.0,1550.0,14.0,24.0,20.77,83.1,17.0,36.5,37.6,12.9137332,74.8989917,18.8,257.8,9.032,0
08:20:51.266,26,110.0,1550.0,14.0,24.0,27.24,83.1,17.0,36.5,37.6,12.9137337,74.8989882,18.8,257.4,9.032,0
08:20:51.328,26,110.0,1550.0,14.0,24.0,27.24,83.1,17.0,36.5,37.6,12.9137341,74.8989858,18.8,257.1,9.032,0
08:20:51.418,26,110.0,1550.0,14.0,24.0,27.24,83.1,17.0,36.5,37.6,12.9137346,74.8989822,18.8,256.7,9.032,0
08:20:51.477,26,110.0,1550.0,14.0,24.0,27.24,83.1,17.0,38.8,37.6,12.913735,74.8989799,18.8,256.5,9.032,0
08:20:51.566,26,110.0,1550.0,14.0,24.0,27.24,83.1,17.0,38.8,39.2,12.9137355,74.8989764,18.8,256.1,9.033,0
08:20:51.631,26,110.0,1550.0,14.0,24.0,27.24,83.1,17.0,38.8,39.2,12.9137359,74.8989738,18.8,255.8,9.033,0
08:20:51.718,26,123.0,1550.0,14.0,24.0,27.24,83.1,17.0,38.8,39.2,12.9137364,74.8989704,18.8,255.4,9.033,0
08:20:51.778,26,123.0,1830.0,14.0,24.0,27.24,83.1,17.0,38.8,39.2,12.9137368,74.898968,18.8,255.1,9.033,0
08:20:51.867,26,123.0,1830.0,16.0,24.0,27.24,83.1,17.0,38.8,39.2,12.9137373,74.8989645,18.8,254.7,9.034,0
08:20:51.930,26,123.0,1830.0,16.0,26.0,27.24,83.1,17.0,38.8,39.2,12.9137377,74.8989621,18.8,254.5,9.034,0
08:20:52.016,26,123.0,1830.0,16.0,26.0,27.97,83.1,17.0,38.8,39.2,12.9137382,74.8989587,18.9,254.1,9.034,0
08:20:52.077,26,123.0,1830.0,16.0,26.0,27.97,83.1,17.0,38.8,39.2,12.9137386,74.8989563,18.9,253.8,9.034,0
08:20:52.166,26,123.0,1830.0,16.0,26.0,27.97,83.1,17.0,38.8,39.2,12.9137391,74.8989528,18.9,253.4,9.035,0
08:20:52.228,26,123.0,1830.0,16.0,26.0,27.97,83.1,17.0,21.2,39.2,12.9137395,74.8989503,18.9,253.1,9.035,0
08:20:52.317,26,123.0,1830.0,16.0,26.0,27.97,83.1,17.0,21.2,14.5,12.91374,74.8989468,18.9,252.7,9.035,0
08:20:52.436,26,123.0,1830.0,16.0,26.0,27.97,83.1,17.0,21.2,14.5,12.9137407,74.8989421,18.9,252.2,9.036,0
08:20:52.528,26,108.0,1830.0,16.0,26.0,27.97,83.1,17.0,21.2,14.5,12.9137413,74.8989385,18.9,251.8,9.036,0
08:20:52.617,26,108.0,1487.0,16.0,26.0,27.97,83.1,17.0,21.2,14.5,12.9137418,74.898935,18.9,251.4,9.036,0
08:20:52.677,26,108.0,1487.0,17.0,26.0,27.97,83.1,17.0,21.2,14.5,12.9137422,74.8989326,18.9,251.1,9.036,0
08:20:52.767,26,108.0,1487.0,17.0,26.0,27.97,83.1,17.0,21.2,14.5,12.9137427,74.8989291,18.9,250.7,9.037,0
08:20:52.832,26,108.0,1487.0,17.0,26.0,11.99,83.1,17.0,21.2,14.5,12.9137431,74.8989265,18.9,250.4,9.037,0
08:20:52.916,26,108.0,1487.0,17.0,26.0,11.99,83.1,17.0,21.2,14.5,12.9137436,74.8989232,18.9,250.1,9.037,0
08:20:52.978,26,108.0,1487.0,17.0,26.0,11.99,83.1,17.0,21.2,14.5,12.913744,74.8989207,18.9,249.8,9.037,0
08:20:53.066,26,108.0,1487.0,17.0,26.0,11.99,83.1,17.0,19.2,14.5,12.9137445,74.8989173,18.9,249.4,9.038,0
08:20:53.127,26,108.0,1487.0,17.0,26.0,11.99,83.1,17.0,19.2,25.1,12.9137448,74.8989149,18.9,249.1,9.038,0
08:20:53.217,26,108.0,1487.0,17.0,26.0,11.99,83.1,17.0,19.2,25.1,12.9137454,74.8989113,19.0,248.7,9.038,0
08:20:53.278,26,108.0,1487.0,17.0,26.0,11.99,83.1,17.0,19.2,25.1,12.9137457,74.8989089,19.0,248.5,9.038,0
08:20:53.366,26,108.0,1307.0,17.0,26.0,11.99,83.1,17.0,19.2,25.1,12.9137463,74.8989055,19.0,248.1,9.039,0
08:20:53.427,26,108.0,1307.0,16.0,26.0,11.99,83.1,17.0,19.2,25.1,12.9137466,74.8989031,19.0,247.8,9.039,0
08:20:53.516,26,108.0,1307.0,16.0,22.0,11.99,83.1,17.0,19.2,25.1,12.9137472,74.8988995,19.0,247.4,9.039,0
08:20:53.577,26,108.0,1307.0,16.0,22.0,17.97,83.1,17.0,19.2,25.1,12.9137475,74.8988971,19.0,247.1,9.039,0
08:20:53.668,26,108.0,1307.0,16.0,22.0,17.97,83.1,17.0,19.2,25.1,12.9137481,74.8988936,19.0,246.7,9.04,0
08:20:53.727,26,108.0,1307.0,16.0,22.0,17.97,83.1,17.0,19.2,25.1,12.9137484,74.8988912,19.0,246.4,9.04,0
08:20:53.816,26,108.0,1307.0,16.0,22.0,17.97,83.1,17.0,23.5,25.1,12.9137476,74.8988874,19.0,246.1,9.047,0
08:20:53.879,26,108.0,1307.0,16.0,22.0,17.97,83.1,17.0,23.5,14.5,12.9137401,74.8988831,19.0,245.9,9.087,0
08:20:53.966,26,108.0,1307.0,16.0,22.0,17.97,83.1,17.0,23.5,14.5,12.9137298,74.8988772,19.0,245.7,9.142,0
08:20:54.028,26,103.0,1307.0,16.0,22.0,17.97,83.1,17.0,23.5,14.5,12.9137225,74.8988729,19.1,245.5,9.181,0
08:20:54.116,26,103.0,1026.0,16.0,22.0,17.97,83.1,17.0,23.5,14.5,12.9137121,74.8988669,19.1,245.2,9.236,0
08:20:54.177,26,103.0,1026.0,17.0,22.0,17.97,83.1,17.0,23.5,14.5,12.9137048,74.8988628,19.1,245.1,9.275,0
08:20:54.267,26,103.0,1026.0,17.0,23.0,17.97,83.1,17.0,23.5,14.5,12.9136942,74.8988566,19.1,244.8,9.331,0
08:20:54.330,26,103.0,1026.0,17.0,23.0,11.27,83.1,17.0,23.5,14.5,12.9136867,74.8988523,19.2,244.7,9.371,0
08:20:54.417,26,103.0,1026.0,17.0,23.0,11.27,83.1,17.0,23.5,14.5,12.9136764,74.8988464,19.2,244.4,9.426,0
08:20:54.478,26,103.0,1026.0,17.0,23.0,11.27,83.1,17.0,23.5,14.5,12.9136692,74.8988422,19.2,244.3,9.464,0
08:20:54.566,26,103.0,1026.0,17.0,23.0,11.27,83.1,17.0,14.1,14.5,12.9136588,74.8988362,19.2,244.0,9.52,0
08:20:54.629,26,103.0,1026.0,17.0,23.0,11.27,83.1,17.0,14.1,14.5,12.9136513,74.8988319,19.2,243.8,9.559,0
08:20:54.716,26,103.0,1026.0,17.0,23.0,11.27,83.1,17.0,14.1,14.5,12.913641,74.898826,19.3,243.6,9.614,0
08:20:54.778,26,103.0,1026.0,17.0,23.0,11.27,83.1,17.0,14.1,14.5,12.9136337,74.8988218,19.3,243.4,9.653,0
08:20:54.866,26,103.0,970.0,17.0,23.0,11.27,83.1,17.0,14.1,14.5,12.9136232,74.8988157,19.3,243.2,9.709,0
08:20:54.929,26,103.0,970.0,16.0,23.0,11.27,83.1,17.0,14.1,14.5,12.9136158,74.8988115,19.3,243.0,9.749,0
08:20:55.016,26,103.0,970.0,16.0,23.0,11.27,83.1,17.0,14.1,14.5,12.9136055,74.8988055,19.4,242.8,9.803,0
08:20:55.106,26,103.0,970.0,16.0,23.0,10.8,83.1,17.0,14.1,14.5,12.9135948,74.8987994,19.4,242.5,9.86,0
08:20:55.227,26,103.0,970.0,16.0,23.0,10.8,83.1,17.0,14.1,14.5,12.9135805,74.8987911,19.4,242.2,9.936,0
08:20:55.316,26,103.0,970.0,16.0,23.0,10.8,83.1,17.0,14.1,14.5,12.9135699,74.898785,19.4,242.0,9.993,0
08:20:55.377,26,103.0,970.0,16.0,23.0,10.8,83.1,17.0,14.1,14.5,12.9135627,74.8987809,19.5,241.8,10.031,0
08:20:55.470,26,103.0,970.0,16.0,23.0,10.8,83.1,17.0,14.1,14.5,12.9135517,74.8987745,19.5,241.5,10.09,0
08:20:55.527,26,103.0,970.0,16.0,23.0,10.8,83.1,17.0,14.1,14.5,12.9135449,74.8987706,19.5,241.4,10.126,0
08:20:55.616,26,102.0,970.0,16.0,23.0,10.8,83.1,17.0,14.1,14.5,12.9135344,74.8987646,19.5,241.1,10.182,0
08:20:55.677,26,102.0,950.0,16.0,23.0,10.8,83.1,17.0,14.1,14.5,12.9135272,74.8987604,19.5,241.0,10.22,0
08:20:55.766,26,102.0,950.0,15.0,23.0,10.8,83.1,17.0,14.1,14.5,12.9135166,74.8987543,19.6,240.7,10.276,0
08:20:55.828,26,102.0,950.0,15.0,21.0,10.8,83.1,17.0,14.1,14.5,12.9135093,74.8987501,19.6,240.5,10.315,0
08:20:55.916,26,102.0,950.0,15.0,21.0,10.69,83.1,17.0,14.1,14.5,12.9134989,74.8987441,19.6,240.3,10.371,0
08:20:55.978,26,102.0,950.0,15.0,21.0,10.69,83.1,17.0,14.1,14.5,12.9134915,74.8987399,19.6,240.1,10.41,0
08:20:56.066,26,102.0,950.0,15.0,21.0,10.69,83.1,17.0,14.1,14.5,12.9134811,74.8987339,19.7,239.9,10.465,0
08:20:56.127,26,102.0,950.0,15.0,21.0,10.69,83.1,17.0,14.1,14.5,12.9134739,74.8987297,19.7,239.7,10.504,0
08:20:56.216,26,102.0,950.0,15.0,21.0,10.69,83.1,17.0,14.1,14.5,12.9134633,74.8987236,19.7,239.5,10.56,0
08:20:56.278,27,102.0,950.0,15.0,21.0,10.69,83.1,17.0,14.1,14.5,12.913456,74.8987194,19.7,239.3,10.599,0
08:20:56.368,27,102.0,950.0,15.0,21.0,10.69,83.1,17.0,14.1,14.5,12.9134453,74.8987133,19.7,239.1,10.656,0
08:20:56.429,27,102.0,941.0,15.0,21.0,10.69,83.1,17.0,14.1,14.5,12.9134381,74.8987091,19.8,238.9,10.694,0
08:20:56.517,27,102.0,941.0,14.0,21.0,10.69,83.1,17.0,14.1,14.5,12.9134277,74.8987031,19.8,238.7,10.75,0
08:20:56.578,27,102.0,941.0,14.0,21.0,10.69,83.1,17.0,14.1,14.5,12.9134205,74.8986989,19.8,238.5,10.788,0
08:20:56.666,27,102.0,941.0,14.0,21.0,10.63,83.1,17.0,14.1,14.5,12.91341,74.8986929,19.8,238.2,10.844,0
08:20:56.728,27,102.0,941.0,14.0,21.0,10.63,83.1,17.0,14.1,14.5,12.9134027,74.8986887,19.8,238.1,10.883,0
08:20:56.817,27,102.0,941.0,14.0,21.0,10.63,83.1,17.0,14.1,14.5,12.9133922,74.8986826,19.9,237.8,10.939,0
08:20:56.879,27,102.0,941.0,14.0,21.0,10.63,83.1,17.0,14.1,14.5,12.9133848,74.8986784,19.9,237.7,10.978,0
08:20:56.967,27,102.0,941.0,14.0,21.0,10.63,83.1,17.0,14.1,14.1,12.9133744,74.8986724,19.9,237.4,11.033,0
08:20:57.030,27,102.0,941.0,14.0,21.0,10.63,83.1,17.0,14.1,14.1,12.9133669,74.8986681,19.9,237.2,11.073,0
08:20:57.116,27,102.0,941.0,14.0,21.0,10.63,83.1,17.0,14.1,14.1,12.9133568,74.8986622,20.0,237.0,11.127,0
08:20:57.177,27,102.0,938.0,14.0,21.0,10.63,83.1,17.0,14.1,14.1,12.9133495,74.898658,20.0,236.8,11.166,0
08:20:57.266,27,102.0,938.0,11.0,21.0,10.63,83.1,17.0,14.1,14.1,12.913339,74.898652,20.0,236.6,11.222,0
08:20:57.327,27,102.0,938.0,11.0,21.0,10.63,83.1,17.0,14.1,14.1,12.9133318,74.8986478,20.0,236.4,11.26,0
08:20:57.417,27,102.0,938.0,11.0,21.0,10.8,83.1,17.0,14.1,14.1,12.9133211,74.8986417,20.0,236.2,11.317,0
08:20:57.477,27,102.0,938.0,11.0,21.0,10.8,83.1,17.0,14.1,14.1,12.913314,74.8986376,20.1,236.0,11.355,0
08:20:57.566,27,102.0,938.0,11.0,21.0,10.8,83.1,17.0,14.1,14.1,12.9133035,74.8986315,20.1,235.8,11.411,0
08:20:57.629,27,102.0,938.0,11.0,21.0,10.8,83.1,17.0,14.1,14.1,12.913296,74.8986272,20.1,235.6,11.451,0
08:20:57.717,27,102.0,938.0,11.0,21.0,10.8,83.1,17.0,14.1,14.5,12.9132856,74.8986212,20.1,235.4,11.506,0
08:20:57.780,27,102.0,938.0,11.0,21.0,10.8,83.1,17.0,14.1,14.5,12.9132781,74.8986169,20.2,235.2,11.546,0
08:20:57.867,27,101.0,938.0,11.0,21.0,10.8,83.1,17.0,14.1,14.5,12.9132678,74.898611,20.2,234.9,11.601,0
08:20:57.931,27,101.0,937.0,11.0,21.0,10.8,83.1,17.0,14.1,14.5,12.9132602,74.8986066,20.2,234.8,11.641,0
08:20:58.016,27,101.0,937.0,8.0,21.0,10.8,83.1,17.0,14.1,14.5,12.9132502,74.8986008,20.2,234.5,11.695,0
08:20:58.077,27,101.0,937.0,8.0,21.0,10.8,83.1,17.0,14.1,14.5,12.9132429,74.8985966,20.2,234.4,11.733,0
08:20:58.166,27,101.0,937.0,8.0,21.0,10.69,83.1,17.0,14.1,14.5,12.9132324,74.8985906,20.3,234.1,11.789,0
08:20:58.227,27,101.0,937.0,8.0,21.0,10.69,83.1,17.0,14.1,14.5,12.9132252,74.8985864,20.3,234.0,11.828,0
08:20:58.316,27,101.0,937.0,8.0,21.0,10.69,83.1,17.0,14.1,14.5,12.9132146,74.8985803,20.3,233.7,11.884,0
08:20:58.377,27,101.0,937.0,8.0,21.0,10.69,83.1,17.0,14.1,14.5,12.9132074,74.8985762,20.3,233.5,11.922,0
08:20:58.467,27,101.0,937.0,8.0,21.0,10.69,83.1,17.0,14.1,14.5,12.9131967,74.89857,20.4,233.3,11.979,0
08:20:58.529,27,101.0,937.0,8.0,21.0,10.69,83.1,17.0,14.1,14.5,12.9131894,74.8985658,20.4,233.1,12.018,0
08:20:58.616,27,101.0,937.0,8.0,21.0,10.69,83.1,17.0,14.1,14.5,12.9131791,74.8985599,20.4,232.9,12.073,0
08:20:58.678,27,101.0,936.0,8.0,21.0,10.69,83.1,17.0,14.1,14.5,12.9131718,74.8985556,20.4,232.7,12.112,0
08:20:58.766,27,101.0,936.0,6.0,21.0,10.69,83.1,17.0,14.1,14.5,12.9131613,74.8985496,20.4,232.5,12.168,0
08:20:58.834,27,101.0,936.0,6.0,20.0,10.69,83.1,17.0,14.1,14.5,12.9131533,74.898545,20.5,232.3,12.21,0
08:20:58.916,27,101.0,936.0,6.0,20.0,10.55,83.1,17.0,14.1,14.5,12.9131436,74.8985394,20.5,232.1,12.262,0
08:20:58.977,27,101.0,936.0,6.0,20.0,10.55,83.5,17.0,14.1,14.5,12.9131363,74.8985352,20.5,231.9,12.301,0
08:20:59.067,27,101.0,936.0,6.0,20.0,10.55,83.5,17.0,14.1,14.5,12.9131257,74.8985291,20.5,231.6,12.357,0
08:20:59.127,27,101.0,936.0,6.0,20.0,10.55,83.5,17.0,14.1,14.5,12.9131186,74.898525,20.5,231.5,12.395,0
08:20:59.216,27,101.0,936.0,6.0,20.0,10.55,83.5,17.0,14.1,14.5,12.913108,74.8985189,20.6,231.2,12.451,0
08:20:59.280,27,101.0,936.0,6.0,20.0,10.55,83.5,17.0,14.1,14.5,12.9131005,74.8985145,20.6,231.1,12.492,0
08:20:59.367,27,101.0,936.0,6.0,20.0,10.55,83.5,17.0,14.1,14.5,12.9130902,74.8985086,20.6,230.8,12.546,0
08:20:59.429,27,101.0,935.0,6.0,20.0,10.55,83.5,17.0,14.1,14.5,12.9130828,74.8985044,20.6,230.7,12.586,0
08:20:59.516,27,101.0,935.0,5.0,20.0,10.55,83.5,17.0,14.1,14.5,12.9130725,74.8984984,20.7,230.4,12.64,0
08:20:59.578,27,101.0,935.0,5.0,21.0,10.55,83.5,17.0,14.1,14.5,12.9130652,74.8984942,20.7,230.2,12.68,0
08:20:59.667,27,101.0,935.0,5.0,21.0,10.47,83.5,17.0,14.1,14.5,12.9130546,74.8984881,20.7,230.0,12.736,0
08:20:59.731,27,101.0,935.0,5.0,21.0,10.47,83.1,17.0,14.1,14.5,12.913047,74.8984838,20.7,229.8,12.776,0
08:20:59.817,27,101.0,935.0,5.0,21.0,10.47,83.1,17.0,14.1,14.5,12.9130369,74.8984779,20.7,229.6,12.83,0
08:20:59.878,27,101.0,935.0,5.0,21.0,10.47,83.1,17.0,14.1,14.5,12.9130296,74.8984737,20.8,229.4,12.869,0
08:20:59.967,27,101.0,935.0,5.0,21.0,10.47,83.1,17.0,14.1,14.5,12.9130191,74.8984677,20.8,229.2,12.925,0
08:21:00.038,27,101.0,935.0,5.0,21.0,10.47,83.1,17.0,14.1,14.5,12.9130107,74.8984628,20.8,229.0,12.97,0
08:21:00.116,27,101.0,935.0,5.0,21.0,10.47,83.1,17.0,14.1,14.5,12.9130014,74.8984575,20.8,228.8,13.019,0
08:21:00.177,27,101.0,936.0,5.0,21.0,10.47,83.1,17.0,14.1,14.5,12.9129942,74.8984533,20.8,228.6,13.057,0
08:21:00.267,27,101.0,936.0,6.0,21.0,10.47,83.1,17.0,14.1,14.5,12.9129836,74.8984472,20.9,228.4,13.114,0
08:21:00.328,27,101.0,936.0,6.0,21.0,10.47,83.1,17.0,14.1,14.5,12.9129763,74.898443,20.9,228.2,13.152,0
08:21:00.417,27,101.0,936.0,6.0,21.0,10.66,83.1,17.0,14.1,14.5,12.9129658,74.898437,20.9,227.9,13.208,0
08:21:00.478,27,101.0,936.0,6.0,21.0,10.66,83.1,17.0,14.1,14.5,12.9129586,74.8984328,20.9,227.8,13.247,0
08:21:00.567,27,101.0,936.0,6.0,21.0,10.66,83.1,17.0,14.1,14.5,12.912948,74.8984267,21.0,227.5,13.303,0
08:21:00.627,27,101.0,936.0,6.0,21.0,10.66,83.1,17.0,14.1,14.5,12.9129409,74.8984226,21.0,227.4,13.341,0
08:21:00.718,27,101.0,936.0,6.0,21.0,10.66,83.1,17.0,14.1,14.5,12.9129301,74.8984164,21.0,227.1,13.398,0
08:21:00.778,27,101.0,936.0,6.0,21.0,10.66,83.1,17.0,14.1,14.5,12.912923,74.8984123,21.0,226.9,13.436,0
08:21:00.867,27,101.0,936.0,6.0,21.0,10.66,83.1,17.0,14.1,14.5,12.9129125,74.8984062,21.0,226.7,13.492,0
08:21:00.930,27,101.0,934.0,6.0,21.0,10.66,83.1,17.0,14.1,14.5,12.912905,74.8984019,21.1,226.5,13.532,0
08:21:01.018,27,101.0,934.0,6.0,21.0,10.66,83.1,17.0,14.1,14.5,12.9128946,74.8983959,21.1,226.3,13.587,0
08:21:01.078,27,101.0,934.0,6.0,21.0,10.66,83.1,17.0,14.1,14.5,12.9128875,74.8983918,21.1,226.1,13.625,0
08:21:01.167,27,101.0,934.0,6.0,21.0,10.41,83.1,17.0,14.1,14.5,12.912877,74.8983858,21.1,225.9,13.681,0
08:21:01.228,27,101.0,934.0,6.0,21.0,10.41,83.1,17.0,14.1,14.5,12.9128697,74.8983816,21.2,225.7,13.72,0
08:21:01.316,27,101.0,934.0,6.0,21.0,10.41,83.1,17.0,14.1,14.5,12.9128593,74.8983756,21.2,225.5,13.775,0
08:21:01.378,27,101.0,934.0,6.0,21.0,10.41,83.1,17.0,14.1,14.5,12.912852,74.8983714,21.2,225.3,13.814,0
08:21:01.467,27,101.0,934.0,6.0,21.0,10.41,83.1,17.0,14.1,14.5,12.9128414,74.8983653,21.2,225.1,13.87,0
08:21:01.528,27,101.0,934.0,6.0,21.0,10.41,83.1,17.0,14.1,14.5,12.9128342,74.8983611,21.2,224.9,13.909,0
08:21:01.618,27,101.0,934.0,6.0,21.0,10.41,83.1,17.0,14.1,14.5,12.9128235,74.898355,21.3,224.6,13.966,0
08:21:01.680,27,101.0,934.0,6.0,21.0,10.41,83.1,17.0,14.1,14.5,12.9128162,74.8983508,21.3,224.5,14.005,0
08:21:01.767,27,101.0,934.0,5.0,21.0,10.41,83.1,17.0,14.1,14.5,12.9128059,74.8983448,21.3,224.2,14.06,0
08:21:01.828,27,101.0,934.0,5.0,21.0,10.41,83.1,17.0,14.1,14.5,12.9127987,74.8983407,21.3,224.1,14.098,0
08:21:01.916,27,101.0,934.0,5.0,21.0,10.44,83.1,17.0,14.1,14.5,12.9127883,74.8983347,21.4,223.8,14.153,0
08:21:01.979,27,101.0,934.0,5.0,21.0,10.44,83.1,17.0,14.1,14.5,12.9127808,74.8983304,21.4,223.7,14.193,0
08:21:02.066,27,101.0,934.0,5.0,21.0,10.44,83.1,17.0,14.1,14.5,12.9127705,74.8983244,21.4,223.4,14.248,0
08:21:02.127,27,101.0,934.0,5.0,21.0,10.44,83.1,17.0,14.1,14.5,12.9127633,74.8983203,21.4,223.2,14.286,0
08:21:02.217,27,101.0,934.0,5.0,21.0,10.44,83.1,17.0,14.1,14.5,12.9127526,74.8983141,21.4,223.0,14.343,0
08:21:02.277,27,101.0,934.0,5.0,21.0,10.44,83.1,17.0,14.1,14.5,12.9127455,74.89831,21.5,222.8,14.381,0
08:21:02.367,27,101.0,934.0,5.0,21.0,10.44,83.1,17.0,14.1,14.5,12.9127348,74.8983039,21.5,222.6,14.438,0
08:21:02.427,27,101.0,931.0,5.0,21.0,10.44,83.1,17.0,14.1,14.5,12.9127277,74.8982998,21.5,222.4,14.476,0
08:21:02.516,27,101.0,931.0,7.0,21.0,10.44,83.1,17.0,14.1,14.5,12.9127172,74.8982937,21.5,222.2,14.532,0
08:21:02.578,27,101.0,931.0,7.0,21.0,10.44,83.1,17.0,14.1,14.5,12.9127098,74.8982895,21.5,222.0,14.571,0
08:21:02.670,27,101.0,931.0,7.0,21.0,10.47,83.1,17.0,14.1,14.5,12.912699,74.8982832,21.6,221.8,14.629,0
08:21:02.727,27,101.0,931.0,7.0,21.0,10.47,83.5,17.0,14.1,14.5,12.9126922,74.8982793,21.6,221.6,14.665,0
08:21:02.817,27,101.0,931.0,7.0,21.0,10.47,83.5,17.0,14.1,14.5,12.9126815,74.8982732,21.6,221.3,14.721,0
08:21:02.878,27,101.0,931.0,7.0,21.0,10.47,83.5,17.0,14.1,14.5,12.9126743,74.898269,21.6,221.2,14.76,0
08:21:02.967,27,101.0,931.0,7.0,21.0,10.47,83.5,17.0,14.1,14.5,12.9126638,74.8982629,21.7,220.9,14.816,0
08:21:03.030,27,101.0,931.0,7.0,21.0,10.47,83.5,17.0,14.1,14.5,12.9126563,74.8982586,21.7,220.8,14.856,0
08:21:03.116,27,101.0,931.0,7.0,21.0,10.47,83.5,17.0,14.1,14.5,12.9126461,74.8982528,21.7,220.5,14.91,0
08:21:03.178,27,101.0,936.0,7.0,21.0,10.47,83.5,17.0,14.1,14.5,12.9126388,74.8982485,21.7,220.4,14.949,0
08:21:03.267,27,101.0,936.0,9.0,21.0,10.47,83.5,17.0,14.1,14.5,12.9126282,74.8982425,21.7,220.1,15.005,0
08:21:03.327,27,101.0,936.0,9.0,21.0,10.47,83.5,17.0,14.1,14.5,12.9126211,74.8982384,21.8,219.9,15.043,0
08:21:03.417,27,101.0,936.0,9.0,21.0,10.55,83.5,17.0,14.1,14.5,12.9126105,74.8982322,21.8,219.7,15.1,0
08:21:03.480,27,101.0,936.0,9.0,21.0,10.55,83.1,17.0,14.1,14.5,12.912603,74.8982279,21.8,219.5,15.139,0
08:21:03.567,27,101.0,936.0,9.0,21.0,10.55,83.1,17.0,14.1,14.5,12.9125927,74.898222,21.8,219.3,15.194,0
08:21:03.630,27,101.0,936.0,9.0,21.0,10.55,83.1,17.0,14.1,14.5,12.9125853,74.8982177,21.8,219.1,15.234,0
08:21:03.716,27,101.0,936.0,9.0,21.0,10.55,83.1,17.0,14.1,14.5,12.9125751,74.8982118,21.9,218.9,15.288,0
08:21:03.778,28,101.0,936.0,9.0,21.0,10.55,83.1,17.0,14.1,14.5,12.9125677,74.8982076,21.9,218.7,15.327,0
08:21:03.869,28,101.0,936.0,9.0,21.0,10.55,83.1,17.0,14.1,14.5,12.9125569,74.8982014,21.9,218.5,15.385,0
08:21:03.933,28,101.0,933.0,9.0,21.0,10.55,83.1,17.0,14.1,14.5,12.9125494,74.898197,21.9,218.3,15.425,0
08:21:04.017,28,101.0,933.0,12.0,21.0,10.55,83.1,17.0,14.1,14.5,12.9125394,74.8981913,22.0,218.1,15.478,0
08:21:04.077,28,101.0,933.0,12.0,21.0,10.55,83.1,17.0,14.1,14.5,12.9125323,74.8981872,22.0,217.9,15.516,0
08:21:04.166,28,101.0,933.0,12.0,21.0,10.49,83.1,17.0,14.1,14.5,12.9125218,74.8981811,22.0,217.6,15.572,0
08:21:04.228,28,101.0,933.0,12.0,21.0,10.49,83.1,17.0,14.1,14.5,12.9125144,74.8981769,22.0,217.5,15.611,0
08:21:04.316,28,101.0,933.0,12.0,21.0,10.49,83.1,17.0,14.1,14.5,12.912504,74.8981709,22.0,217.2,15.666,0
08:21:04.381,28,101.0,933.0,12.0,21.0,10.49,83.1,17.0,14.1,14.5,12.9124963,74.8981664,22.1,217.1,15.707,0
08:21:04.468,28,101.0,933.0,12.0,21.0,10.49,83.1,17.0,14.1,14.5,12.912486,74.8981605,22.1,216.8,15.762,0
08:21:04.531,28,101.0,933.0,12.0,21.0,10.49,83.1,17.0,14.1,14.5,12.9124785,74.8981562,22.1,216.6,15.802,0
08:21:04.616,28,101.0,933.0,12.0,21.0,10.49,83.1,17.0,14.1,14.5,12.9124685,74.8981504,22.1,216.4,15.856,0
08:21:04.677,28,101.0,872.0,12.0,21.0,10.49,83.1,17.0,14.1,14.5,12.9124613,74.8981463,22.2,216.2,15.894,0
08:21:04.766,28,101.0,872.0,14.0,21.0,10.49,83.1,17.0,14.1,14.5,12.9124507,74.8981402,22.2,216.0,15.95,0
08:21:04.828,28,101.0,872.0,14.0,21.0,10.49,83.1,17.0,14.1,14.5,12.9124434,74.8981359,22.2,215.8,15.989,0
08:21:04.917,28,101.0,872.0,14.0,21.0,11.47,83.1,17.0,14.1,14.5,12.9124328,74.8981299,22.2,215.6,16.045,0
08:21:04.978,28,101.0,872.0,14.0,21.0,11.47,83.1,17.0,14.1,14.5,12.9124256,74.8981257,22.2,215.4,16.084,0
08:21:05.066,28,101.0,872.0,14.0,21.0,11.47,83.1,17.0,14.1,14.5,12.9124152,74.8981197,22.3,215.2,16.139,0
08:21:05.127,28,101.0,872.0,14.0,21.0,11.47,83.1,17.0,14.1,14.5,12.912408,74.8981155,22.3,215.0,16.178,0
08:21:05.217,28,101.0,872.0,14.0,21.0,11.47,83.1,17.0,14.1,14.5,12.9123973,74.8981094,22.3,214.8,16.235,0
08:21:05.278,28,101.0,872.0,14.0,21.0,11.47,83.1,17.0,14.1,14.5,12.9123901,74.8981052,22.3,214.6,16.273,0
08:21:05.367,28,101.0,872.0,14.0,21.0,11.47,83.1,17.0,14.1,14.5,12.9123795,74.8980992,22.4,214.3,16.329,0
08:21:05.428,28,101.0,1011.0,14.0,21.0,11.47,83.1,17.0,14.1,14.5,12.9123723,74.898095,22.4,214.2,16.368,0
08:21:05.516,28,101.0,1011.0,18.0,21.0,11.47,83.1,17.0,14.1,14.5,12.9123619,74.898089,22.4,213.9,16.423,0
08:21:05.578,28,101.0,1011.0,18.0,21.0,11.47,83.1,17.0,14.1,14.5,12.9123545,74.8980848,22.4,213.8,16.462,0
08:21:05.668,28,101.0,1011.0,18.0,21.0,11.86,83.1,17.0,14.1,14.5,12.9123439,74.8980786,22.4,213.5,16.519,0
08:21:05.731,28,101.0,1011.0,18.0,21.0,11.86,83.1,17.0,14.1,14.5,12.9123364,74.8980743,22.5,213.3,16.559,0
08:21:05.817,28,101.0,1011.0,18.0,21.0,11.86,83.1,17.0,14.1,14.5,12.9123262,74.8980685,22.5,213.1,16.613,0
08:21:05.878,28,101.0,1011.0,18.0,21.0,11.86,83.1,17.0,14.1,14.5,12.912319,74.8980643,22.5,212.9,16.651,0
08:21:05.968,28,101.0,1011.0,18.0,21.0,11.86,83.1,17.0,14.1,14.5,12.9123083,74.8980582,22.5,212.7,16.708,0
08:21:06.028,28,101.0,1011.0,18.0,21.0,11.86,83.1,17.0,14.1,14.5,12.9123012,74.8980541,22.5,212.5,16.746,0
08:21:06.116,28,101.0,1011.0,18.0,21.0,11.86,83.1,17.0,14.1,14.5,12.9122908,74.8980481,22.6,212.3,16.801,0
08:21:06.177,28,101.0,1082.0,18.0,21.0,11.86,83.1,17.0,14.1,14.5,12.9122836,74.8980439,22.6,212.1,16.84,0
08:21:06.267,28,101.0,1082.0,18.0,21.0,11.86,83.1,17.0,14.1,14.5,12.9122729,74.8980377,22.6,211.9,16.896,0
08:21:06.327,28,101.0,1082.0,18.0,22.0,11.86,83.1,17.0,14.1,14.5,12.9122658,74.8980337,22.6,211.7,16.934,0
08:21:06.417,28,101.0,1082.0,18.0,22.0,11.72,83.1,17.0,14.1,14.5,12.9122552,74.8980275,22.7,211.5,16.991,0
08:21:06.479,28,101.0,1082.0,18.0,22.0,11.72,83.1,17.0,14.1,14.5,12.9122478,74.8980233,22.7,211.3,17.03,0
08:21:06.567,28,101.0,1082.0,18.0,22.0,11.72,83.1,17.0,14.1,14.5,12.9122374,74.8980173,22.7,211.1,17.086,0
08:21:06.628,28,101.0,1082.0,18.0,22.0,11.72,83.1,17.0,21.2,14.5,12.9122302,74.8980131,22.7,210.9,17.124,0
08:21:06.717,28,101.0,1082.0,18.0,22.0,11.72,83.1,17.0,21.2,20.8,12.9122196,74.898007,22.7,210.6,17.18,0
08:21:06.778,28,101.0,1082.0,18.0,22.0,11.72,83.1,17.0,21.2,20.8,12.9122124,74.8980029,22.8,210.5,17.219,0
08:21:06.866,28,101.0,1082.0,18.0,22.0,11.72,83.1,17.0,21.2,20.8,12.912202,74.8979969,22.8,210.2,17.274,0
08:21:06.928,28,101.0,1135.0,18.0,22.0,11.72,83.1,17.0,21.2,20.8,12.9121946,74.8979926,22.8,210.1,17.313,0
08:21:07.017,28,101.0,1135.0,19.0,22.0,11.72,83.1,17.0,21.2,20.8,12.9121841,74.8979866,22.8,209.8,17.369,0
08:21:07.077,28,101.0,1135.0,19.0,22.0,11.72,83.1,17.0,21.2,20.8,12.912177,74.8979825,22.8,209.7,17.407,0
08:21:07.166,28,101.0,1135.0,19.0,22.0,13.13,83.1,17.0,21.2,20.8,12.9121665,74.8979764,22.9,209.4,17.463,0
08:21:07.228,28,101.0,1135.0,19.0,22.0,13.13,83.1,17.0,21.2,20.8,12.9121591,74.8979722,22.9,209.2,17.502,0
08:21:07.317,28,101.0,1135.0,19.0,22.0,13.13,83.1,17.0,21.2,20.8,12.9121486,74.8979661,22.9,209.0,17.558,0
08:21:07.378,28,101.0,1135.0,19.0,22.0,13.13,83.1,17.0,20.8,20.8,12.9121414,74.8979619,22.9,208.8,17.597,0
08:21:07.466,28,101.0,1135.0,19.0,22.0,13.13,83.1,17.0,20.8,20.4,12.9121309,74.8979559,23.0,208.6,17.652,0
08:21:07.528,28,101.0,1135.0,19.0,22.0,13.13,83.1,17.0,20.8,20.4,12.9121236,74.8979517,23.0,208.4,17.691,0
08:21:07.617,28,102.0,1135.0,19.0,22.0,13.13,83.1,17.0,20.8,20.4,12.9121132,74.8979454,23.0,208.2,17.734,0
08:21:07.679,28,102.0,1197.0,19.0,22.0,13.13,83.1,17.0,20.8,20.4,12.9121067,74.89794,22.9,208.3,17.706,0
08:21:07.767,28,102.0,1197.0,20.0,22.0,13.13,83.1,17.0,20.8,20.4,12.9120975,74.8979324,22.7,208.3,17.665,0
08:21:07.831,28,102.0,1197.0,20.0,23.0,13.13,83.1,17.0,20.8,20.4,12.9120907,74.8979268,22.6,208.4,17.635,0
08:21:07.916,28,102.0,1197.0,20.0,23.0,13.88,83.1,17.0,20.8,20.4,12.9120818,74.8979194,22.5,208.5,17.595,0
08:21:07.978,28,102.0,1197.0,20.0,23.0,13.88,83.1,17.0,20.8,20.4,12.9120753,74.897914,22.4,208.5,17.566,0
08:21:08.066,28,102.0,1197.0,20.0,23.0,13.88,83.1,17.0,20.8,20.4,12.9120661,74.8979063,22.2,208.6,17.525,0
08:21:08.127,28,102.0,1197.0,20.0,23.0,13.88,83.1,17.0,20.0,20.4,12.9120597,74.897901,22.1,208.6,17.497,0
08:21:08.216,28,102.0,1197.0,20.0,23.0,13.88,83.1,17.0,20.0,20.0,12.9120503,74.8978933,22.0,208.7,17.455,0
08:21:08.278,28,102.0,1197.0,20.0,23.0,13.88,83.1,17.0,20.0,20.0,12.9120438,74.8978879,21.9,208.8,17.427,0
08:21:08.367,28,103.0,1197.0,20.0,23.0,13.88,83.1,17.0,20.0,20.0,12.9120345,74.8978802,21.7,208.8,17.385,0
08:21:08.428,28,103.0,1254.0,20.0,23.0,13.88,83.1,17.0,20.0,20.0,12.912028,74.8978749,21.6,208.9,17.357,0
08:21:08.517,28,103.0,1254.0,21.0,23.0,13.88,83.1,17.0,20.0,20.0,12.9120187,74.8978671,21.5,209.0,17.315,0
08:21:08.636,28,103.0,1254.0,21.0,23.0,13.88,83.1,17.0,20.0,20.0,12.9120062,74.8978568,21.3,209.1,17.26,0
08:21:08.726,28,103.0,1254.0,21.0,23.0,14.22,83.1,17.0,20.0,20.0,12.9119968,74.8978489,21.2,209.1,17.218,0
08:21:08.817,28,103.0,1254.0,21.0,23.0,14.22,83.1,17.0,20.0,20.0,12.9119872,74.897841,21.0,209.2,17.176,0
08:21:08.878,28,103.0,1254.0,21.0,23.0,14.22,83.1,17.0,20.0,20.0,12.9119808,74.8978357,20.9,209.3,17.147,0
08:21:08.970,28,103.0,1254.0,21.0,23.0,14.22,83.1,17.0,20.0,20.0,12.9119711,74.8978277,20.8,209.3,17.104,0
08:21:09.033,28,103.0,1254.0,21.0,23.0,14.22,83.1,17.0,20.0,19.6,12.9119645,74.8978222,20.7,209.4,17.075,0
08:21:09.116,28,103.0,1254.0,21.0,23.0,14.22,83.1,17.0,20.0,19.6,12.9119558,74.897815,20.5,209.5,17.036,0
08:21:09.208,28,103.0,1254.0,21.0,23.0,14.22,83.1,17.0,20.0,19.6,12.9119461,74.897807,20.4,209.5,16.993,0
08:21:09.267,28,103.0,1303.0,21.0,23.0,14.22,83.1,17.0,20.0,19.6,12.9119399,74.8978019,20.3,209.6,16.966,0
08:21:09.327,28,103.0,1303.0,22.0,23.0,14.22,83.1,17.0,20.0,19.6,12.9119336,74.8977966,20.2,209.6,16.938,0
08:21:09.417,28,103.0,1303.0,22.0,23.0,14.22,83.1,17.0,20.0,19.6,12.9119242,74.8977888,20.0,209.7,16.896,0
08:21:09.479,28,103.0,1303.0,22.0,23.0,14.69,83.1,17.0,20.0,19.6,12.9119177,74.8977834,19.9,209.8,16.867,0
08:21:09.566,28,103.0,1303.0,22.0,23.0,14.69,83.1,17.0,20.0,19.6,12.9119085,74.8977759,19.8,209.8,16.827,0
08:21:09.627,28,103.0,1303.0,22.0,23.0,14.69,83.1,17.0,20.0,19.6,12.9119021,74.8977705,19.7,209.9,16.798,0
08:21:09.716,28,103.0,1303.0,22.0,23.0,14.69,83.1,17.0,19.6,19.6,12.9118928,74.8977628,19.5,209.9,16.757,0
08:21:09.777,28,103.0,1303.0,22.0,23.0,14.69,83.1,17.0,19.6,19.6,12.9118864,74.8977575,19.4,210.0,16.728,0
08:21:09.867,28,103.0,1303.0,22.0,23.0,14.69,83.1,17.0,19.6,19.6,12.9118769,74.8977497,19.3,210.1,16.687,0
08:21:09.930,28,103.0,1303.0,22.0,23.0,14.69,83.1,17.0,19.6,19.6,12.9118703,74.8977442,19.2,210.1,16.657,0
08:21:10.016,28,103.0,1342.0,22.0,23.0,14.69,83.1,17.0,19.6,19.6,12.9118613,74.8977367,19.0,210.2,16.617,0
08:21:10.077,28,103.0,1342.0,23.0,23.0,14.69,83.1,17.0,19.6,19.6,12.9118549,74.8977314,18.9,210.2,16.589,0
08:21:10.167,28,103.0,1342.0,23.0,23.0,14.69,83.1,17.0,19.6,19.6,12.9118454,74.8977236,18.8,210.3,16.547,0
08:21:10.287,28,103.0,1342.0,23.0,23.0,15.38,83.1,17.0,19.6,19.6,12.9118328,74.8977131,18.6,210.4,16.491,0
08:21:10.377,28,103.0,1342.0,23.0,23.0,15.38,83.1,17.0,19.6,19.6,12.9118234,74.8977053,18.4,210.5,16.449,0
08:21:10.467,28,103.0,1342.0,23.0,23.0,15.38,83.1,16.0,19.6,19.6,12.9118139,74.8976975,18.3,210.6,16.407,0
08:21:10.534,28,103.0,1342.0,23.0,23.0,15.38,83.1,16.0,14.1,19.6,12.9118069,74.8976916,18.2,210.6,16.376,0
08:21:10.616,28,103.0,1342.0,23.0,23.0,15.38,83.1,16.0,14.1,14.5,12.9117983,74.8976845,18.1,210.7,16.338,0
08:21:10.678,29,103.0,1342.0,23.0,23.0,15.38,83.1,16.0,14.1,14.5,12.9117918,74.8976791,18.0,210.7,16.309,0
08:21:10.768,29,104.0,1342.0,23.0,23.0,15.38,83.1,16.0,14.1,14.5,12.9117823,74.8976713,17.8,210.8,16.267,0
08:21:10.830,29,104.0,1357.0,23.0,23.0,15.38,83.1,16.0,14.1,14.5,12.9117758,74.8976659,17.7,210.9,16.238,0
08:21:10.917,29,104.0,1357.0,23.0,23.0,15.38,83.1,16.0,14.1,14.5,12.9117667,74.8976583,17.6,210.9,16.198,0
08:21:10.979,29,104.0,1357.0,23.0,23.0,15.38,83.1,16.0,14.1,14.5,12.9117602,74.8976529,17.5,211.0,16.169,0
08:21:11.066,29,104.0,1357.0,23.0,23.0,15.36,83.1,16.0,14.1,14.5,12.911751,74.8976454,17.3,211.1,16.128,0
08:21:11.127,29,104.0,1357.0,23.0,23.0,15.36,83.1,16.0,14.1,14.5,12.9117446,74.8976401,17.2,211.1,16.1,0
08:21:11.216,29,104.0,1357.0,23.0,23.0,15.36,83.1,16.0,14.1,14.5,12.9117353,74.8976323,17.1,211.2,16.058,0
08:21:11.278,29,104.0,1357.0,23.0,23.0,15.36,83.1,16.0,14.1,14.5,12.9117288,74.8976269,17.0,211.2,16.029,0
08:21:11.367,29,104.0,1357.0,23.0,23.0,15.36,83.1,16.0,14.1,14.5,12.9117194,74.8976192,16.8,211.3,15.988,0
08:21:11.428,29,104.0,1357.0,23.0,23.0,15.36,83.1,16.0,14.1,14.5,12.911713,74.8976139,16.7,211.4,15.96,0
08:21:11.516,29,104.0,1357.0,23.0,23.0,15.36,83.1,16.0,14.1,14.5,12.9117038,74.8976062,16.6,211.4,15.919,0
08:21:11.578,29,104.0,1384.0,23.0,23.0,15.36,83.1,16.0,14.1,14.5,12.9116973,74.8976008,16.5,211.5,15.89,0
08:21:11.667,29,104.0,1384.0,24.0,23.0,15.36,83.1,16.0,14.1,14.5,12.9116879,74.8975931,16.3,211.6,15.848,0
08:21:11.730,29,104.0,1384.0,24.0,23.0,15.36,83.1,16.0,14.1,14.5,12.9116813,74.8975876,16.2,211.6,15.819,0
08:21:11.817,29,104.0,1384.0,24.0,23.0,21.69,83.1,16.0,14.1,14.5,12.9116722,74.89758,16.1,211.7,15.778,0
08:21:11.878,29,104.0,1384.0,24.0,23.0,21.69,31.0,16.0,14.1,14.5,12.9116658,74.8975747,16.0,211.7,15.75,0
08:21:11.967,29,104.0,1384.0,24.0,23.0,21.69,31.0,16.0,14.1,14.5,12.9116564,74.897567,15.8,211.8,15.709,0
08:21:12.029,29,104.0,1384.0,24.0,23.0,21.69,31.0,16.0,14.1,14.5,12.9116499,74.8975616,15.7,211.9,15.68,0
08:21:12.116,29,104.0,1384.0,24.0,23.0,21.69,31.0,16.0,14.1,14.5,12.9116408,74.897554,15.6,211.9,15.639,0
08:21:12.177,29,104.0,1384.0,24.0,23.0,21.69,31.0,16.0,14.1,14.5,12.9116344,74.8975487,15.5,212.0,15.611,0
08:21:12.269,29,88.0,1384.0,24.0,23.0,21.69,31.0,16.0,14.1,14.5,12.9116247,74.8975407,15.3,212.1,15.568,0
08:21:12.328,29,88.0,1376.0,24.0,23.0,21.69,31.0,16.0,14.1,14.5,12.9116185,74.8975356,15.2,212.1,15.54,0
08:21:12.417,29,88.0,1376.0,24.0,23.0,21.69,31.0,16.0,14.1,14.5,12.9116092,74.8975278,15.1,212.2,15.499,0
08:21:12.478,29,88.0,1376.0,24.0,24.0,21.69,31.0,16.0,14.1,14.5,12.9116028,74.8975225,15.0,212.2,15.471,0
08:21:12.567,29,88.0,1376.0,24.0,24.0,16.41,31.0,16.0,14.1,14.5,12.9115934,74.8975148,14.8,212.3,15.429,0
08:21:12.629,29,88.0,1376.0,24.0,24.0,16.41,82.4,16.0,14.1,14.5,12.9115869,74.8975094,14.7,212.4,15.4,0
08:21:12.718,29,88.0,1376.0,24.0,24.0,16.41,82.4,16.0,14.1,14.5,12.9115776,74.8975017,14.6,212.4,15.359,0
08:21:12.779,29,88.0,1376.0,24.0,24.0,16.41,82.4,16.0,14.1,14.5,12.9115712,74.8974963,14.5,212.5,15.33,0
08:21:12.866,29,88.0,1376.0,24.0,24.0,16.41,82.4,16.0,14.1,14.5,12.911562,74.8974888,14.4,212.6,15.29,0
08:21:12.928,29,88.0,1376.0,24.0,24.0,16.41,82.4,16.0,14.1,14.5,12.9115555,74.8974834,14.3,212.6,15.261,0
08:21:13.017,29,99.0,1376.0,24.0,24.0,16.41,82.4,16.0,14.1,14.5,12.9115462,74.8974756,14.1,212.7,15.22,0
08:21:13.077,29,99.0,1329.0,24.0,24.0,16.41,82.4,16.0,14.1,14.5,12.9115399,74.8974704,14.0,212.7,15.192,0
08:21:13.166,29,99.0,1329.0,23.0,24.0,16.41,82.4,16.0,14.1,14.5,12.9115305,74.8974627,13.9,212.8,15.15,0
08:21:13.228,29,99.0,1329.0,23.0,24.0,16.41,82.4,16.0,14.1,14.5,12.911524,74.8974573,13.8,212.9,15.121,0
08:21:13.317,29,99.0,1329.0,23.0,24.0,14.44,82.4,16.0,14.1,14.5,12.9115147,74.8974495,13.6,212.9,15.08,0
08:21:13.379,29,99.0,1329.0,23.0,24.0,14.44,83.5,16.0,14.1,14.5,12.9115082,74.8974442,13.5,213.0,15.051,0
08:21:13.468,29,99.0,1329.0,23.0,24.0,14.44,83.5,16.0,14.1,14.5,12.9114988,74.8974364,13.4,213.1,15.01,0
08:21:13.528,29,99.0,1329.0,23.0,24.0,14.44,83.5,16.0,14.1,14.5,12.9114925,74.8974312,13.3,213.1,14.982,0
08:21:13.618,29,99.0,1329.0,23.0,24.0,14.44,83.5,16.0,14.1,14.5,12.9114831,74.8974234,13.1,213.2,14.94,0
08:21:13.680,29,99.0,1329.0,23.0,24.0,14.44,83.5,16.0,14.1,14.5,12.9114765,74.897418,13.0,213.2,14.911,0
08:21:13.767,29,102.0,1329.0,23.0,24.0,14.44,83.5,16.0,14.1,14.5,12.9114674,74.8974104,12.9,213.3,14.87,0
08:21:13.832,29,102.0,1266.0,23.0,24.0,14.44,83.5,16.0,14.1,14.5,12.9114606,74.8974047,12.8,213.4,14.84,0
08:21:13.917,29,102.0,1266.0,22.0,24.0,14.44,83.5,16.0,14.1,14.5,12.9114517,74.8973974,12.6,213.4,14.8,0
08:21:13.978,29,102.0,1266.0,22.0,22.0,14.44,83.5,16.0,14.1,14.5,12.9114453,74.897392,12.5,213.5,14.772,0
08:21:14.066,29,102.0,1266.0,22.0,22.0,13.63,83.5,16.0,14.1,14.5,12.911436,74.8973844,12.4,213.6,14.731,0
08:21:14.156,29,102.0,1266.0,22.0,22.0,13.63,83.5,16.0,14.1,14.5,12.9114266,74.8973766,12.2,213.6,14.689,0
08:21:14.247,29,102.0,1266.0,22.0,22.0,13.63,83.5,16.0,14.1,14.5,12.911417,74.8973686,12.1,213.7,14.647,0
08:21:14.337,29,102.0,1266.0,22.0,22.0,13.63,83.5,16.0,14.1,14.5,12.9114076,74.8973608,11.9,213.8,14.605,0
08:21:14.427,29,102.0,1266.0,22.0,22.0,13.63,83.5,16.0,14.1,14.5,12.9113981,74.897353,11.8,213.9,14.563,0
08:21:14.518,29,102.0,1266.0,22.0,22.0,13.63,83.5,16.0,14.1,14.5,12.9113886,74.8973451,11.6,213.9,14.521,0
08:21:14.607,29,103.0,1266.0,22.0,22.0,13.63,83.5,16.0,14.1,14.5,12.9113792,74.8973373,11.5,214.0,14.479,0
08:21:14.697,29,103.0,1186.0,22.0,22.0,13.63,83.5,16.0,14.1,14.5,12.9113698,74.8973295,11.3,214.1,14.437,0
08:21:14.786,29,103.0,1186.0,21.0,22.0,13.63,83.5,16.0,14.1,14.5,12.9113604,74.8973218,11.2,214.1,14.396,0
08:21:14.877,29,103.0,1186.0,21.0,23.0,13.63,83.5,16.0,14.1,14.5,12.9113509,74.8973138,11.1,214.2,14.353,0
08:21:14.967,29,103.0,1186.0,21.0,23.0,9.13,83.5,16.0,14.1,14.5,12.9113414,74.897306,10.9,214.3,14.311,0
08:21:15.059,29,103.0,1186.0,21.0,23.0,9.13,83.5,16.0,14.1,14.5,12.9113317,74.897298,10.8,214.4,14.269,0
08:21:15.146,29,103.0,1186.0,21.0,23.0,9.13,83.5,16.0,14.1,14.5,12.9113226,74.8972904,10.6,214.4,14.228,0
08:21:15.236,29,103.0,1186.0,21.0,23.0,9.13,83.5,16.0,14.1,14.5,12.9113132,74.8972826,10.5,214.5,14.186,0
08:21:15.328,29,103.0,1186.0,21.0,23.0,9.13,83.5,16.0,14.1,14.5,12.9113035,74.8972746,10.3,214.6,14.143,0
08:21:15.417,29,103.0,1186.0,21.0,23.0,9.13,83.5,16.0,14.1,14.5,12.9112942,74.8972669,10.2,214.7,14.102,0
08:21:15.568,29,102.0,1186.0,21.0,23.0,9.13,83.5,16.0,14.1,14.5,12.9112783,74.8972537,9.9,214.8,14.032,0
08:21:15.658,29,102.0,909.0,21.0,23.0,9.13,83.5,16.0,14.1,14.5,12.9112688,74.8972459,9.8,214.9,13.99,0
08:21:15.748,29,102.0,909.0,19.0,23.0,9.13,83.5,16.0,14.1,14.5,12.9112594,74.8972381,9.6,214.9,13.948,0
08:21:15.837,29,102.0,909.0,19.0,21.0,9.13,83.5,16.0,14.1,14.5,12.91125,74.8972303,9.5,215.0,13.906,0
08:21:15.927,29,102.0,909.0,19.0,21.0,10.41,83.5,16.0,14.1,14.5,12.9112406,74.8972225,9.3,215.1,13.864,0
08:21:16.017,29,102.0,909.0,19.0,21.0,10.41,83.5,16.0,14.1,14.5,12.9112311,74.8972147,9.2,215.2,13.822,0
08:21:16.107,29,102.0,909.0,19.0,21.0,10.41,83.5,16.0,14.1,14.5,12.9112217,74.8972068,9.0,215.2,13.78,0
08:21:16.197,29,102.0,909.0,19.0,21.0,10.41,83.5,16.0,14.1,14.5,12.9112122,74.897199,8.9,215.3,13.739,0
08:21:16.286,29,102.0,909.0,19.0,21.0,10.41,83.5,16.0,14.1,14.5,12.9112029,74.8971913,8.7,215.4,13.697,0
08:21:16.377,29,102.0,909.0,19.0,21.0,10.41,83.5,16.0,14.1,14.5,12.9111933,74.8971833,8.6,215.5,13.655,0
08:21:16.468,29,101.0,909.0,19.0,21.0,10.41,83.5,16.0,14.1,14.5,12.9111838,74.8971754,8.4,215.5,13.612,0
08:21:16.557,29,101.0,917.0,19.0,21.0,10.41,83.5,16.0,14.1,14.5,12.9111744,74.8971677,8.3,215.6,13.571,0
08:21:16.647,29,101.0,917.0,14.0,21.0,10.41,83.5,16.0,14.1,14.5,12.911165,74.8971599,8.1,215.7,13.529,0
08:21:16.736,29,101.0,917.0,14.0,20.0,10.41,83.5,16.0,14.1,14.5,12.9111556,74.8971521,8.0,215.8,13.488,0
08:21:16.827,29,101.0,917.0,14.0,20.0,10.44,83.5,16.0,14.1,14.5,12.9111461,74.8971442,7.8,215.8,13.445,0
08:21:16.917,29,101.0,917.0,14.0,20.0,10.44,83.5,16.0,14.1,14.5,12.9111366,74.8971364,7.7,215.9,13.403,0
08:21:17.040,29,101.0,917.0,14.0,20.0,10.44,83.5,16.0,14.1,14.5,12.9111237,74.8971257,7.5,216.0,13.346,0
08:21:17.126,29,101.0,917.0,14.0,20.0,10.44,83.5,16.0,14.1,14.5,12.9111147,74.8971182,7.4,216.1,13.306,0
08:21:17.217,29,101.0,917.0,14.0,20.0,10.44,83.5,16.0,14.1,14.5,12.9111051,74.8971103,7.2,216.2,13.264,0
08:21:17.308,29,101.0,917.0,14.0,20.0,10.44,83.5,16.0,14.1,14.5,12.9110956,74.8971024,7.1,216.2,13.221,0
08:21:17.398,29,101.0,917.0,14.0,20.0,10.44,83.5,16.0,14.1,14.5,12.9110861,74.8970945,6.9,216.3,13.179,0
08:21:17.487,29,101.0,925.0,14.0,20.0,10.44,83.5,16.0,14.1,14.5,12.9110768,74.8970868,6.8,216.4,13.138,0
08:21:17.577,29,101.0,925.0,10.0,20.0,10.44,83.5,16.0,14.1,14.5,12.9110673,74.897079,6.6,216.5,13.096,0
08:21:17.667,29,101.0,925.0,10.0,20.0,10.44,83.5,16.0,14.1,14.5,12.9110579,74.8970711,6.5,216.5,13.054,0
08:21:17.757,29,101.0,925.0,10.0,20.0,10.63,83.5,16.0,14.1,14.5,12.9110484,74.8970633,6.3,216.6,13.012,0
08:21:17.849,29,101.0,925.0,10.0,20.0,10.63,83.5,16.0,14.1,14.5,12.9110388,74.8970553,6.2,216.7,12.969,0
08:21:17.937,29,101.0,925.0,10.0,20.0,10.63,83.5,16.0,14.1,14.5,12.9110295,74.8970476,6.0,216.8,12.928,0
08:21:18.027,29,101.0,925.0,10.0,20.0,10.63,83.5,16.0,14.1,14.5,12.9110201,74.8970398,5.9,216.8,12.886,0
08:21:18.117,29,101.0,925.0,10.0,20.0,10.63,83.5,16.0,14.1,14.5,12.9110106,74.897032,5.7,216.9,12.844,0
08:21:18.207,29,101.0,925.0,10.0,20.0,10.63,83.5,16.0,14.1,14.5,12.9110012,74.8970242,5.6,217.0,12.802,0
08:21:18.297,29,101.0,925.0,10.0,20.0,10.63,83.5,16.0,14.1,14.5,12.9109917,74.8970163,5.4,217.1,12.761,0
08:21:18.387,29,101.0,926.0,10.0,20.0,10.63,83.5,16.0,14.1,14.5,12.9109823,74.8970085,5.3,217.1,12.719,0
08:21:18.477,29,101.0,926.0,6.0,20.0,10.63,83.5,16.0,14.1,14.5,12.9109728,74.8970007,5.1,217.2,12.677,0
08:21:18.567,29,101.0,926.0,6.0,21.0,10.63,83.5,16.0,14.1,14.5,12.9109634,74.8969928,5.0,217.3,12.635,0
08:21:18.657,29,101.0,926.0,6.0,21.0,10.27,83.5,16.0,14.1,14.5,12.9109539,74.896985,4.8,217.4,12.593,0
08:21:18.748,29,101.0,926.0,6.0,21.0,10.27,83.5,16.0,14.1,14.5,12.9109444,74.8969771,4.7,217.4,12.551,0
08:21:18.837,29,101.0,926.0,6.0,21.0,10.27,83.5,16.0,14.1,14.5,12.910935,74.8969693,4.5,217.5,12.509,0
08:21:18.927,29,101.0,926.0,6.0,21.0,10.27,83.5,16.0,14.5,14.5,12.9109256,74.8969615,4.4,217.6,12.467,0
08:21:19.016,29,101.0,926.0,6.0,21.0,10.27,83.5,16.0,14.5,15.7,12.9109162,74.8969538,4.3,217.7,12.426,0
08:21:19.106,29,101.0,926.0,6.0,21.0,10.27,83.5,16.0,14.5,15.7,12.9109068,74.8969459,4.1,217.7,12.384,0
08:21:19.197,29,101.0,926.0,6.0,21.0,10.27,83.5,16.0,14.5,15.7,12.9108972,74.896938,4.0,217.8,12.341,0
08:21:19.287,29,101.0,957.0,6.0,21.0,10.27,83.5,16.0,14.5,15.7,12.9108878,74.8969302,3.8,217.9,12.3,0
08:21:19.378,29,101.0,957.0,7.0,21.0,10.27,83.5,16.0,14.5,15.7,12.9108782,74.8969223,3.7,218.0,12.257,0
08:21:19.468,29,101.0,957.0,7.0,21.0,10.27,83.5,16.0,14.5,15.7,12.9108688,74.8969145,3.5,218.0,12.215,0
08:21:19.557,29,101.0,957.0,7.0,21.0,13.36,83.5,16.0,14.5,15.7,12.9108594,74.8969067,3.4,218.1,12.174,0
08:21:19.647,29,101.0,957.0,7.0,21.0,13.36,83.5,16.0,14.5,15.7,12.91085,74.8968989,3.2,218.2,12.132,0
08:21:19.737,29,101.0,957.0,7.0,21.0,13.36,83.5,16.0,14.5,15.7,12.9108405,74.8968911,3.1,218.3,12.09,0
08:21:19.826,29,101.0,957.0,7.0,21.0,13.36,83.5,16.0,24.7,15.7,12.9108312,74.8968833,2.9,218.3,12.049,0
08:21:19.917,29,101.0,957.0,7.0,21.0,13.36,83.5,16.0,24.7,26.3,12.9108216,74.8968754,2.8,218.4,12.006,0
08:21:20.008,30,101.0,957.0,7.0,21.0,13.36,83.5,16.0,24.7,26.3,12.9108121,74.8968675,2.6,218.5,11.964,0
08:21:20.097,30,99.0,957.0,7.0,21.0,13.36,83.5,16.0,24.7,26.3,12.9108027,74.8968597,2.5,218.6,11.922,0
08:21:20.187,30,99.0,1137.0,7.0,21.0,13.36,83.5,16.0,24.7,26.3,12.9107933,74.8968519,2.3,218.6,11.88,0
08:21:20.277,30,99.0,1137.0,10.0,21.0,13.36,83.5,16.0,24.7,26.3,12.9107838,74.8968441,2.2,218.7,11.838,0
08:21:20.367,30,99.0,1137.0,10.0,22.0,13.36,83.5,16.0,24.7,26.3,12.9107744,74.8968363,2.0,218.8,11.797,0
08:21:20.458,30,99.0,1137.0,10.0,22.0,14.99,83.5,16.0,24.7,26.3,12.9107648,74.8968283,1.9,218.8,11.754,0
08:21:20.548,30,99.0,1137.0,10.0,22.0,14.99,83.5,16.0,24.7,26.3,12.9107554,74.8968205,1.7,218.9,11.712,0
08:21:20.638,30,99.0,1137.0,10.0,22.0,14.99,83.5,16.0,24.7,26.3,12.9107459,74.8968127,1.6,219.0,11.67,0
08:21:20.726,30,99.0,1137.0,10.0,22.0,14.99,83.5,16.0,36.9,26.3,12.9107367,74.896805,1.4,219.1,11.629,0
08:21:20.817,30,99.0,1137.0,10.0,22.0,14.99,83.5,16.0,36.9,38.0,12.9107271,74.8967971,1.3,219.1,11.587,0
08:21:20.907,30,99.0,1137.0,10.0,22.0,14.99,83.5,16.0,36.9,38.0,12.9107177,74.8967893,1.1,219.2,11.545,0
08:21:20.997,30,102.0,1137.0,10.0,22.0,14.99,83.5,16.0,36.9,38.0,12.9107082,74.8967814,1.0,219.3,11.503,0
08:21:21.088,30,102.0,1565.0,10.0,22.0,14.99,83.5,16.0,36.9,38.0,12.9106987,74.8967735,0.8,219.4,11.461,0
08:21:21.177,30,102.0,1565.0,14.0,22.0,14.99,83.5,16.0,36.9,38.0,12.9106893,74.8967658,0.7,219.4,11.419,0
08:21:21.267,30,102.0,1565.0,14.0,24.0,14.99,83.5,16.0,36.9,38.0,12.9106799,74.896758,0.6,219.5,11.377,0
08:21:21.358,30,102.0,1565.0,14.0,24.0,23.8,83.5,16.0,36.9,38.0,12.9106703,74.89675,0.4,219.6,11.335,0
08:21:21.447,30,102.0,1565.0,14.0,24.0,23.8,83.5,16.0,36.9,38.0,12.910661,74.8967423,0.3,219.7,11.294,0
08:21:21.537,30,102.0,1565.0,14.0,24.0,23.8,83.5,16.0,36.9,38.0,12.9106515,74.8967345,0.1,219.7,11.252,0
08:21:21.627,30,102.0,1565.0,14.0,24.0,23.8,83.5,16.0,14.1,38.0,12.9106429,74.8967275,0.0,219.8,11.213,0
08:21:21.717,30,102.0,1565.0,14.0,24.0,23.8,83.5,16.0,14.1,14.5,12.9106368,74.8967232,0.1,219.8,11.182,0
08:21:21.807,30,102.0,1565.0,14.0,24.0,23.8,83.5,16.0,14.1,14.5,12.9106307,74.8967189,0.2,219.9,11.151,0
08:21:21.897,30,96.0,1565.0,14.0,24.0,23.8,83.5,16.0,14.1,14.5,12.9106247,74.8967145,0.2,219.9,11.121,0
08:21:21.987,30,96.0,943.0,14.0,24.0,23.8,83.5,16.0,14.1,14.5,12.9106186,74.8967102,0.3,220.0,11.09,0
08:21:22.076,30,96.0,943.0,15.0,24.0,23.8,83.5,16.0,14.1,14.5,12.9106126,74.8967059,0.4,220.0,11.06,0
08:21:22.166,30,96.0,943.0,15.0,25.0,23.8,83.5,16.0,14.1,14.5,12.9106066,74.8967016,0.4,220.0,11.03,0
08:21:22.256,30,96.0,943.0,15.0,25.0,17.33,83.5,16.0,14.1,14.5,12.9106005,74.8966973,0.5,220.1,10.999,0
08:21:22.346,30,96.0,943.0,15.0,25.0,17.33,79.6,16.0,14.1,14.5,12.9105944,74.896693,0.6,220.1,10.969,0
08:21:22.437,30,96.0,943.0,15.0,25.0,17.33,79.6,16.0,14.1,14.5,12.9105883,74.8966886,0.6,220.2,10.938,0
08:21:22.526,30,96.0,943.0,15.0,25.0,17.33,79.6,16.0,34.1,14.5,12.9105823,74.8966843,0.7,220.2,10.908,0
08:21:22.616,30,96.0,943.0,15.0,25.0,17.33,79.6,16.0,34.1,36.1,12.9105762,74.89668,0.8,220.2,10.877,0
08:21:22.708,30,96.0,943.0,15.0,25.0,17.33,79.6,16.0,34.1,36.1,12.91057,74.8966756,0.8,220.3,10.846,0
08:21:22.797,30,102.0,943.0,15.0,25.0,17.33,79.6,16.0,34.1,36.1,12.910564,74.8966713,0.9,220.3,10.816,0
08:21:22.887,30,102.0,1050.0,15.0,25.0,17.33,79.6,16.0,34.1,36.1,12.910558,74.896667,1.0,220.4,10.785,0
08:21:22.977,30,102.0,1050.0,17.0,25.0,17.33,79.6,16.0,34.1,36.1,12.9105519,74.8966626,1.1,220.4,10.755,0
08:21:23.066,30,102.0,1050.0,17.0,23.0,17.33,79.6,16.0,34.1,36.1,12.9105459,74.8966584,1.1,220.4,10.724,0
08:21:23.156,30,102.0,1050.0,17.0,23.0,19.05,79.6,16.0,34.1,36.1,12.9105398,74.896654,1.2,220.5,10.694,0
08:21:23.246,30,102.0,1050.0,17.0,23.0,19.05,83.5,16.0,34.1,36.1,12.9105338,74.8966497,1.3,220.5,10.663,0
08:21:23.337,30,102.0,1050.0,17.0,23.0,19.05,83.5,16.0,34.1,36.1,12.9105276,74.8966453,1.3,220.5,10.632,0
08:21:23.427,30,102.0,1050.0,17.0,23.0,19.05,83.5,16.0,36.1,36.1,12.9105216,74.896641,1.4,220.6,10.602,0
08:21:23.517,30,102.0,1050.0,17.0,23.0,19.05,83.5,16.0,36.1,35.7,12.9105155,74.8966367,1.5,220.6,10.571,0
08:21:23.607,30,102.0,1050.0,17.0,23.0,19.05,83.5,16.0,36.1,35.7,12.9105094,74.8966324,1.5,220.7,10.541,0
08:21:23.702,30,109.0,1050.0,17.0,23.0,19.05,83.5,16.0,36.1,35.7,12.910503,74.8966278,1.6,220.7,10.509,0
08:21:23.787,30,109.0,1249.0,17.0,23.0,19.05,83.5,16.0,36.1,35.7,12.9104973,74.8966237,1.7,220.7,10.48,0
08:21:23.877,30,109.0,1249.0,21.0,23.0,19.05,83.5,16.0,36.1,35.7,12.9104912,74.8966194,1.7,220.8,10.449,0
08:21:23.967,30,109.0,1249.0,21.0,24.0,19.05,83.5,16.0,36.1,35.7,12.9104852,74.8966151,1.8,220.8,10.419,0
08:21:24.057,30,109.0,1249.0,21.0,24.0,15.49,83.5,16.0,36.1,35.7,12.9104791,74.8966108,1.9,220.9,10.388,0
08:21:24.146,30,109.0,1249.0,21.0,24.0,15.49,83.5,16.0,36.1,35.7,12.9104731,74.8966065,2.0,220.9,10.358,0
08:21:24.237,30,109.0,1249.0,21.0,24.0,15.49,83.5,16.0,36.1,35.7,12.910467,74.8966021,2.0,220.9,10.327,0
08:21:24.327,30,109.0,1249.0,21.0,24.0,15.49,83.5,16.0,31.8,35.7,12.9104609,74.8965978,2.1,221.0,10.297,0
08:21:24.417,30,109.0,1249.0,21.0,24.0,15.49,83.5,16.0,31.8,31.0,12.9104548,74.8965935,2.2,221.0,10.266,0
08:21:24.508,30,109.0,1249.0,21.0,24.0,15.49,83.5,16.0,31.8,31.0,12.9104487,74.8965891,2.2,221.1,10.235,0
08:21:24.598,30,104.0,1249.0,21.0,24.0,15.49,83.5,16.0,31.8,31.0,12.9104426,74.8965848,2.3,221.1,10.205,0
08:21:24.717,30,104.0,1356.0,21.0,24.0,15.49,83.5,16.0,31.8,31.0,12.9104346,74.8965791,2.4,221.1,10.164,0
08:21:24.809,30,104.0,1356.0,23.0,24.0,15.49,83.5,16.0,31.8,31.0,12.9104284,74.8965746,2.5,221.2,10.133,0
08:21:24.897,30,104.0,1356.0,23.0,23.0,15.49,83.5,16.0,31.8,31.0,12.9104225,74.8965704,2.5,221.2,10.103,0
08:21:24.987,30,104.0,1356.0,23.0,23.0,15.49,83.5,16.0,31.8,31.0,12.9104164,74.8965661,2.6,221.3,10.073,0
08:21:25.076,30,104.0,1356.0,23.0,23.0,15.49,83.5,16.0,31.8,31.0,12.9104104,74.8965618,2.7,221.3,10.043,0
08:21:25.167,30,104.0,1356.0,23.0,23.0,15.49,83.5,16.0,31.8,31.0,12.9104043,74.8965574,2.7,221.3,10.012,0
08:21:25.257,30,104.0,1356.0,23.0,23.0,15.49,83.5,16.0,28.2,31.0,12.9103982,74.8965531,2.8,221.4,9.981,0
08:21:25.346,30,104.0,1356.0,23.0,23.0,15.49,83.5,16.0,28.2,28.2,12.9103922,74.8965488,2.9,221.4,9.951,0
08:21:25.437,30,104.0,1356.0,23.0,23.0,15.49,83.5,16.0,28.2,28.2,12.9103861,74.8965445,2.9,221.5,9.92,0
08:21:25.557,30,99.0,1356.0,23.0,23.0,15.49,83.5,16.0,28.2,28.2,12.910378,74.8965387,3.0,221.5,9.879,0
08:21:25.647,30,99.0,1418.0,23.0,23.0,15.49,83.5,16.0,28.2,28.2,12.9103719,74.8965344,3.1,221.5,9.849,0
08:21:25.737,30,99.0,1418.0,24.0,23.0,15.49,83.5,16.0,28.2,28.2,12.9103658,74.89653,3.2,221.6,9.818,0
08:21:25.827,30,99.0,1418.0,24.0,23.0,15.49,83.5,16.0,28.2,28.2,12.9103598,74.8965257,3.2,221.6,9.788,0
08:21:25.916,30,99.0,1418.0,24.0,23.0,15.38,83.5,16.0,28.2,28.2,12.9103538,74.8965214,3.3,221.7,9.758,0
08:21:26.007,30,99.0,1418.0,24.0,23.0,15.38,83.5,16.0,28.2,28.2,12.9103476,74.8965171,3.4,221.7,9.727,0
08:21:26.096,30,99.0,1418.0,24.0,23.0,15.38,83.5,16.0,28.2,28.2,12.9103416,74.8965128,3.5,221.7,9.697,0
08:21:26.187,30,99.0,1418.0,24.0,23.0,15.38,83.5,16.0,25.5,28.2,12.9103355,74.8965084,3.5,221.8,9.666,0
08:21:26.277,30,99.0,1418.0,24.0,23.0,15.38,83.5,16.0,25.5,24.3,12.9103294,74.8965041,3.6,221.8,9.635,0
08:21:26.367,30,99.0,1418.0,24.0,23.0,15.38,83.5,16.0,25.5,24.3,12.9103234,74.8964998,3.7,221.9,9.605,0
08:21:26.487,30,97.0,1418.0,24.0,23.0,15.38,83.5,16.0,25.5,24.3,12.9103153,74.896494,3.8,221.9,9.564,0
08:21:26.577,30,97.0,1443.0,24.0,23.0,15.38,83.5,16.0,25.5,24.3,12.9103092,74.8964897,3.8,221.9,9.533,0
08:21:26.667,30,97.0,1443.0,25.0,23.0,15.38,83.5,16.0,25.5,24.3,12.9103032,74.8964854,3.9,222.0,9.503,0
08:21:26.757,30,97.0,1443.0,25.0,23.0,15.38,83.5,16.0,25.5,24.3,12.9102971,74.896481,4.0,222.0,9.472,0
08:21:26.848,30,97.0,1443.0,25.0,23.0,15.02,83.5,16.0,25.5,24.3,12.910291,74.8964767,4.0,222.1,9.441,0
08:21:26.937,30,97.0,1443.0,25.0,23.0,15.02,83.5,16.0,25.5,24.3,12.910285,74.8964724,4.1,222.1,9.411,0
08:21:27.027,30,97.0,1443.0,25.0,23.0,15.02,83.5,16.0,25.5,24.3,12.9102789,74.8964681,4.2,222.1,9.381,0
08:21:27.117,30,97.0,1443.0,25.0,23.0,15.02,83.5,16.0,24.3,24.3,12.9102728,74.8964638,4.2,222.2,9.35,0
08:21:27.207,30,97.0,1443.0,25.0,23.0,15.02,83.5,16.0,24.3,23.9,12.9102668,74.8964594,4.3,222.2,9.32,0
08:21:27.297,30,97.0,1443.0,25.0,23.0,15.02,83.5,16.0,24.3,23.9,12.9102607,74.8964551,4.4,222.3,9.289,0
08:21:27.388,30,96.0,1443.0,25.0,23.0,15.02,83.5,16.0,24.3,23.9,12.9102546,74.8964507,4.4,222.3,9.258,0
08:21:27.477,30,96.0,1419.0,25.0,23.0,15.02,83.5,16.0,24.3,23.9,12.9102486,74.8964465,4.5,222.3,9.228,0
08:21:27.568,30,96.0,1419.0,24.0,23.0,15.02,83.5,16.0,24.3,23.9,12.9102424,74.8964421,4.6,222.4,9.197,0
08:21:27.657,30,96.0,1419.0,24.0,23.0,15.02,83.5,16.0,24.3,23.9,12.9102364,74.8964378,4.7,222.4,9.167,0
08:21:27.747,30,96.0,1419.0,24.0,23.0,14.61,83.5,16.0,24.3,23.9,12.9102304,74.8964335,4.7,222.4,9.136,0
08:21:27.837,30,96.0,1419.0,24.0,23.0,14.61,83.5,16.0,24.3,23.9,12.9102243,74.8964292,4.8,222.5,9.106,0
08:21:27.927,30,96.0,1419.0,24.0,23.0,14.61,83.5,16.0,24.3,23.9,12.9102182,74.8964248,4.9,222.5,9.075,0
08:21:28.020,30,96.0,1419.0,24.0,23.0,14.61,83.5,16.0,24.3,23.9,12.910212,74.8964204,4.9,222.6,9.044,0
08:21:28.107,30,96.0,1419.0,24.0,23.0,14.61,83.5,16.0,24.3,24.3,12.9102061,74.8964162,5.0,222.6,9.014,0
08:21:28.197,30,96.0,1419.0,24.0,23.0,14.61,83.5,16.0,24.3,24.3,12.9102,74.8964119,5.1,222.6,8.984,0
08:21:28.287,30,96.0,1419.0,24.0,23.0,14.61,83.5,16.0,24.3,24.3,12.910194,74.8964075,5.1,222.7,8.953,0
08:21:28.377,30,96.0,1400.0,24.0,23.0,14.61,83.5,16.0,24.3,24.3,12.9101879,74.8964032,5.2,222.7,8.923,0
08:21:28.468,30,96.0,1400.0,24.0,23.0,14.61,83.5,16.0,24.3,24.3,12.9101818,74.8963988,5.3,222.8,8.892,0
08:21:28.558,30,96.0,1400.0,24.0,22.0,14.61,83.5,16.0,24.3,24.3,12.9101757,74.8963945,5.3,222.8,8.861,0
08:21:28.647,30,96.0,1400.0,24.0,22.0,14.58,83.5,16.0,24.3,24.3,12.9101697,74.8963902,5.4,222.8,8.831,0
08:21:28.737,30,96.0,1400.0,24.0,22.0,14.58,83.5,16.0,24.3,24.3,12.9101636,74.8963859,5.5,222.9,8.801,0
08:21:28.828,30,96.0,1400.0,24.0,22.0,14.58,83.5,16.0,24.3,24.3,12.9101575,74.8963816,5.6,222.9,8.77,0
08:21:28.917,30,96.0,1400.0,24.0,22.0,14.58,83.5,16.0,24.3,24.3,12.9101515,74.8963773,5.6,222.9,8.74,0
08:21:29.007,30,96.0,1400.0,24.0,22.0,14.58,83.5,16.0,24.3,24.3,12.9101454,74.896373,5.7,223.0,8.709,0
08:21:29.097,30,96.0,1400.0,24.0,22.0,14.58,83.5,16.0,24.3,24.3,12.9101394,74.8963686,5.8,223.0,8.678,0
08:21:29.187,30,96.0,1400.0,24.0,22.0,14.58,83.5,16.0,24.3,24.3,12.9101333,74.8963643,5.8,223.1,8.648,0
08:21:29.277,30,96.0,1416.0,24.0,22.0,14.58,83.5,16.0,24.3,24.3,12.9101272,74.89636,5.9,223.1,8.617,0
08:21:29.369,30,96.0,1416.0,24.0,22.0,14.58,83.5,16.0,24.3,24.3,12.910121,74.8963556,6.0,223.1,8.586,0
08:21:29.459,30,96.0,1416.0,24.0,22.0,14.58,83.5,16.0,24.3,24.3,12.910115,74.8963512,6.0,223.2,8.556,0
08:21:29.547,30,96.0,1416.0,24.0,22.0,14.91,83.5,16.0,24.3,24.3,12.910109,74.896347,6.1,223.2,8.526,0
08:21:29.637,30,96.0,1416.0,24.0,22.0,14.91,83.5,16.0,24.3,24.3,12.910103,74.8963427,6.2,223.3,8.495,0
08:21:29.727,30,96.0,1416.0,24.0,22.0,14.91,83.5,16.0,24.3,24.3,12.9100969,74.8963384,6.2,223.3,8.465,0
08:21:29.817,30,96.0,1416.0,24.0,22.0,14.91,83.5,16.0,24.3,24.3,12.9100908,74.896334,6.3,223.3,8.434,0
08:21:29.909,30,96.0,1416.0,24.0,22.0,14.91,83.5,16.0,24.3,24.7,12.9100846,74.8963296,6.4,223.4,8.403,0
08:21:29.997,30,96.0,1416.0,24.0,22.0,14.91,83.5,16.0,24.3,24.7,12.9100787,74.8963254,6.5,223.4,8.373,0
08:21:30.087,30,96.0,1416.0,24.0,22.0,14.91,83.5,16.0,24.3,24.7,12.9100726,74.8963211,6.5,223.5,8.343,0
08:21:30.177,30,96.0,1380.0,24.0,22.0,14.91,83.5,16.0,24.3,24.7,12.9100666,74.8963167,6.6,223.5,8.312,0
08:21:30.267,30,96.0,1380.0,23.0,22.0,14.91,83.5,16.0,24.3,24.7,12.9100605,74.8963124,6.7,223.5,8.282,0
08:21:30.357,30,96.0,1380.0,23.0,22.0,14.91,83.5,16.0,24.3,24.7,12.9100544,74.8963081,6.7,223.6,8.251,0
08:21:30.477,30,96.0,1380.0,23.0,22.0,14.19,83.5,16.0,24.3,24.7,12.9100463,74.8963023,6.8,223.6,8.21,0
08:21:30.599,30,96.0,1380.0,23.0,22.0,14.19,83.5,16.0,24.3,24.7,12.9100381,74.8962965,6.9,223.7,8.169,0
08:21:30.687,30,96.0,1380.0,23.0,22.0,14.19,83.5,16.0,24.3,24.7,12.9100322,74.8962922,7.0,223.7,8.139,0
08:21:30.777,30,96.0,1380.0,23.0,22.0,14.19,83.5,16.0,24.7,24.7,12.9100261,74.8962879,7.1,223.8,8.109,0
08:21:30.868,30,96.0,1380.0,23.0,22.0,14.19,83.5,16.0,24.7,24.7,12.91002,74.8962835,7.1,223.8,8.078,0
08:21:30.957,31,96.0,1380.0,23.0,22.0,14.19,83.5,16.0,24.7,24.7,12.910014,74.8962793,7.2,223.8,8.048,0
08:21:31.047,31,96.0,1380.0,23.0,22.0,14.19,83.5,16.0,24.7,24.7,12.9100079,74.8962749,7.3,223.9,8.017,0
08:21:31.137,31,96.0,1329.0,23.0,22.0,14.19,83.5,16.0,24.7,24.7,12.9100018,74.8962706,7.3,223.9,7.986,0
08:21:31.227,31,96.0,1329.0,22.0,22.0,14.19,83.5,16.0,24.7,24.7,12.9099958,74.8962663,7.4,223.9,7.956,0
08:21:31.317,31,96.0,1329.0,22.0,22.0,14.19,83.5,16.0,24.7,24.7,12.9099897,74.896262,7.5,224.0,7.925,0
08:21:31.407,31,96.0,1329.0,22.0,22.0,13.58,83.5,16.0,24.7,24.7,12.9099836,74.8962577,7.5,224.0,7.895,0
08:21:31.498,31,96.0,1329.0,22.0,22.0,13.58,83.5,16.0,24.7,24.7,12.9099775,74.8962533,7.6,224.1,7.864,0
08:21:31.587,31,96.0,1329.0,22.0,22.0,13.58,83.5,16.0,24.7,24.7,12.9099715,74.896249,7.7,224.1,7.834,0
08:21:31.677,31,96.0,1329.0,22.0,22.0,13.58,83.5,16.0,24.7,24.7,12.9099654,74.8962447,7.7,224.1,7.803,0
08:21:31.768,31,96.0,1329.0,22.0,22.0,13.58,83.5,16.0,24.7,24.3,12.9099593,74.8962403,7.8,224.2,7.772,0
08:21:31.858,31,96.0,1329.0,22.0,22.0,13.58,83.5,16.0,24.7,24.3,12.9099532,74.896236,7.9,224.2,7.742,0
08:21:31.947,31,96.0,1329.0,22.0,22.0,13.58,83.5,16.0,24.7,24.3,12.9099472,74.8962317,8.0,224.3,7.712,0
08:21:32.038,31,96.0,1291.0,22.0,22.0,13.58,83.5,16.0,24.7,24.3,12.9099411,74.8962273,8.0,224.3,7.681,0
08:21:32.126,31,96.0,1291.0,22.0,22.0,13.58,83.5,16.0,24.7,24.3,12.9099352,74.8962231,8.1,224.3,7.651,0
08:21:32.217,31,96.0,1291.0,22.0,22.0,13.58,83.5,16.0,24.7,24.3,12.909929,74.8962187,8.2,224.4,7.62,0
08:21:32.307,31,96.0,1291.0,22.0,22.0,13.36,83.5,16.0,24.7,24.3,12.909923,74.8962144,8.2,224.4,7.59,0
08:21:32.397,31,96.0,1291.0,22.0,22.0,13.36,83.5,16.0,24.7,24.3,12.9099169,74.8962101,8.3,224.4,7.559,0
08:21:32.487,31,96.0,1291.0,22.0,22.0,13.36,83.5,16.0,24.7,24.3,12.9099108,74.8962058,8.4,224.5,7.528,0
08:21:32.577,31,96.0,1291.0,22.0,22.0,13.36,83.5,16.0,24.7,24.3,12.9099048,74.8962014,8.4,224.5,7.498,0
08:21:32.668,31,96.0,1291.0,22.0,22.0,13.36,83.5,16.0,24.7,24.7,12.9098986,74.8961971,8.5,224.6,7.467,0
08:21:32.757,31,96.0,1291.0,22.0,22.0,13.36,83.5,16.0,24.7,24.7,12.9098926,74.8961928,8.6,224.6,7.437,0
08:21:32.847,31,96.0,1291.0,22.0,22.0,13.36,83.5,16.0,24.7,24.7,12.9098866,74.8961885,8.6,224.6,7.406,0
08:21:32.938,31,96.0,1288.0,22.0,22.0,13.36,83.5,16.0,24.7,24.7,12.9098804,74.8961841,8.7,224.7,7.375,0
08:21:33.033,31,96.0,1288.0,22.0,22.0,13.36,83.5,16.0,24.7,24.7,12.909874,74.8961795,8.8,224.7,7.343,0
08:21:33.117,31,96.0,1288.0,22.0,22.0,13.36,83.5,16.0,24.7,24.7,12.9098684,74.8961755,8.9,224.8,7.315,0
08:21:33.207,31,96.0,1288.0,22.0,22.0,13.13,83.5,16.0,24.7,24.7,12.9098623,74.8961712,8.9,224.8,7.284,0
08:21:33.297,31,96.0,1288.0,22.0,22.0,13.13,83.5,16.0,24.7,24.7,12.9098562,74.8961669,9.0,224.8,7.254,0
08:21:33.387,31,96.0,1288.0,22.0,22.0,13.13,83.5,16.0,24.7,24.7,12.9098502,74.8961625,9.1,224.9,7.223,0
08:21:33.477,31,96.0,1288.0,22.0,22.0,13.13,83.5,16.0,24.7,24.7,12.9098441,74.8961582,9.1,224.9,7.193,0
08:21:33.567,31,96.0,1288.0,22.0,22.0,13.13,83.5,16.0,24.7,24.3,12.909838,74.8961539,9.2,225.0,7.162,0
08:21:33.658,31,96.0,1288.0,22.0,22.0,13.13,83.5,16.0,24.7,24.3,12.9098319,74.8961495,9.3,225.0,7.131,0
08:21:33.748,31,96.0,1288.0,22.0,22.0,13.13,83.5,16.0,24.7,24.3,12.9098258,74.8961452,9.3,225.0,7.101,0
08:21:33.837,31,96.0,1257.0,22.0,22.0,13.13,83.5,16.0,24.7,24.3,12.9098198,74.8961409,9.4,225.1,7.071,0
08:21:33.929,31,96.0,1257.0,21.0,22.0,13.13,83.5,16.0,24.7,24.3,12.9098136,74.8961365,9.5,225.1,7.039,0
08:21:34.019,31,96.0,1257.0,21.0,22.0,13.13,83.5,16.0,24.7,24.3,12.9098076,74.8961322,9.5,225.1,7.009,0
08:21:34.106,31,96.0,1257.0,21.0,22.0,12.94,83.5,16.0,24.7,24.3,12.9098017,74.896128,9.6,225.2,6.979,0
08:21:34.197,31,96.0,1257.0,21.0,22.0,12.94,83.5,16.0,24.7,24.3,12.9097956,74.8961236,9.7,225.2,6.948,0
08:21:34.287,31,96.0,1257.0,21.0,22.0,12.94,83.5,16.0,24.7,24.3,12.9097895,74.8961193,9.8,225.3,6.918,0
08:21:34.378,31,96.0,1257.0,21.0,22.0,12.94,83.5,16.0,24.7,24.3,12.9097834,74.8961149,9.8,225.3,6.887,0
08:21:34.467,31,96.0,1257.0,21.0,22.0,12.94,83.5,16.0,24.7,24.7,12.9097774,74.8961106,9.9,225.3,6.857,0
08:21:34.558,31,96.0,1257.0,21.0,22.0,12.94,83.5,16.0,24.7,24.7,12.9097712,74.8961063,10.0,225.4,6.826,0
08:21:34.647,31,96.0,1257.0,21.0,22.0,12.94,83.5,16.0,24.7,24.7,12.9097684,74.8961018,9.9,225.6,6.815,0
08:21:34.737,31,96.0,1256.0,21.0,22.0,12.94,83.5,16.0,24.7,24.7,12.9097691,74.8960971,9.8,226.0,6.825,0
08:21:34.827,31,96.0,1256.0,21.0,22.0,12.94,83.5,16.0,24.7,24.7,12.9097698,74.8960924,9.6,226.5,6.835,0
08:21:34.917,31,96.0,1256.0,21.0,22.0,12.94,83.5,16.0,24.7,24.7,12.9097705,74.8960877,9.4,226.9,6.845,0
08:21:35.008,31,96.0,1256.0,21.0,22.0,13.05,83.5,16.0,24.7,24.7,12.9097712,74.8960829,9.3,227.3,6.855,0
08:21:35.097,31,96.0,1256.0,21.0,22.0,13.05,83.5,16.0,24.7,24.7,12.9097719,74.8960783,9.1,227.8,6.865,0
08:21:35.187,31,96.0,1256.0,21.0,22.0,13.05,83.5,16.0,24.7,24.7,12.9097726,74.8960736,8.9,228.2,6.875,0
08:21:35.277,31,96.0,1256.0,21.0,22.0,13.05,83.5,16.0,24.7,24.7,12.9097733,74.8960688,8.8,228.6,6.885,0
08:21:35.367,31,96.0,1256.0,21.0,22.0,13.05,83.5,16.0,24.7,24.7,12.9097739,74.8960641,8.6,229.0,6.895,0
08:21:35.487,31,96.0,1256.0,21.0,22.0,13.05,83.5,16.0,24.7,24.7,12.9097749,74.8960578,8.4,229.6,6.909,0
08:21:35.608,31,96.0,1256.0,21.0,22.0,13.05,83.5,16.0,24.7,24.7,12.9097758,74.8960515,8.2,230.2,6.922,0
08:21:35.697,31,96.0,1251.0,21.0,22.0,13.05,83.5,16.0,24.7,24.7,12.9097765,74.8960469,8.0,230.6,6.932,0
08:21:35.787,31,96.0,1251.0,21.0,22.0,13.05,83.5,16.0,24.7,24.7,12.9097772,74.8960421,7.9,231.1,6.942,0
08:21:35.877,31,96.0,1251.0,21.0,22.0,13.05,83.5,16.0,24.7,24.7,12.9097779,74.8960374,7.7,231.5,6.952,0
08:21:35.967,31,96.0,1251.0,21.0,22.0,12.97,83.5,16.0,24.7,24.7,12.9097786,74.8960327,7.5,231.9,6.962,0
08:21:36.056,31,96.0,1251.0,21.0,22.0,12.97,83.5,16.0,24.7,24.7,12.9097792,74.8960281,7.4,232.3,6.972,0
08:21:36.146,31,96.0,1251.0,21.0,22.0,12.97,83.5,16.0,24.7,24.7,12.9097799,74.8960233,7.2,232.8,6.982,0
08:21:36.237,31,96.0,1251.0,21.0,22.0,12.97,83.5,16.0,24.7,24.7,12.9097806,74.8960186,7.0,233.2,6.993,0
08:21:36.327,31,96.0,1251.0,21.0,22.0,12.97,83.5,16.0,24.7,24.3,12.9097813,74.8960139,6.9,233.6,7.003,0
08:21:36.421,31,96.0,1251.0,21.0,22.0,12.97,83.5,16.0,24.7,24.3,12.9097821,74.896009,6.7,234.1,7.013,0
08:21:36.507,31,96.0,1251.0,21.0,22.0,12.97,83.5,16.0,24.7,24.3,12.9097827,74.8960044,6.6,234.5,7.023,0
08:21:36.597,31,96.0,1249.0,21.0,22.0,12.97,83.5,16.0,24.7,24.3,12.9097834,74.8959997,6.4,234.9,7.033,0
08:21:36.687,31,96.0,1249.0,21.0,22.0,12.97,83.5,16.0,24.7,24.3,12.9097841,74.895995,6.2,235.4,7.043,0
08:21:36.777,31,96.0,1249.0,21.0,22.0,12.97,83.5,16.0,24.7,24.3,12.9097848,74.8959903,6.1,235.8,7.053,0
08:21:36.897,31,96.0,1249.0,21.0,22.0,12.97,83.5,16.0,24.7,24.3,12.9097857,74.895984,5.8,236.4,7.066,0
08:21:36.987,31,96.0,1249.0,21.0,22.0,12.97,83.5,16.0,24.7,24.3,12.9097864,74.8959793,5.7,236.8,7.076,0
08:21:37.077,31,96.0,1249.0,21.0,22.0,12.97,83.5,16.0,24.7,24.3,12.9097871,74.8959746,5.5,237.2,7.087,0
08:21:37.167,31,96.0,1249.0,21.0,22.0,12.97,83.5,16.0,24.3,24.3,12.9097878,74.8959699,5.4,237.6,7.097,0
08:21:37.257,31,96.0,1249.0,21.0,22.0,12.97,83.5,16.0,24.3,24.3,12.9097885,74.8959652,5.2,238.1,7.107,0
08:21:37.347,31,96.0,1249.0,21.0,22.0,12.97,83.5,16.0,24.3,24.3,12.9097892,74.8959605,5.0,238.5,7.117,0
08:21:37.437,31,96.0,1249.0,21.0,22.0,12.97,83.5,16.0,24.3,24.3,12.9097899,74.8959558,4.9,238.9,7.127,0
08:21:37.527,31,96.0,1242.0,21.0,22.0,12.97,83.5,16.0,24.3,24.3,12.9097906,74.8959511,4.7,239.4,7.137,0
08:21:37.617,31,96.0,1242.0,21.0,22.0,12.97,83.5,16.0,24.3,24.3,12.9097913,74.8959463,4.5,239.8,7.147,0
08:21:37.709,31,96.0,1242.0,21.0,22.0,12.97,83.5,16.0,24.3,24.3,12.909792,74.8959415,4.4,240.2,7.157,0
08:21:37.798,31,96.0,1242.0,21.0,22.0,12.97,83.5,16.0,24.3,24.3,12.9097927,74.8959369,4.2,240.7,7.167,0
08:21:37.888,31,96.0,1242.0,21.0,22.0,12.97,83.5,16.0,24.3,24.3,12.9097933,74.8959322,4.0,241.1,7.177,0
08:21:37.977,31,96.0,1242.0,21.0,22.0,12.97,83.5,16.0,24.3,24.3,12.909794,74.8959275,3.9,241.5,7.187,0
08:21:38.067,31,96.0,1242.0,21.0,22.0,12.97,83.5,16.0,24.3,24.3,12.9097947,74.8959228,3.7,242.0,7.197,0
08:21:38.157,31,96.0,1242.0,21.0,22.0,12.97,83.5,16.0,24.3,24.3,12.9097954,74.8959181,3.6,242.4,7.207,0
08:21:38.247,31,96.0,1242.0,21.0,22.0,12.97,83.5,16.0,24.3,24.3,12.9097961,74.8959134,3.4,242.8,7.217,0
08:21:38.337,31,96.0,1242.0,21.0,22.0,12.97,83.5,16.0,24.3,24.3,12.9097968,74.8959086,3.2,243.2,7.228,0
08:21:38.427,31,96.0,1244.0,21.0,22.0,12.97,83.5,16.0,24.3,24.3,12.9097975,74.8959039,3.1,243.7,7.238,0
08:21:38.516,31,96.0,1244.0,21.0,22.0,12.97,83.5,16.0,24.3,24.3,12.9097982,74.8958993,2.9,244.1,7.248,0
08:21:38.607,31,96.0,1244.0,21.0,21.0,12.97,83.5,16.0,24.3,24.3,12.9097989,74.8958945,2.7,244.5,7.258,0
08:21:38.696,31,96.0,1244.0,21.0,21.0,12.94,83.5,16.0,24.3,24.3,12.9097996,74.8958899,2.6,245.0,7.268,0
08:21:38.786,31,96.0,1244.0,21.0,21.0,12.94,83.5,16.0,24.3,24.3,12.9098003,74.8958851,2.4,245.4,7.278,0
08:21:38.876,31,96.0,1244.0,21.0,21.0,12.94,83.5,16.0,24.3,24.3,12.9098009,74.8958804,2.3,245.8,7.288,0
08:21:38.966,31,96.0,1244.0,21.0,21.0,12.94,83.5,16.0,24.3,24.3,12.9098016,74.8958757,2.1,246.3,7.298,0
08:21:39.056,31,96.0,1244.0,21.0,21.0,12.94,83.5,16.0,24.3,23.9,12.9098023,74.895871,1.9,246.7,7.308,0
08:21:39.146,31,96.0,1244.0,21.0,21.0,12.94,83.5,16.0,24.3,23.9,12.909803,74.8958663,1.8,247.1,7.318,0
08:21:39.237,31,96.0,1244.0,21.0,21.0,12.94,83.5,16.0,24.3,23.9,12.9098037,74.8958615,1.6,247.5,7.328,0
08:21:39.327,31,96.0,1246.0,21.0,21.0,12.94,83.5,16.0,24.3,23.9,12.9098044,74.8958568,1.4,248.0,7.338,0
08:21:39.417,31,96.0,1246.0,21.0,21.0,12.94,83.5,16.0,24.3,23.9,12.9098051,74.8958521,1.3,248.4,7.348,0
08:21:39.507,31,96.0,1246.0,21.0,21.0,12.94,83.5,16.0,24.3,23.9,12.9098058,74.8958474,1.1,248.8,7.358,0
08:21:39.597,31,96.0,1246.0,21.0,21.0,12.94,83.5,16.0,24.3,23.9,12.9098065,74.8958427,1.0,249.3,7.368,0
08:21:39.687,31,96.0,1246.0,21.0,21.0,12.94,83.5,16.0,24.3,23.9,12.9098072,74.895838,0.8,249.7,7.379,0
08:21:39.780,31,96.0,1246.0,21.0,21.0,12.94,83.5,16.0,24.3,23.9,12.9098079,74.8958331,0.6,250.1,7.389,0
08:21:39.867,31,96.0,1246.0,21.0,21.0,12.94,83.5,16.0,24.3,23.9,12.9098086,74.8958286,0.5,250.6,7.399,0
08:21:39.957,31,96.0,1246.0,21.0,21.0,12.94,83.5,16.0,24.3,23.9,12.9098093,74.8958238,0.3,251.0,7.409,0
08:21:40.046,31,96.0,1246.0,21.0,21.0,12.94,83.5,16.0,24.3,23.9,12.90981,74.8958192,0.1,251.4,7.419,0
08:21:40.141,31,96.0,1246.0,21.0,21.0,12.94,83.5,16.0,24.3,23.9,12.9098107,74.8958142,-0.0,251.9,7.429,0
08:21:40.280,31,96.0,1258.0,21.0,21.0,12.94,83.5,16.0,24.3,23.9,12.9098118,74.8958069,-0.3,252.5,7.445,0
08:21:40.376,31,96.0,1258.0,21.0,21.0,12.94,83.5,16.0,24.3,23.9,12.9098125,74.8958019,-0.5,253.0,7.456,0
08:21:40.496,31,96.0,1258.0,21.0,22.0,12.94,83.5,16.0,24.3,23.9,12.9098134,74.8957956,-0.7,253.6,7.469,0
08:21:40.588,31,96.0,1258.0,21.0,22.0,13.13,83.5,16.0,24.3,23.9,12.9098141,74.8957908,-0.8,254.0,7.479,0
08:21:40.677,31,96.0,1258.0,21.0,22.0,13.13,83.5,16.0,24.3,23.9,12.9098148,74.8957861,-1.0,254.4,7.489,0
08:21:40.767,31,96.0,1258.0,21.0,22.0,13.13,83.5,16.0,24.3,23.9,12.9098155,74.8957814,-1.2,254.9,7.499,0
08:21:40.857,31,96.0,1258.0,21.0,22.0,13.13,83.5,16.0,24.3,23.9,12.9098162,74.8957767,-1.3,255.3,7.509,0
08:21:40.948,31,96.0,1258.0,21.0,22.0,13.13,83.5,16.0,24.3,23.9,12.9098169,74.895772,-1.5,255.7,7.52,0
08:21:41.037,31,96.0,1258.0,21.0,22.0,13.13,83.5,16.0,24.3,23.9,12.9098176,74.8957673,-1.7,256.2,7.53,0
08:21:41.128,31,96.0,1258.0,21.0,22.0,13.13,83.5,16.0,24.3,23.9,12.9098183,74.8957625,-1.8,256.6,7.54,0
08:21:41.217,31,96.0,1268.0,21.0,22.0,13.13,83.5,16.0,24.3,23.9,12.909819,74.8957579,-2.0,257.0,7.55,0
08:21:41.306,31,96.0,1268.0,21.0,22.0,13.13,83.5,16.0,24.3,23.9,12.9098196,74.8957532,-2.1,257.4,7.56,0
08:21:41.397,31,96.0,1268.0,21.0,22.0,13.13,83.5,16.0,24.3,23.9,12.9098203,74.8957485,-2.3,257.9,7.57,0
08:21:41.487,31,96.0,1268.0,21.0,22.0,13.3,83.5,16.0,24.3,23.9,12.909821,74.8957437,-2.5,258.3,7.58,0
08:21:41.577,31,96.0,1268.0,21.0,22.0,13.3,83.5,16.0,24.3,23.9,12.9098217,74.895739,-2.6,258.7,7.59,0
08:21:41.667,31,96.0,1268.0,21.0,22.0,13.3,83.5,16.0,24.3,23.9,12.9098224,74.8957343,-2.8,259.2,7.6,0
08:21:41.757,31,96.0,1268.0,21.0,22.0,13.3,83.5,16.0,24.3,23.9,12.9098231,74.8957296,-3.0,259.6,7.61,0
08:21:41.847,31,96.0,1268.0,21.0,22.0,13.3,83.5,16.0,24.3,23.9,12.9098238,74.8957249,-3.1,260.0,7.62,0
08:21:41.937,32,96.0,1268.0,21.0,22.0,13.3,83.5,16.0,24.3,23.9,12.9098245,74.8957202,-3.3,260.5,7.63,0
08:21:42.027,32,96.0,1268.0,21.0,22.0,13.3,83.5,16.0,24.3,23.9,12.9098252,74.8957155,-3.5,260.9,7.64,0
08:21:42.117,32,96.0,1268.0,21.0,22.0,13.3,83.5,16.0,24.3,23.9,12.9098259,74.8957108,-3.6,261.3,7.65,0
08:21:42.207,32,96.0,1268.0,22.0,22.0,13.3,83.5,16.0,24.3,23.9,12.9098266,74.8957061,-3.8,261.7,7.66,0
08:21:42.299,32,96.0,1268.0,22.0,22.0,13.3,83.5,16.0,24.3,23.9,12.9098273,74.8957012,-3.9,262.2,7.671,0
08:21:42.387,32,96.0,1268.0,22.0,22.0,13.22,83.5,16.0,24.3,23.9,12.909828,74.8956966,-4.1,262.6,7.681,0
08:21:42.477,32,96.0,1268.0,22.0,22.0,13.22,83.5,16.0,24.3,23.9,12.9098287,74.8956919,-4.3,263.0,7.691,0
08:21:42.567,32,96.0,1268.0,22.0,22.0,13.22,83.5,16.0,24.3,23.9,12.9098294,74.8956872,-4.4,263.5,7.701,0
08:21:42.657,32,96.0,1268.0,22.0,22.0,13.22,83.5,16.0,24.3,23.9,12.90983,74.8956825,-4.6,263.9,7.711,0
08:21:42.747,32,96.0,1268.0,22.0,22.0,13.22,83.5,16.0,24.3,24.3,12.9098307,74.8956778,-4.8,264.3,7.721,0
08:21:42.837,32,96.0,1268.0,22.0,22.0,13.22,83.5,16.0,24.3,24.3,12.9098314,74.8956731,-4.9,264.8,7.731,0
08:21:42.928,32,95.0,1268.0,22.0,22.0,13.22,83.5,16.0,24.3,24.3,12.9098321,74.8956683,-5.1,265.2,7.741,0
08:21:43.017,32,95.0,1287.0,22.0,22.0,13.22,83.5,16.0,24.3,24.3,12.9098328,74.8956636,-5.2,265.6,7.751,0
08:21:43.106,32,95.0,1287.0,22.0,22.0,13.22,83.5,16.0,24.3,24.3,12.9098335,74.895659,-5.4,266.0,7.761,0
08:21:43.196,32,95.0,1287.0,22.0,22.0,13.22,83.5,16.0,24.3,24.3,12.9098342,74.8956543,-5.6,266.5,7.771,0
08:21:43.286,32,95.0,1287.0,22.0,22.0,13.19,83.5,16.0,24.3,24.3,12.9098349,74.8956496,-5.7,266.9,7.781,0
08:21:43.376,32,95.0,1287.0,22.0,22.0,13.19,83.5,16.0,24.3,24.3,12.9098356,74.8956449,-5.9,267.3,7.791,0
08:21:43.466,32,95.0,1287.0,22.0,22.0,13.19,83.5,16.0,24.3,24.3,12.9098363,74.8956401,-6.1,267.8,7.801,0
08:21:43.556,32,95.0,1287.0,22.0,22.0,13.19,83.5,16.0,25.1,24.3,12.909837,74.8956354,-6.2,268.2,7.811,0
08:21:43.646,32,95.0,1287.0,22.0,22.0,13.19,83.5,16.0,25.1,24.7,12.9098377,74.8956307,-6.4,268.6,7.821,0
08:21:43.737,32,95.0,1287.0,22.0,22.0,13.19,83.5,16.0,25.1,24.7,12.9098384,74.895626,-6.6,269.1,7.832,0
08:21:43.827,32,95.0,1287.0,22.0,22.0,13.19,83.5,16.0,25.1,24.7,12.909839,74.8956212,-6.7,269.5,7.842,0
08:21:43.917,32,95.0,1288.0,22.0,22.0,13.19,83.5,16.0,25.1,24.7,12.9098397,74.8956165,-6.9,269.9,7.852,0
08:21:44.007,32,95.0,1288.0,22.0,22.0,13.19,83.5,16.0,25.1,24.7,12.9098404,74.8956118,-7.0,270.4,7.862,0
08:21:44.097,32,95.0,1288.0,22.0,22.0,13.19,83.5,16.0,25.1,24.7,12.9098411,74.8956071,-7.2,270.8,7.872,0
08:21:44.187,32,95.0,1288.0,22.0,22.0,13.52,83.5,16.0,25.1,24.7,12.9098418,74.8956024,-7.4,271.2,7.882,0
08:21:44.277,32,95.0,1288.0,22.0,22.0,13.52,83.5,16.0,25.1,24.7,12.9098425,74.8955977,-7.5,271.6,7.892,0
08:21:44.367,32,95.0,1288.0,22.0,22.0,13.52,83.5,16.0,25.1,24.7,12.9098432,74.895593,-7.7,272.1,7.902,0
08:21:44.457,32,95.0,1288.0,22.0,22.0,13.52,83.5,16.0,25.5,24.7,12.9098439,74.8955883,-7.9,272.5,7.912,0
08:21:44.547,32,95.0,1288.0,22.0,22.0,13.52,83.5,16.0,25.5,25.5,12.9098446,74.8955836,-8.0,272.9,7.922,0
08:21:44.638,32,95.0,1288.0,22.0,22.0,13.52,83.5,16.0,25.5,25.5,12.9098453,74.8955788,-8.2,273.4,7.932,0
08:21:44.727,32,95.0,1288.0,22.0,22.0,13.52,83.5,16.0,25.5,25.5,12.909846,74.8955741,-8.3,273.8,7.942,0
08:21:44.817,32,95.0,1297.0,22.0,22.0,13.52,83.5,16.0,25.5,25.5,12.9098467,74.8955694,-8.5,274.2,7.952,0
08:21:44.907,32,95.0,1297.0,22.0,22.0,13.52,83.5,16.0,25.5,25.5,12.9098474,74.8955647,-8.7,274.7,7.963,0
08:21:44.999,32,95.0,1297.0,22.0,22.0,13.52,83.5,16.0,25.5,25.5,12.9098481,74.8955599,-8.8,275.1,7.973,0
08:21:45.086,32,95.0,1297.0,22.0,22.0,13.63,83.5,16.0,25.5,25.5,12.9098487,74.8955553,-9.0,275.5,7.983,0
08:21:45.177,32,95.0,1297.0,22.0,22.0,13.63,83.5,16.0,25.5,25.5,12.9098494,74.8955506,-9.2,275.9,7.993,0
08:21:45.267,32,95.0,1297.0,22.0,22.0,13.63,83.5,16.0,25.5,25.5,12.9098501,74.8955459,-9.3,276.4,8.003,0
08:21:45.358,32,95.0,1297.0,22.0,22.0,13.63,83.5,16.0,25.9,25.5,12.9098508,74.8955411,-9.5,276.8,8.013,0
08:21:45.448,32,95.0,1297.0,22.0,22.0,13.63,83.5,16.0,25.9,26.3,12.9098515,74.8955364,-9.7,277.2,8.023,0
08:21:45.598,32,95.0,1297.0,22.0,22.0,13.63,83.5,16.0,25.9,26.3,12.9098527,74.8955285,-9.9,278.0,8.04,0
08:21:45.688,32,95.0,1297.0,22.0,22.0,13.63,83.5,16.0,25.9,26.3,12.9098534,74.8955238,-10.1,278.4,8.05,0
08:21:45.777,32,95.0,1329.0,22.0,22.0,13.63,83.5,16.0,25.9,26.3,12.9098541,74.8955192,-10.2,278.8,8.06,0
08:21:45.867,32,95.0,1329.0,23.0,22.0,13.63,83.5,16.0,25.9,26.3,12.9098547,74.8955145,-10.4,279.2,8.07,0
08:21:45.958,32,95.0,1329.0,23.0,22.0,13.63,83.5,16.0,25.9,26.3,12.9098554,74.8955097,-10.6,279.7,8.08,0
08:21:46.050,32,95.0,1329.0,23.0,22.0,13.97,83.5,16.0,25.9,26.3,12.9098562,74.8955049,-10.7,280.1,8.09,0
08:21:46.136,32,95.0,1329.0,23.0,22.0,13.97,83.5,16.0,25.9,26.3,12.9098568,74.8955004,-10.9,280.5,8.1,0
08:21:46.227,32,95.0,1329.0,23.0,22.0,13.97,83.5,16.0,25.9,26.3,12.9098575,74.8954956,-11.1,281.0,8.11,0
08:21:46.317,32,95.0,1329.0,23.0,22.0,13.97,83.5,16.0,25.5,26.3,12.9098582,74.8954909,-11.2,281.4,8.12,0
08:21:46.408,32,95.0,1329.0,23.0,22.0,13.97,83.5,16.0,25.5,25.5,12.9098589,74.8954861,-11.4,281.8,8.13,0
08:21:46.497,32,95.0,1329.0,23.0,22.0,13.97,83.5,16.0,25.5,25.5,12.9098596,74.8954815,-11.6,282.3,8.14,0
08:21:46.588,32,95.0,1329.0,23.0,22.0,13.97,83.5,16.0,25.5,25.5,12.9098603,74.8954767,-11.7,282.7,8.151,0
08:21:46.677,32,95.0,1346.0,23.0,22.0,13.97,83.5,16.0,25.5,25.5,12.909861,74.895472,-11.9,283.1,8.161,0
08:21:46.767,32,95.0,1346.0,23.0,22.0,13.97,83.5,16.0,25.5,25.5,12.9098617,74.8954673,-12.0,283.5,8.171,0
08:21:46.857,32,95.0,1346.0,23.0,22.0,13.97,83.5,16.0,25.5,25.5,12.9098624,74.8954626,-12.2,284.0,8.181,0
08:21:46.947,32,95.0,1346.0,23.0,22.0,14.24,83.5,16.0,25.5,25.5,12.9098631,74.8954579,-12.4,284.4,8.191,0
08:21:47.037,32,95.0,1346.0,23.0,22.0,14.24,83.5,16.0,25.5,25.5,12.9098638,74.8954532,-12.5,284.8,8.201,0
08:21:47.127,32,95.0,1346.0,23.0,22.0,14.24,83.5,16.0,25.5,25.5,12.9098644,74.8954485,-12.7,285.3,8.211,0
08:21:47.247,32,95.0,1346.0,23.0,22.0,14.24,83.5,16.0,25.5,25.5,12.9098654,74.8954422,-12.9,285.8,8.224,0
08:21:47.337,32,95.0,1346.0,23.0,22.0,14.24,83.5,16.0,25.5,25.1,12.9098661,74.8954375,-13.1,286.3,8.234,0
08:21:47.427,32,95.0,1346.0,23.0,22.0,14.24,83.5,16.0,25.5,25.1,12.9098668,74.8954328,-13.2,286.7,8.244,0
08:21:47.520,32,95.0,1346.0,23.0,22.0,14.24,83.5,16.0,25.5,25.1,12.9098675,74.8954279,-13.4,287.1,8.255,0
08:21:47.607,32,95.0,1371.0,23.0,22.0,14.24,83.5,16.0,25.5,25.1,12.9098681,74.8954234,-13.6,287.6,8.265,0
08:21:47.696,32,95.0,1371.0,23.0,22.0,14.24,83.5,16.0,25.5,25.1,12.9098688,74.8954187,-13.7,288.0,8.275,0
08:21:47.786,32,95.0,1371.0,23.0,22.0,14.24,83.5,16.0,25.5,25.1,12.9098695,74.895414,-13.9,288.4,8.285,0
08:21:47.876,32,95.0,1371.0,23.0,22.0,14.02,83.5,16.0,25.5,25.1,12.9098702,74.8954093,-14.1,288.9,8.295,0
08:21:47.966,32,95.0,1371.0,23.0,22.0,14.02,83.5,16.0,25.5,25.1,12.9098709,74.8954046,-14.2,289.3,8.305,0
08:21:48.056,32,95.0,1371.0,23.0,22.0,14.02,83.5,16.0,25.5,25.1,12.9098716,74.8953999,-14.4,289.7,8.315,0
08:21:48.146,32,95.0,1371.0,23.0,22.0,14.02,83.5,16.0,23.1,25.1,12.9098723,74.8953951,-14.5,290.1,8.325,0
08:21:48.236,32,95.0,1371.0,23.0,22.0,14.02,83.5,16.0,23.1,22.0,12.909873,74.8953904,-14.7,290.6,8.335,0
08:21:48.326,32,95.0,1371.0,23.0,22.0,14.02,83.5,16.0,23.1,22.0,12.9098737,74.8953857,-14.9,291.0,8.345,0
08:21:48.416,32,95.0,1371.0,23.0,22.0,14.02,83.5,16.0,23.1,22.0,12.9098744,74.895381,-15.0,291.4,8.355,0
08:21:48.506,32,95.0,1285.0,23.0,22.0,14.02,83.5,16.0,23.1,22.0,12.9098751,74.8953763,-15.2,291.9,8.365,0
08:21:48.598,32,95.0,1285.0,24.0,22.0,14.02,83.5,16.0,23.1,22.0,12.9098758,74.8953715,-15.4,292.3,8.375,0
08:21:48.686,32,95.0,1285.0,24.0,22.0,14.02,83.5,16.0,23.1,22.0,12.9098764,74.8953669,-15.5,292.7,8.385,0
08:21:48.777,32,95.0,1285.0,24.0,22.0,8.99,83.5,16.0,23.1,22.0,12.9098771,74.8953621,-15.7,293.2,8.395,0
08:21:48.866,32,95.0,1285.0,24.0,22.0,8.99,83.5,16.0,23.1,22.0,12.9098778,74.8953575,-15.8,293.6,8.405,0
08:21:48.956,32,95.0,1285.0,24.0,22.0,8.99,83.5,16.0,23.1,22.0,12.9098785,74.8953527,-16.0,294.0,8.416,0
08:21:49.046,32,95.0,1285.0,24.0,22.0,8.99,83.5,16.0,14.1,22.0,12.9098792,74.895348,-16.2,294.4,8.426,0
08:21:49.136,32,95.0,1285.0,24.0,22.0,8.99,83.5,16.0,14.1,14.5,12.9098799,74.8953433,-16.3,294.9,8.436,0
08:21:49.226,32,95.0,1285.0,24.0,22.0,8.99,83.5,16.0,14.1,14.5,12.9098806,74.8953386,-16.5,295.3,8.446,0
08:21:49.316,32,98.0,1285.0,24.0,22.0,8.99,83.5,16.0,14.1,14.5,12.9098813,74.8953339,-16.7,295.7,8.456,0
08:21:49.407,32,98.0,947.0,24.0,22.0,8.99,83.5,16.0,14.1,14.5,12.909882,74.8953291,-16.8,296.2,8.466,0
08:21:49.499,32,98.0,947.0,25.0,22.0,8.99,83.5,16.0,14.1,14.5,12.9098827,74.8953243,-17.0,296.6,8.476,0
08:21:49.587,32,98.0,947.0,25.0,21.0,8.99,83.5,16.0,14.1,14.5,12.9098834,74.8953197,-17.2,297.0,8.486,0
08:21:49.677,32,98.0,947.0,25.0,21.0,10.08,83.5,16.0,14.1,14.5,12.9098841,74.895315,-17.3,297.5,8.496,0
08:21:49.767,32,98.0,947.0,25.0,21.0,10.08,83.5,16.0,14.1,14.5,12.9098848,74.8953103,-17.5,297.9,8.506,0
08:21:49.857,32,98.0,947.0,25.0,21.0,10.08,83.5,16.0,14.1,14.5,12.9098855,74.8953056,-17.6,298.3,8.516,0
08:21:49.947,32,98.0,947.0,25.0,21.0,10.08,83.5,16.0,14.1,14.5,12.9098861,74.8953009,-17.8,298.8,8.526,0
08:21:50.037,32,98.0,947.0,25.0,21.0,10.08,83.5,16.0,14.1,14.5,12.9098868,74.8952962,-18.0,299.2,8.536,0
08:21:50.128,32,98.0,947.0,25.0,21.0,10.08,83.5,16.0,14.1,14.5,12.9098875,74.8952914,-18.1,299.6,8.547,0
08:21:50.217,32,99.0,947.0,25.0,21.0,10.08,83.5,16.0,14.1,14.5,12.9098882,74.8952867,-18.3,300.0,8.557,0
08:21:50.307,32,99.0,977.0,25.0,21.0,10.08,83.5,16.0,14.1,14.5,12.9098889,74.895282,-18.5,300.5,8.567,0
08:21:50.397,32,99.0,977.0,26.0,21.0,10.08,83.5,16.0,14.1,14.5,12.9098896,74.8952773,-18.6,300.9,8.577,0
08:21:50.547,32,99.0,977.0,26.0,20.0,10.08,83.5,16.0,14.1,14.5,12.9098908,74.8952695,-18.9,301.6,8.594,0
08:21:50.637,32,99.0,977.0,26.0,20.0,10.58,83.5,16.0,14.1,14.5,12.9098934,74.8952623,-19.0,301.9,8.61,0
08:21:50.727,32,99.0,977.0,26.0,20.0,10.58,83.5,16.0,14.1,14.5,12.9098995,74.8952508,-18.8,301.9,8.639,0
08:21:50.817,32,99.0,977.0,26.0,20.0,10.58,83.5,16.0,14.1,14.5,12.9099057,74.8952392,-18.7,301.8,8.668,0
08:21:50.908,32,99.0,977.0,26.0,20.0,10.58,83.5,16.0,14.1,14.5,12.9099119,74.8952276,-18.5,301.8,8.697,0
08:21:50.997,32,99.0,977.0,26.0,20.0,10.58,83.5,16.0,14.1,14.5,12.9099179,74.8952161,-18.4,301.8,8.726,0
08:21:51.087,32,99.0,977.0,26.0,20.0,10.58,83.5,16.0,14.1,14.5,12.9099241,74.8952046,-18.3,301.7,8.755,0
08:21:51.178,32,99.0,977.0,26.0,20.0,10.58,83.5,16.0,14.1,14.5,12.9099303,74.8951929,-18.1,301.7,8.784,0
08:21:51.267,32,99.0,1003.0,26.0,20.0,10.58,83.5,16.0,14.1,14.5,12.9099363,74.8951815,-18.0,301.7,8.813,0
08:21:51.357,32,99.0,1003.0,27.0,20.0,10.58,83.5,16.0,14.1,14.5,12.9099424,74.89517,-17.8,301.6,8.842,0
08:21:51.447,32,99.0,1003.0,27.0,21.0,10.58,83.5,16.0,14.1,14.5,12.9099486,74.8951584,-17.7,301.6,8.87,0
08:21:51.537,32,99.0,1003.0,27.0,21.0,10.61,83.5,16.0,14.1,14.5,12.9099547,74.8951469,-17.6,301.6,8.899,0
08:21:51.627,32,99.0,1003.0,27.0,21.0,10.61,83.5,16.0,14.1,14.5,12.9099608,74.8951354,-17.4,301.5,8.928,0
08:21:51.719,32,99.0,1003.0,27.0,21.0,10.61,83.5,16.0,14.1,14.5,12.9099671,74.8951236,-17.3,301.5,8.958,0
08:21:51.808,32,99.0,1003.0,27.0,21.0,10.61,83.5,16.0,14.1,14.5,12.9099732,74.8951122,-17.1,301.5,8.986,0
08:21:51.897,32,99.0,1003.0,27.0,21.0,10.61,83.5,16.0,14.1,14.5,12.9099792,74.8951007,-17.0,301.4,9.015,0
08:21:51.987,32,99.0,1003.0,27.0,21.0,10.61,83.5,16.0,14.1,14.5,12.9099854,74.8950892,-16.9,301.4,9.044,0
08:21:52.077,32,100.0,1003.0,27.0,21.0,10.61,83.5,16.0,14.1,14.5,12.9099915,74.8950777,-16.7,301.4,9.073,0
08:21:52.167,32,100.0,1006.0,27.0,21.0,10.61,83.5,16.0,14.1,14.5,12.9099976,74.8950661,-16.6,301.3,9.102,0
08:21:52.257,32,100.0,1006.0,27.0,21.0,10.61,83.5,16.0,14.1,14.5,12.9100038,74.8950546,-16.5,301.3,9.131,0
08:21:52.348,32,100.0,1006.0,27.0,21.0,10.61,83.5,16.0,14.1,14.5,12.91001,74.8950429,-16.3,301.3,9.16,0
08:21:52.438,32,100.0,1006.0,27.0,21.0,10.8,83.5,16.0,14.1,14.5,12.9100161,74.8950314,-16.2,301.2,9.189,0
08:21:52.528,32,100.0,1006.0,27.0,21.0,10.8,83.5,16.0,14.1,14.5,12.9100222,74.8950198,-16.0,301.2,9.218,0
08:21:52.617,32,100.0,1006.0,27.0,21.0,10.8,83.5,16.0,14.1,14.5,12.9100283,74.8950084,-15.9,301.2,9.246,0
08:21:52.707,32,100.0,1006.0,27.0,21.0,10.8,83.5,16.0,14.1,14.5,12.9100344,74.8949969,-15.8,301.1,9.275,0
08:21:52.797,32,100.0,1006.0,27.0,21.0,10.8,83.5,16.0,14.1,14.5,12.9100406,74.8949853,-15.6,301.1,9.304,0
08:21:52.887,33,100.0,1006.0,27.0,21.0,10.8,83.5,16.0,14.1,14.5,12.9100467,74.8949738,-15.5,301.1,9.333,0
08:21:52.977,33,100.0,1006.0,27.0,21.0,10.8,83.5,16.0,14.1,14.5,12.9100528,74.8949622,-15.3,301.0,9.362,0
08:21:53.067,33,100.0,1034.0,27.0,21.0,10.8,83.5,16.0,14.1,14.5,12.910059,74.8949507,-15.2,301.0,9.391,0
08:21:53.157,33,100.0,1034.0,28.0,21.0,10.8,83.5,16.0,14.1,14.5,12.9100651,74.8949392,-15.1,301.0,9.42,0
08:21:53.247,33,100.0,1034.0,28.0,21.0,10.8,83.5,16.0,14.1,14.5,12.9100712,74.8949276,-14.9,300.9,9.449,0
08:21:53.338,33,100.0,1034.0,28.0,21.0,11.11,83.5,16.0,14.1,14.5,12.9100774,74.894916,-14.8,300.9,9.478,0
08:21:53.428,33,100.0,1034.0,28.0,21.0,11.11,83.5,16.0,14.1,14.5,12.9100836,74.8949044,-14.6,300.9,9.507,0
08:21:53.517,33,100.0,1034.0,28.0,21.0,11.11,83.5,16.0,14.1,14.5,12.9100896,74.894893,-14.5,300.8,9.535,0
08:21:53.606,33,100.0,1034.0,28.0,21.0,11.11,83.5,16.0,14.1,14.5,12.9100957,74.8948816,-14.4,300.8,9.564,0
08:21:53.696,33,100.0,1034.0,28.0,21.0,11.11,83.5,16.0,14.1,14.5,12.9101018,74.89487,-14.2,300.8,9.593,0
08:21:53.787,33,100.0,1034.0,28.0,21.0,11.11,83.5,16.0,14.1,14.5,12.910108,74.8948584,-14.1,300.7,9.622,0
08:21:53.877,33,100.0,1034.0,28.0,21.0,11.11,83.5,16.0,14.1,14.5,12.9101142,74.8948468,-14.0,300.7,9.651,0
08:21:53.967,33,100.0,1054.0,28.0,21.0,11.11,83.5,16.0,14.1,14.5,12.9101203,74.8948353,-13.8,300.7,9.68,0
08:21:54.057,33,100.0,1054.0,28.0,21.0,11.11,83.5,16.0,14.1,14.5,12.9101264,74.8948238,-13.7,300.6,9.709,0
08:21:54.146,33,100.0,1054.0,28.0,21.0,11.11,83.5,16.0,14.1,14.5,12.9101325,74.8948123,-13.5,300.6,9.738,0
08:21:54.237,33,100.0,1054.0,28.0,21.0,11.16,83.5,16.0,14.1,14.5,12.9101387,74.8948007,-13.4,300.6,9.767,0
08:21:54.327,33,100.0,1054.0,28.0,21.0,11.16,83.5,16.0,14.1,14.5,12.9101448,74.8947891,-13.3,300.5,9.796,0
08:21:54.417,33,100.0,1054.0,28.0,21.0,11.16,83.5,16.0,14.1,14.5,12.910151,74.8947776,-13.1,300.5,9.825,0
08:21:54.508,33,100.0,1054.0,28.0,21.0,11.16,83.5,16.0,14.1,14.5,12.9101572,74.8947659,-13.0,300.5,9.854,0
08:21:54.627,33,100.0,1054.0,28.0,21.0,11.16,83.5,16.0,14.1,14.5,12.9101653,74.8947507,-12.8,300.4,9.892,0
08:21:54.717,33,100.0,1054.0,28.0,21.0,11.16,83.5,16.0,14.1,14.5,12.9101714,74.8947391,-12.7,300.4,9.921,0
08:21:54.807,33,100.0,1054.0,28.0,21.0,11.16,83.5,16.0,14.1,14.5,12.9101775,74.8947276,-12.5,300.3,9.95,0
08:21:54.897,33,100.0,1081.0,28.0,21.0,11.16,83.5,16.0,14.1,14.5,12.9101837,74.894716,-12.4,300.3,9.979,0
08:21:54.988,33,100.0,1081.0,29.0,21.0,11.16,83.5,16.0,14.1,14.5,12.9101899,74.8947044,-12.2,300.3,10.008,0
08:21:55.077,33,100.0,1081.0,29.0,21.0,11.16,83.5,16.0,14.1,14.5,12.9101959,74.894693,-12.1,300.2,10.037,0
08:21:55.167,33,100.0,1081.0,29.0,21.0,11.24,83.5,16.0,14.1,14.5,12.9102021,74.8946814,-12.0,300.2,10.066,0
08:21:55.257,33,100.0,1081.0,29.0,21.0,11.24,83.5,16.0,14.1,14.5,12.9102082,74.8946699,-11.8,300.2,10.094,0
08:21:55.347,33,100.0,1081.0,29.0,21.0,11.24,83.5,16.0,14.1,14.5,12.9102143,74.8946583,-11.7,300.1,10.123,0
08:21:55.437,33,100.0,1081.0,29.0,21.0,11.24,83.5,16.0,14.1,14.5,12.9102205,74.8946468,-11.6,300.1,10.152,0
08:21:55.530,33,100.0,1081.0,29.0,21.0,11.24,83.5,16.0,14.1,14.1,12.9102268,74.8946349,-11.4,300.1,10.182,0
08:21:55.619,33,100.0,1081.0,29.0,21.0,11.24,83.5,16.0,14.1,14.1,12.9102329,74.8946235,-11.3,300.0,10.211,0
08:21:55.707,33,100.0,1081.0,29.0,21.0,11.24,83.5,16.0,14.1,14.1,12.9102388,74.8946122,-11.1,300.0,10.239,0
08:21:55.799,33,100.0,1085.0,29.0,21.0,11.24,83.5,16.0,14.1,14.1,12.9102451,74.8946004,-11.0,300.0,10.269,0
08:21:55.887,33,100.0,1085.0,29.0,21.0,11.24,83.5,16.0,14.1,14.1,12.9102511,74.8945891,-10.9,299.9,10.297,0
08:21:55.979,33,100.0,1085.0,29.0,21.0,11.24,83.5,16.0,14.1,14.1,12.9102574,74.8945773,-10.7,299.9,10.326,0
08:21:56.067,33,100.0,1085.0,29.0,21.0,11.63,83.5,16.0,14.1,14.1,12.9102634,74.894566,-10.6,299.9,10.355,0
08:21:56.157,33,100.0,1085.0,29.0,21.0,11.63,83.5,16.0,14.1,14.1,12.9102695,74.8945545,-10.4,299.8,10.384,0
08:21:56.247,33,100.0,1085.0,29.0,21.0,11.63,83.5,16.0,14.1,14.1,12.9102756,74.8945429,-10.3,299.8,10.412,0
08:21:56.337,33,100.0,1085.0,29.0,21.0,11.63,83.5,16.0,27.8,14.1,12.9102818,74.8945314,-10.2,299.8,10.441,0
08:21:56.427,33,100.0,1085.0,29.0,21.0,11.63,83.5,16.0,27.8,27.8,12.9102879,74.8945198,-10.0,299.7,10.47,0
08:21:56.517,33,100.0,1085.0,29.0,21.0,11.63,83.5,16.0,27.8,27.8,12.910294,74.8945083,-9.9,299.7,10.499,0
08:21:56.607,33,99.0,1085.0,29.0,21.0,11.63,83.5,16.0,27.8,27.8,12.9103002,74.8944968,-9.7,299.7,10.528,0
08:21:56.698,33,99.0,1135.0,29.0,21.0,11.63,83.5,16.0,27.8,27.8,12.9103064,74.8944851,-9.6,299.6,10.557,0
08:21:56.787,33,99.0,1135.0,30.0,21.0,11.63,83.5,16.0,27.8,27.8,12.9103124,74.8944737,-9.5,299.6,10.586,0
08:21:56.878,33,99.0,1135.0,30.0,21.0,11.63,83.5,16.0,27.8,27.8,12.9103186,74.894462,-9.3,299.6,10.615,0
08:21:56.968,33,99.0,1135.0,30.0,21.0,13.72,83.5,16.0,27.8,27.8,12.9103248,74.8944505,-9.2,299.5,10.644,0
08:21:57.058,33,99.0,1135.0,30.0,21.0,13.72,83.5,16.0,27.8,27.8,12.9103309,74.8944389,-9.1,299.5,10.673,0
08:21:57.177,33,99.0,1135.0,30.0,21.0,13.72,83.5,16.0,27.8,27.8,12.910339,74.8944237,-8.9,299.5,10.711,0
08:21:57.267,33,99.0,1135.0,30.0,21.0,13.72,83.5,16.0,29.8,27.8,12.9103451,74.8944121,-8.7,299.4,10.74,0
08:21:57.357,33,99.0,1135.0,30.0,21.0,13.72,83.5,16.0,29.8,30.6,12.9103513,74.8944006,-8.6,299.4,10.769,0
08:21:57.447,33,99.0,1135.0,30.0,21.0,13.72,83.5,16.0,29.8,30.6,12.9103574,74.894389,-8.5,299.4,10.798,0
08:21:57.537,33,98.0,1135.0,30.0,21.0,13.72,83.5,16.0,29.8,30.6,12.9103635,74.8943775,-8.3,299.3,10.827,0
08:21:57.628,33,98.0,1230.0,30.0,21.0,13.72,83.5,16.0,29.8,30.6,12.9103697,74.8943658,-8.2,299.3,10.856,0
08:21:57.717,33,98.0,1230.0,33.0,21.0,13.72,83.5,16.0,29.8,30.6,12.9103758,74.8943544,-8.0,299.3,10.885,0
08:21:57.808,33,98.0,1230.0,33.0,22.0,13.72,83.5,16.0,29.8,30.6,12.910382,74.8943428,-7.9,299.2,10.914,0
08:21:57.897,33,98.0,1230.0,33.0,22.0,15.27,83.5,16.0,29.8,30.6,12.9103881,74.8943313,-7.8,299.2,10.943,0
08:21:57.987,33,98.0,1230.0,33.0,22.0,15.27,83.5,16.0,29.8,30.6,12.9103942,74.8943198,-7.6,299.2,10.971,0
08:21:58.089,33,98.0,1230.0,33.0,22.0,15.27,83.5,16.0,29.8,30.6,12.9104012,74.8943067,-7.5,299.1,11.004,0
08:21:58.166,33,98.0,1230.0,33.0,22.0,15.27,83.5,16.0,40.0,30.6,12.9104064,74.8942968,-7.3,299.1,11.029,0
08:21:58.257,33,98.0,1230.0,33.0,22.0,15.27,83.5,16.0,40.0,40.4,12.9104126,74.8942852,-7.2,299.1,11.058,0
08:21:58.347,33,98.0,1230.0,33.0,22.0,15.27,83.5,16.0,40.0,40.4,12.9104187,74.8942736,-7.1,299.0,11.087,0
08:21:58.437,33,103.0,1230.0,33.0,22.0,15.27,83.5,16.0,40.0,40.4,12.9104249,74.8942621,-6.9,299.0,11.116,0
08:21:58.528,33,103.0,1351.0,33.0,22.0,15.27,83.5,16.0,40.0,40.4,12.9104311,74.8942504,-6.8,299.0,11.145,0
08:21:58.617,33,103.0,1351.0,37.0,22.0,15.27,83.5,16.0,40.0,40.4,12.9104371,74.894239,-6.6,298.9,11.174,0
08:21:58.708,33,103.0,1351.0,37.0,23.0,15.27,83.5,16.0,40.0,40.4,12.9104433,74.8942273,-6.5,298.9,11.203,0
08:21:58.797,33,103.0,1351.0,37.0,23.0,20.74,83.5,16.0,40.0,40.4,12.9104494,74.8942159,-6.4,298.9,11.232,0
08:21:58.887,33,103.0,1351.0,37.0,23.0,20.74,83.5,16.0,40.0,40.4,12.9104555,74.8942044,-6.2,298.8,11.261,0
08:21:58.977,33,103.0,1351.0,37.0,23.0,20.74,83.5,16.0,40.0,40.4,12.9104617,74.8941929,-6.1,298.8,11.29,0
08:21:59.067,33,103.0,1351.0,37.0,23.0,20.74,83.5,16.0,37.6,40.4,12.9104678,74.8941813,-6.0,298.8,11.318,0
08:21:59.157,33,103.0,1351.0,37.0,23.0,20.74,83.5,16.0,37.6,31.4,12.9104739,74.8941698,-5.8,298.7,11.347,0
08:21:59.247,33,103.0,1351.0,37.0,23.0,20.74,83.5,16.0,37.6,31.4,12.9104801,74.8941582,-5.7,298.7,11.376,0
08:21:59.339,33,113.0,1351.0,37.0,23.0,20.74,83.5,16.0,37.6,31.4,12.9104863,74.8941464,-5.5,298.7,11.406,0
08:21:59.427,33,113.0,1263.0,37.0,23.0,20.74,83.5,16.0,37.6,31.4,12.9104923,74.8941351,-5.4,298.6,11.434,0
08:21:59.517,33,113.0,1263.0,40.0,23.0,20.74,83.5,16.0,37.6,31.4,12.9104985,74.8941236,-5.3,298.6,11.463,0
08:21:59.607,33,113.0,1263.0,40.0,24.0,20.74,83.5,16.0,37.6,31.4,12.9105046,74.8941121,-5.1,298.6,11.492,0
08:21:59.697,33,113.0,1263.0,40.0,24.0,17.27,83.5,16.0,37.6,31.4,12.9105107,74.8941005,-5.0,298.5,11.521,0
08:21:59.787,33,113.0,1263.0,40.0,24.0,17.27,31.0,16.0,37.6,31.4,12.9105169,74.894089,-4.8,298.5,11.55,0
08:21:59.877,33,113.0,1263.0,40.0,24.0,17.27,31.0,16.0,37.6,31.4,12.910523,74.8940774,-4.7,298.5,11.579,0
08:21:59.967,33,113.0,1263.0,40.0,24.0,17.27,31.0,16.0,14.1,31.4,12.9105291,74.8940659,-4.6,298.4,11.608,0
08:22:00.057,33,113.0,1263.0,40.0,24.0,17.27,31.0,16.0,14.1,14.5,12.9105352,74.8940544,-4.4,298.4,11.636,0
08:22:00.147,33,113.0,1263.0,40.0,24.0,17.27,31.0,16.0,14.1,14.5,12.9105414,74.8940428,-4.3,298.4,11.665,0
08:22:00.237,33,100.0,1263.0,40.0,24.0,17.27,31.0,16.0,14.1,14.5,12.9105475,74.8940313,-4.2,298.3,11.694,0
08:22:00.327,33,100.0,1043.0,40.0,24.0,17.27,31.0,16.0,14.1,14.5,12.9105536,74.8940197,-4.0,298.3,11.723,0
08:22:00.417,33,100.0,1043.0,40.0,24.0,17.27,31.0,16.0,14.1,14.5,12.9105598,74.8940082,-3.9,298.3,11.752,0
08:22:00.537,33,100.0,1043.0,40.0,24.0,17.27,31.0,16.0,14.1,14.5,12.910568,74.8939928,-3.7,298.2,11.791,0
08:22:00.658,33,100.0,1043.0,40.0,24.0,9.58,31.0,16.0,14.1,14.5,12.9105762,74.8939773,-3.5,298.2,11.83,0
08:22:00.748,33,100.0,1043.0,40.0,24.0,9.58,83.5,16.0,14.1,14.5,12.9105823,74.8939658,-3.4,298.1,11.858,0
08:22:00.837,33,100.0,1043.0,40.0,24.0,9.58,83.5,16.0,14.1,14.5,12.9105884,74.8939543,-3.2,298.1,11.887,0
08:22:00.938,33,100.0,1043.0,40.0,24.0,9.58,83.5,16.0,14.1,14.5,12.9105953,74.8939414,-3.1,298.1,11.919,0
08:22:01.018,33,100.0,1043.0,40.0,24.0,9.58,83.5,16.0,14.1,14.5,12.9106007,74.8939311,-2.9,298.0,11.945,0
08:22:01.107,33,100.0,1043.0,40.0,24.0,9.58,83.5,16.0,14.1,14.5,12.9106068,74.8939197,-2.8,298.0,11.974,0
08:22:01.197,33,100.0,1043.0,40.0,24.0,9.58,83.5,16.0,14.1,14.5,12.9106129,74.8939082,-2.7,298.0,12.003,0
08:22:01.288,33,100.0,1054.0,40.0,24.0,9.58,83.5,16.0,14.1,14.5,12.9106191,74.8938965,-2.5,297.9,12.032,0
08:22:01.377,33,100.0,1054.0,41.0,24.0,9.58,83.5,16.0,14.1,14.5,12.9106252,74.8938851,-2.4,297.9,12.061,0
08:22:01.467,33,100.0,1054.0,41.0,21.0,9.58,83.5,16.0,14.1,14.5,12.9106313,74.8938736,-2.3,297.9,12.089,0
08:22:01.557,33,100.0,1054.0,41.0,21.0,11.3,83.5,16.0,14.1,14.5,12.9106375,74.893862,-2.1,297.8,12.118,0
08:22:01.647,33,100.0,1054.0,41.0,21.0,11.3,83.5,16.0,14.1,14.5,12.9106436,74.8938505,-2.0,297.8,12.147,0
08:22:01.737,33,100.0,1054.0,41.0,21.0,11.3,83.5,16.0,14.1,14.5,12.9106497,74.8938389,-1.8,297.8,12.176,0
08:22:01.829,33,100.0,1054.0,41.0,21.0,11.3,83.5,16.0,14.1,14.5,12.910656,74.8938271,-1.7,297.7,12.206,0
08:22:01.917,33,100.0,1054.0,41.0,21.0,11.3,83.5,16.0,14.1,14.5,12.910662,74.8938158,-1.6,297.7,12.234,0
08:22:02.007,33,100.0,1054.0,41.0,21.0,11.3,83.5,16.0,14.1,14.5,12.9106681,74.8938043,-1.4,297.7,12.263,0
08:22:02.097,33,101.0,1054.0,41.0,21.0,11.3,83.5,16.0,14.1,14.5,12.9106743,74.8937928,-1.3,297.6,12.292,0
08:22:02.187,33,101.0,1057.0,41.0,21.0,11.3,83.5,16.0,14.1,14.5,12.9106804,74.8937812,-1.1,297.6,12.321,0
08:22:02.277,33,101.0,1057.0,41.0,21.0,11.3,83.5,16.0,14.1,14.5,12.9106865,74.8937697,-1.0,297.6,12.35,0
08:22:02.367,33,101.0,1057.0,41.0,21.0,11.3,83.5,16.0,14.1,14.5,12.9106926,74.8937581,-0.9,297.5,12.379,0
08:22:02.459,33,101.0,1057.0,41.0,21.0,11.3,83.5,16.0,14.1,14.5,12.9106989,74.8937463,-0.7,297.5,12.408,0
08:22:02.547,33,101.0,1057.0,41.0,21.0,11.3,83.5,16.0,14.1,14.5,12.9107049,74.8937351,-0.6,297.5,12.436,0
08:22:02.637,33,101.0,1057.0,41.0,21.0,11.3,83.5,16.0,14.1,14.5,12.910711,74.8937235,-0.5,297.4,12.465,0
08:22:02.728,33,101.0,1057.0,41.0,21.0,11.3,83.5,16.0,14.1,14.5,12.9107172,74.8937119,-0.3,297.4,12.495,0
08:22:02.817,33,101.0,1057.0,41.0,21.0,11.3,83.5,16.0,14.1,14.5,12.9107233,74.8937004,-0.2,297.4,12.523,0
08:22:02.909,33,101.0,1057.0,41.0,21.0,11.3,83.5,16.0,14.1,14.5,12.9107296,74.8936886,-0.0,297.3,12.553,0
08:22:02.998,33,101.0,1057.0,41.0,21.0,11.3,83.5,16.0,14.1,14.5,12.9107356,74.8936772,0.1,297.3,12.581,0
08:22:03.087,33,101.0,1069.0,41.0,21.0,11.3,83.5,16.0,14.1,14.5,12.9107417,74.8936658,0.2,297.3,12.61,0
08:22:03.177,33,101.0,1069.0,42.0,21.0,11.3,83.5,16.0,14.1,14.5,12.9107478,74.8936543,0.4,297.2,12.639,0
08:22:03.267,33,101.0,1069.0,42.0,21.0,11.3,83.5,16.0,14.1,14.5,12.910754,74.8936427,0.5,297.2,12.668,0
08:22:03.357,33,101.0,1069.0,42.0,21.0,11.38,83.5,16.0,14.1,14.5,12.9107601,74.8936312,0.7,297.2,12.697,0
08:22:03.448,33,101.0,1069.0,42.0,21.0,11.38,83.5,16.0,14.1,14.5,12.9107663,74.8936195,0.8,297.1,12.726,0
08:22:03.508,33,101.0,1069.0,42.0,21.0,11.38,83.5,16.0,14.1,14.5,12.9107704,74.8936118,0.9,297.1,12.745,0
08:22:03.597,33,101.0,1069.0,42.0,21.0,11.38,83.5,16.0,14.1,14.5,12.9107765,74.8936004,1.0,297.1,12.774,0
08:22:03.687,33,101.0,1069.0,42.0,21.0,11.38,83.5,16.0,14.1,14.5,12.9107826,74.8935889,1.2,297.0,12.803,0
08:22:03.777,33,101.0,1069.0,42.0,21.0,11.38,83.5,16.0,14.1,14.5,12.9107887,74.8935773,1.3,297.0,12.832,0
08:22:03.868,33,101.0,1069.0,42.0,21.0,11.38,83.5,16.0,14.1,14.5,12.9107949,74.8935657,1.4,297.0,12.861,0
08:22:03.958,33,101.0,1080.0,42.0,21.0,11.38,83.5,16.0,14.1,14.5,12.9108011,74.8935541,1.6,296.9,12.89,0
08:22:04.047,33,101.0,1080.0,42.0,21.0,11.38,83.5,16.0,14.1,14.5,12.9108071,74.8935427,1.7,296.9,12.918,0
08:22:04.137,33,101.0,1080.0,42.0,21.0,11.38,83.5,16.0,14.1,14.5,12.9108133,74.8935312,1.9,296.9,12.947,0
08:22:04.229,33,101.0,1080.0,42.0,21.0,11.49,83.5,16.0,14.1,14.5,12.9108195,74.8935194,2.0,296.8,12.977,0
08:22:04.318,33,101.0,1080.0,42.0,21.0,11.49,83.5,16.0,14.1,14.5,12.9108256,74.893508,2.1,296.8,13.005,0
08:22:04.407,33,101.0,1080.0,42.0,21.0,11.49,83.5,16.0,14.1,14.5,12.9108316,74.8934965,2.3,296.8,13.034,0
08:22:04.497,33,101.0,1080.0,42.0,21.0,11.49,83.5,16.0,14.1,14.5,12.9108378,74.893485,2.4,296.7,13.063,0
08:22:04.587,33,101.0,1080.0,42.0,21.0,11.49,83.5,16.0,14.1,14.5,12.9108439,74.8934735,2.6,296.7,13.092,0
08:22:04.677,34,101.0,1080.0,42.0,21.0,11.49,83.5,16.0,14.1,14.5,12.91085,74.8934619,2.7,296.7,13.121,0
08:22:04.767,34,101.0,1080.0,42.0,21.0,11.49,83.5,16.0,14.1,14.5,12.9108562,74.8934504,2.8,296.6,13.15,0
08:22:04.887,34,101.0,1079.0,42.0,21.0,11.49,83.5,16.0,14.1,14.5,12.9108644,74.893435,3.0,296.6,13.188,0
08:22:04.976,34,101.0,1079.0,42.0,21.0,11.49,83.5,16.0,14.1,14.5,12.9108704,74.8934236,3.2,296.6,13.217,0
08:22:05.066,34,101.0,1079.0,42.0,21.0,11.49,83.5,16.0,14.1,14.5,12.9108766,74.893412,3.3,296.5,13.246,0
08:22:05.156,34,101.0,1079.0,42.0,21.0,11.38,83.5,16.0,14.1,14.5,12.9108827,74.8934005,3.4,296.5,13.275,0
08:22:05.247,34,101.0,1079.0,42.0,21.0,11.38,83.5,16.0,14.1,14.5,12.9108889,74.8933888,3.6,296.5,13.304,0
08:22:05.338,34,101.0,1079.0,42.0,21.0,11.38,83.5,16.0,14.1,14.5,12.9108951,74.8933772,3.7,296.4,13.333,0
08:22:05.427,34,101.0,1079.0,42.0,21.0,11.38,83.5,16.0,14.1,14.5,12.9109011,74.8933658,3.9,296.4,13.362,0
08:22:05.517,34,101.0,1079.0,42.0,21.0,11.38,83.5,16.0,14.1,14.5,12.9109073,74.8933542,4.0,296.4,13.39,0
08:22:05.609,34,101.0,1079.0,42.0,21.0,11.38,83.5,16.0,14.1,14.5,12.9109136,74.8933424,4.1,296.3,13.42,0
08:22:05.698,34,101.0,1079.0,42.0,21.0,11.38,83.5,16.0,14.1,14.5,12.9109196,74.893331,4.3,296.3,13.449,0
08:22:05.787,34,101.0,1090.0,42.0,21.0,11.38,83.5,16.0,14.1,14.5,12.9109257,74.8933196,4.4,296.3,13.477,0
08:22:05.876,34,101.0,1090.0,42.0,21.0,11.38,83.5,16.0,14.1,14.5,12.9109317,74.8933082,4.5,296.2,13.506,0
08:22:05.967,34,101.0,1090.0,42.0,21.0,11.38,83.5,16.0,14.1,14.5,12.9109379,74.8932965,4.7,296.2,13.535,0
08:22:06.057,34,101.0,1090.0,42.0,21.0,11.49,83.5,16.0,14.1,14.5,12.9109441,74.893285,4.8,296.2,13.564,0
08:22:06.147,34,101.0,1090.0,42.0,21.0,11.49,83.5,16.0,14.1,14.5,12.9109502,74.8932734,5.0,296.1,13.593,0
08:22:06.237,34,101.0,1090.0,42.0,21.0,11.49,83.5,16.0,14.1,14.5,12.9109563,74.8932619,5.1,296.1,13.622,0
08:22:06.327,34,101.0,1090.0,42.0,21.0,11.49,83.5,16.0,14.1,14.5,12.9109625,74.8932503,5.2,296.1,13.651,0
08:22:06.418,34,101.0,1090.0,42.0,21.0,11.49,83.5,16.0,14.1,14.5,12.9109687,74.8932387,5.4,296.0,13.68,0
08:22:06.507,34,101.0,1090.0,42.0,21.0,11.49,83.5,16.0,14.1,14.5,12.9109747,74.8932273,5.5,296.0,13.709,0
08:22:06.597,34,101.0,1090.0,42.0,21.0,11.49,83.5,16.0,14.1,14.5,12.9109809,74.8932157,5.7,296.0,13.737,0
08:22:06.658,34,101.0,1108.0,42.0,21.0,11.49,83.5,16.0,14.1,14.5,12.910985,74.8932079,5.7,295.9,13.757,0
08:22:06.747,34,101.0,1108.0,43.0,21.0,11.49,83.5,16.0,14.1,14.5,12.9109911,74.8931965,5.9,295.9,13.786,0
08:22:06.837,34,101.0,1108.0,43.0,21.0,11.49,83.5,16.0,14.1,14.5,12.9109972,74.8931849,6.0,295.9,13.815,0
08:22:06.927,34,101.0,1108.0,43.0,21.0,11.55,83.5,16.0,14.1,14.5,12.9110034,74.8931734,6.2,295.8,13.843,0
08:22:07.017,34,101.0,1108.0,43.0,21.0,11.55,83.5,16.0,14.1,14.5,12.9110095,74.8931619,6.3,295.8,13.872,0
08:22:07.107,34,101.0,1108.0,43.0,21.0,11.55,83.5,16.0,14.1,14.5,12.9110156,74.8931503,6.4,295.8,13.901,0
08:22:07.197,34,101.0,1108.0,43.0,21.0,11.55,83.5,16.0,14.1,14.5,12.9110218,74.8931388,6.6,295.7,13.93,0
08:22:07.287,34,101.0,1108.0,43.0,21.0,11.55,83.5,16.0,14.1,14.5,12.9110279,74.8931272,6.7,295.7,13.959,0
08:22:07.378,34,101.0,1108.0,43.0,21.0,11.55,83.5,16.0,14.1,14.5,12.9110341,74.8931156,6.9,295.7,13.988,0
08:22:07.467,34,101.0,1108.0,43.0,21.0,11.55,83.5,16.0,14.1,14.5,12.9110402,74.8931042,7.0,295.6,14.017,0
08:22:07.558,34,101.0,1124.0,43.0,21.0,11.55,83.5,16.0,14.1,14.5,12.9110464,74.8930925,7.1,295.6,14.046,0
08:22:07.648,34,101.0,1124.0,44.0,21.0,11.55,83.5,16.0,14.1,14.5,12.9110525,74.8930809,7.3,295.6,14.075,0
08:22:07.737,34,101.0,1124.0,44.0,21.0,11.55,83.5,16.0,14.1,14.5,12.9110585,74.8930695,7.4,295.5,14.104,0
08:22:07.827,34,101.0,1124.0,44.0,21.0,12.08,83.5,16.0,14.1,14.5,12.9110647,74.893058,7.6,295.5,14.133,0
08:22:07.917,34,101.0,1124.0,44.0,21.0,12.08,83.5,16.0,14.1,14.5,12.9110708,74.8930465,7.7,295.5,14.161,0
08:22:08.009,34,101.0,1124.0,44.0,21.0,12.08,83.5,16.0,14.1,14.5,12.9110771,74.8930347,7.8,295.4,14.191,0
08:22:08.096,34,101.0,1124.0,44.0,21.0,12.08,83.5,16.0,14.1,14.5,12.911083,74.8930235,8.0,295.4,14.219,0
08:22:08.187,34,101.0,1124.0,44.0,21.0,12.08,83.5,16.0,14.1,14.5,12.9110892,74.8930118,8.1,295.4,14.248,0
08:22:08.277,34,101.0,1124.0,44.0,21.0,12.08,83.5,16.0,14.1,14.5,12.9110953,74.8930003,8.2,295.3,14.277,0
08:22:08.367,34,101.0,1124.0,44.0,21.0,12.08,83.5,16.0,14.1,14.5,12.9111015,74.8929887,8.4,295.3,14.306,0
08:22:08.458,34,101.0,1125.0,44.0,21.0,12.08,83.5,16.0,14.1,14.5,12.9111077,74.8929771,8.5,295.3,14.335,0
08:22:08.547,34,101.0,1125.0,44.0,21.0,12.08,83.5,16.0,14.1,14.5,12.9111137,74.8929657,8.7,295.2,14.364,0
08:22:08.612,34,101.0,1125.0,44.0,22.0,12.08,83.5,16.0,14.1,14.5,12.9111182,74.8929573,8.8,295.2,14.385,0
08:22:08.697,34,101.0,1125.0,44.0,22.0,11.88,83.5,16.0,14.1,14.5,12.911124,74.8929464,8.9,295.2,14.412,0
08:22:08.787,34,101.0,1125.0,44.0,22.0,11.88,83.5,16.0,14.1,14.5,12.9111301,74.8929349,9.0,295.2,14.441,0
08:22:08.878,34,101.0,1125.0,44.0,22.0,11.88,83.5,16.0,14.1,14.5,12.9111363,74.8929232,9.2,295.1,14.47,0
08:22:08.969,34,101.0,1125.0,44.0,22.0,11.88,83.5,16.0,14.1,14.5,12.9111425,74.8929116,9.3,295.1,14.499,0
08:22:09.058,34,101.0,1125.0,44.0,22.0,11.88,83.5,16.0,14.1,14.5,12.9111486,74.8929001,9.4,295.1,14.528,0
08:22:09.147,34,101.0,1125.0,44.0,22.0,11.88,83.5,16.0,14.1,14.5,12.9111546,74.8928887,9.6,295.0,14.557,0
08:22:09.237,34,101.0,1125.0,44.0,22.0,11.88,83.5,16.0,14.1,14.5,12.9111608,74.8928772,9.7,295.0,14.586,0
08:22:09.327,34,101.0,1119.0,44.0,22.0,11.88,83.5,16.0,14.1,14.5,12.9111669,74.8928656,9.9,295.0,14.614,0
08:22:09.419,34,101.0,1119.0,44.0,22.0,11.88,83.5,16.0,14.1,14.5,12.9111732,74.8928538,10.0,294.9,14.644,0
08:22:09.507,34,101.0,1119.0,44.0,22.0,11.88,83.5,16.0,14.1,14.5,12.9111792,74.8928426,10.1,294.9,14.672,0
08:22:09.599,34,101.0,1119.0,44.0,22.0,11.83,83.5,16.0,14.1,14.5,12.9111854,74.8928308,10.3,294.9,14.702,0
08:22:09.687,34,101.0,1119.0,44.0,22.0,11.83,83.5,16.0,14.1,14.5,12.9111914,74.8928195,10.4,294.8,14.73,0
08:22:09.777,34,101.0,1119.0,44.0,22.0,11.83,83.5,16.0,14.1,14.5,12.9111975,74.8928079,10.6,294.8,14.759,0
08:22:09.869,34,101.0,1119.0,44.0,22.0,11.83,83.5,16.0,14.1,14.5,12.9112038,74.8927961,10.7,294.8,14.789,0
08:22:09.958,34,101.0,1119.0,44.0,22.0,11.83,83.5,16.0,14.1,14.5,12.9112099,74.8927847,10.8,294.7,14.817,0
08:22:10.047,34,101.0,1119.0,44.0,22.0,11.83,83.5,16.0,14.1,14.5,12.9112159,74.8927733,11.0,294.7,14.846,0
08:22:10.137,34,101.0,1119.0,44.0,22.0,11.83,83.5,16.0,14.1,14.5,12.9112221,74.8927618,11.1,294.7,14.875,0
08:22:10.227,34,101.0,1128.0,44.0,22.0,11.83,83.5,16.0,14.1,14.5,12.9112282,74.8927502,11.3,294.6,14.904,0
08:22:10.317,34,101.0,1128.0,43.0,22.0,11.83,83.5,16.0,14.1,14.5,12.9112343,74.8927387,11.4,294.6,14.932,0
08:22:10.407,34,101.0,1128.0,43.0,21.0,11.83,83.5,16.0,14.1,14.5,12.9112405,74.8927272,11.5,294.6,14.961,0
08:22:10.497,34,101.0,1128.0,43.0,21.0,11.61,83.5,16.0,14.1,14.5,12.9112466,74.8927156,11.7,294.5,14.99,0
08:22:10.558,34,101.0,1128.0,43.0,21.0,11.61,83.5,16.0,14.1,14.5,12.9112508,74.8927078,11.8,294.5,15.01,0
08:22:10.647,34,101.0,1128.0,43.0,21.0,11.61,83.5,16.0,14.1,14.5,12.9112568,74.8926964,11.9,294.5,15.038,0
08:22:10.711,34,101.0,1128.0,43.0,21.0,11.61,83.5,16.0,14.1,14.5,12.9112612,74.8926882,12.0,294.4,15.059,0
08:22:10.799,34,101.0,1128.0,43.0,21.0,11.61,83.5,16.0,14.1,14.5,12.9112672,74.8926769,12.1,294.4,15.087,0
08:22:10.887,34,101.0,1128.0,43.0,21.0,11.61,83.5,16.0,14.1,14.5,12.9112732,74.8926656,12.3,294.4,15.116,0
08:22:10.981,34,102.0,1128.0,43.0,21.0,11.61,83.5,16.0,14.1,14.5,12.9112796,74.8926535,12.4,294.3,15.146,0
08:22:11.067,34,102.0,908.0,43.0,21.0,11.61,83.5,16.0,14.1,14.5,12.9112854,74.8926425,12.5,294.3,15.173,0
08:22:11.157,34,102.0,908.0,44.0,21.0,11.61,83.5,16.0,14.1,14.5,12.9112916,74.892631,12.7,294.3,15.202,0
08:22:11.247,34,102.0,908.0,44.0,21.0,11.61,83.5,16.0,14.1,14.5,12.9112977,74.8926194,12.8,294.2,15.231,0
08:22:11.337,34,102.0,908.0,44.0,21.0,9.8,83.5,16.0,14.1,14.5,12.9113038,74.8926079,13.0,294.2,15.26,0
08:22:11.428,34,102.0,908.0,44.0,21.0,9.8,83.5,16.0,14.1,14.5,12.91131,74.8925962,13.1,294.2,15.289,0
08:22:11.517,34,102.0,908.0,44.0,21.0,9.8,83.5,16.0,14.1,14.5,12.9113161,74.8925848,13.2,294.1,15.318,0
08:22:11.607,34,102.0,908.0,44.0,21.0,9.8,83.5,16.0,14.1,14.5,12.9113222,74.8925733,13.4,294.1,15.347,0
08:22:11.698,34,102.0,908.0,44.0,21.0,9.8,83.5,16.0,14.1,14.5,12.9113284,74.8925616,13.5,294.1,15.376,0
08:22:11.758,34,102.0,908.0,44.0,21.0,9.8,83.5,16.0,14.1,14.5,12.9113325,74.8925539,13.6,294.1,15.395,0
08:22:11.847,34,100.0,908.0,44.0,21.0,9.8,83.5,16.0,14.1,14.5,12.9113386,74.8925425,13.7,294.0,15.424,0
08:22:11.908,34,100.0,1604.0,44.0,21.0,9.8,83.5,16.0,14.1,14.5,12.9113428,74.8925347,13.8,294.0,15.444,0
08:22:11.998,34,100.0,1604.0,44.0,21.0,9.8,83.5,16.0,14.1,14.5,12.9113489,74.8925231,14.0,294.0,15.473,0
08:22:12.087,34,100.0,1604.0,44.0,20.0,9.8,83.5,16.0,14.1,14.5,12.9113549,74.8925117,14.1,293.9,15.501,0
08:22:12.177,34,100.0,1604.0,44.0,20.0,18.44,83.5,16.0,14.1,14.5,12.9113611,74.8925002,14.3,293.9,15.53,0
08:22:12.267,34,100.0,1604.0,44.0,20.0,18.44,83.5,16.0,14.1,14.5,12.9113672,74.8924886,14.4,293.9,15.559,0
08:22:12.357,34,100.0,1604.0,44.0,20.0,18.44,83.5,16.0,14.1,14.5,12.9113733,74.8924771,14.5,293.8,15.588,0
08:22:12.448,34,100.0,1604.0,44.0,20.0,18.44,83.5,16.0,14.1,14.5,12.9113795,74.8924654,14.7,293.8,15.617,0
08:22:12.537,34,100.0,1604.0,44.0,20.0,18.44,83.5,16.0,14.1,14.5,12.9113856,74.892454,14.8,293.8,15.646,0
08:22:12.627,34,100.0,1604.0,44.0,20.0,18.44,83.5,16.0,14.1,14.5,12.9113917,74.8924425,15.0,293.7,15.675,0
08:22:12.718,34,106.0,1604.0,44.0,20.0,18.44,83.5,16.0,14.1,14.5,12.9113979,74.8924308,15.1,293.7,15.704,0
08:22:12.808,34,106.0,920.0,44.0,20.0,18.44,83.5,16.0,14.1,14.5,12.9114041,74.8924193,15.2,293.7,15.733,0
08:22:12.897,34,106.0,920.0,43.0,20.0,18.44,83.5,16.0,14.1,14.5,12.9114101,74.8924079,15.4,293.6,15.761,0
08:22:12.962,34,106.0,920.0,43.0,24.0,18.44,83.5,16.0,14.1,14.5,12.9114146,74.8923995,15.5,293.6,15.782,0
08:22:13.060,34,106.0,920.0,43.0,24.0,9.97,83.5,16.0,14.1,14.5,12.9114212,74.892387,15.6,293.6,15.814,0
08:22:13.108,34,106.0,920.0,43.0,24.0,9.97,83.5,16.0,14.1,14.5,12.9114245,74.8923808,15.7,293.6,15.829,0
08:22:13.197,34,106.0,920.0,43.0,24.0,9.97,83.5,16.0,14.1,14.5,12.9114306,74.8923694,15.8,293.5,15.858,0
08:22:13.319,34,106.0,920.0,43.0,24.0,9.97,83.5,16.0,14.1,14.5,12.9114389,74.8923537,16.0,293.5,15.897,0
08:22:13.407,34,106.0,920.0,43.0,24.0,9.97,83.5,16.0,14.1,14.5,12.9114449,74.8923425,16.2,293.4,15.925,0
08:22:13.497,34,106.0,920.0,43.0,24.0,9.97,83.5,16.0,14.1,14.5,12.911451,74.8923309,16.3,293.4,15.954,0
08:22:13.588,34,99.0,920.0,43.0,24.0,9.97,83.5,16.0,14.1,14.5,12.9114572,74.8923192,16.4,293.4,15.983,0
08:22:13.677,34,99.0,1585.0,43.0,24.0,9.97,83.5,16.0,14.1,14.5,12.9114633,74.8923078,16.6,293.3,16.012,0
08:22:13.767,34,99.0,1585.0,38.0,24.0,9.97,83.5,16.0,14.1,14.5,12.9114694,74.8922963,16.7,293.3,16.041,0
08:22:13.857,34,99.0,1585.0,38.0,21.0,9.97,83.5,16.0,14.1,14.5,12.9114756,74.8922848,16.8,293.3,16.07,0
08:22:13.947,34,99.0,1585.0,38.0,21.0,19.47,83.5,16.0,14.1,14.5,12.9114817,74.8922732,17.0,293.2,16.099,0
08:22:14.039,34,99.0,1585.0,38.0,21.0,19.47,83.5,16.0,14.1,14.5,12.911488,74.8922614,17.1,293.2,16.128,0
08:22:14.126,34,99.0,1585.0,38.0,21.0,19.47,83.5,16.0,14.1,14.5,12.9114939,74.8922503,17.3,293.2,16.156,0
08:22:14.217,34,99.0,1585.0,38.0,21.0,19.47,83.5,16.0,14.1,14.5,12.9115001,74.8922386,17.4,293.1,16.185,0
08:22:14.307,34,99.0,1585.0,38.0,21.0,19.47,83.5,16.0,14.1,14.5,12.9115062,74.892227,17.5,293.1,16.214,0
08:22:14.398,34,99.0,1585.0,38.0,21.0,19.47,83.5,16.0,14.1,14.5,12.9115124,74.8922154,17.7,293.1,16.244,0
08:22:14.487,34,101.0,1585.0,38.0,21.0,19.47,83.5,16.0,14.1,14.5,12.9115185,74.892204,17.8,293.0,16.272,0
08:22:14.578,34,101.0,1936.0,38.0,21.0,19.47,83.5,16.0,14.1,14.5,12.9115247,74.8921923,18.0,293.0,16.301,0
08:22:14.667,34,101.0,1936.0,33.0,21.0,19.47,83.5,16.0,14.1,14.5,12.9115308,74.8921813,18.0,293.1,16.296,0
08:22:14.757,34,101.0,1936.0,33.0,24.0,19.47,83.5,16.0,14.1,14.5,12.911537,74.8921703,17.9,293.2,16.275,0
08:22:14.847,34,101.0,1936.0,33.0,24.0,19.8,83.5,16.0,14.1,14.5,12.9115433,74.8921593,17.9,293.4,16.254,0
08:22:14.910,34,101.0,1936.0,33.0,24.0,19.8,83.5,16.0,14.1,14.5,12.9115476,74.8921516,17.8,293.5,16.239,0
08:22:14.998,34,101.0,1936.0,33.0,24.0,19.8,83.5,16.0,14.1,14.5,12.9115537,74.8921408,17.8,293.6,16.218,0
08:22:15.058,34,101.0,1936.0,33.0,24.0,19.8,83.5,16.0,14.1,14.5,12.9115578,74.8921335,17.8,293.7,16.204,0
08:22:15.147,34,101.0,1936.0,33.0,24.0,19.8,83.5,16.0,14.1,14.5,12.911564,74.8921226,17.7,293.8,16.184,0
08:22:15.237,34,101.0,1936.0,33.0,24.0,19.8,83.5,16.0,14.1,14.5,12.9115702,74.8921116,17.7,294.0,16.163,0
08:22:15.328,34,109.0,1936.0,33.0,24.0,19.8,83.5,16.0,14.1,14.5,12.9115765,74.8921005,17.6,294.1,16.141,0
08:22:15.417,34,109.0,1736.0,33.0,24.0,19.8,83.5,16.0,14.1,14.5,12.9115827,74.8920896,17.6,294.2,16.121,0
08:22:15.508,34,109.0,1736.0,30.0,24.0,19.8,83.5,16.0,14.1,14.5,12.911589,74.8920785,17.5,294.4,16.1,0
08:22:15.598,34,109.0,1736.0,30.0,25.0,19.8,83.5,16.0,14.1,14.5,12.9115952,74.8920675,17.5,294.5,16.079,0
08:22:15.660,34,109.0,1736.0,30.0,25.0,18.94,83.5,16.0,14.1,14.5,12.9115995,74.89206,17.4,294.6,16.064,0
08:22:15.747,34,109.0,1736.0,30.0,25.0,18.94,83.5,16.0,14.1,14.5,12.9116055,74.8920493,17.4,294.8,16.044,0
08:22:15.811,34,109.0,1736.0,30.0,25.0,18.94,83.5,16.0,14.1,14.5,12.9116099,74.8920415,17.4,294.9,16.029,0
08:22:15.897,34,109.0,1736.0,30.0,25.0,18.94,83.5,16.0,14.1,14.5,12.9116159,74.892031,17.3,295.0,16.009,0
08:22:15.988,34,109.0,1736.0,30.0,25.0,18.94,83.5,16.0,14.1,14.5,12.9116222,74.8920199,17.3,295.1,15.988,0
08:22:16.078,34,109.0,1736.0,30.0,25.0,18.94,83.5,16.0,14.1,14.5,12.9116284,74.8920089,17.2,295.3,15.967,0
08:22:16.167,34,110.0,1736.0,30.0,25.0,18.94,83.5,16.0,14.1,14.5,12.9116345,74.891998,17.2,295.4,15.946,0
08:22:16.257,34,110.0,1617.0,30.0,25.0,18.94,83.5,16.0,14.1,14.5,12.9116408,74.891987,17.1,295.5,15.925,0
08:22:16.347,34,110.0,1617.0,28.0,25.0,18.94,83.5,16.0,14.1,14.5,12.911647,74.891976,17.1,295.7,15.904,0
08:22:16.438,34,110.0,1617.0,28.0,24.0,18.94,83.5,16.0,14.1,14.5,12.9116533,74.8919649,17.0,295.8,15.883,0
08:22:16.528,34,110.0,1617.0,28.0,24.0,17.69,83.5,16.0,14.1,14.5,12.9116595,74.8919539,17.0,296.0,15.862,0
08:22:16.617,34,110.0,1617.0,28.0,24.0,17.69,83.5,16.0,14.1,14.5,12.9116657,74.891943,16.9,296.1,15.841,0
08:22:16.707,34,110.0,1617.0,28.0,24.0,17.69,83.5,16.0,14.1,14.5,12.9116719,74.891932,16.9,296.2,15.82,0
08:22:16.797,34,110.0,1617.0,28.0,24.0,17.69,83.5,16.0,17.6,14.5,12.9116781,74.8919211,16.8,296.4,15.799,0
08:22:16.859,34,110.0,1617.0,28.0,24.0,17.69,83.5,16.0,17.6,18.8,12.9116824,74.8919135,16.8,296.5,15.785,0
08:22:16.948,34,110.0,1617.0,28.0,24.0,17.69,83.5,16.0,17.6,18.8,12.9116885,74.8919026,16.7,296.6,15.764,0
08:22:17.009,34,109.0,1617.0,28.0,24.0,17.69,83.5,16.0,17.6,18.8,12.9116928,74.8918952,16.7,296.7,15.75,0
08:22:17.097,34,109.0,1546.0,28.0,24.0,17.69,83.5,16.0,17.6,18.8,12.9116989,74.8918844,16.7,296.8,15.729,0
08:22:17.187,34,109.0,1546.0,27.0,24.0,17.69,83.5,16.0,17.6,18.8,12.9117051,74.8918734,16.6,297.0,15.708,0
08:22:17.277,34,109.0,1546.0,27.0,24.0,17.69,83.5,16.0,17.6,18.8,12.9117113,74.8918624,16.6,297.1,15.687,0
08:22:17.367,34,109.0,1546.0,27.0,24.0,16.94,83.5,16.0,17.6,18.8,12.9117175,74.8918514,16.5,297.2,15.666,0
08:22:17.458,34,109.0,1546.0,27.0,24.0,16.94,83.5,16.0,17.6,18.8,12.9117238,74.8918403,16.5,297.4,15.645,0
08:22:17.547,34,109.0,1546.0,27.0,24.0,16.94,83.5,16.0,17.6,18.8,12.91173,74.8918294,16.4,297.5,15.624,0
08:22:17.638,34,109.0,1546.0,27.0,24.0,16.94,83.5,16.0,23.1,18.8,12.9117363,74.8918183,16.4,297.7,15.603,0
08:22:17.727,34,109.0,1546.0,27.0,24.0,16.94,83.5,16.0,23.1,22.7,12.9117424,74.8918074,16.3,297.8,15.582,0
08:22:17.817,34,109.0,1546.0,27.0,24.0,16.94,83.5,16.0,23.1,22.7,12.9117486,74.8917964,16.3,297.9,15.561,0
08:22:17.908,34,110.0,1546.0,27.0,24.0,16.94,83.5,16.0,23.1,22.7,12.9117549,74.8917853,16.2,298.1,15.54,0
08:22:17.997,34,110.0,1524.0,27.0,24.0,16.94,83.5,16.0,23.1,22.7,12.9117611,74.8917745,16.2,298.2,15.519,0
08:22:18.058,34,110.0,1524.0,26.0,24.0,16.94,83.5,16.0,23.1,22.7,12.9117653,74.891767,16.1,298.3,15.505,0
08:22:18.146,34,110.0,1524.0,26.0,23.0,16.94,83.5,16.0,23.1,22.7,12.9117714,74.8917563,16.1,298.4,15.485,0
08:22:18.208,34,110.0,1524.0,26.0,23.0,17.66,83.5,16.0,23.1,22.7,12.9117757,74.8917487,16.1,298.5,15.47,0
08:22:18.298,34,110.0,1524.0,26.0,23.0,17.66,83.5,16.0,23.1,22.7,12.9117819,74.8917377,16.0,298.7,15.449,0
08:22:18.388,34,110.0,1524.0,26.0,23.0,17.66,83.5,16.0,23.1,22.7,12.9117881,74.8917267,16.0,298.8,15.428,0
08:22:18.478,34,110.0,1524.0,26.0,23.0,17.66,83.5,16.0,23.5,22.7,12.9117944,74.8917157,15.9,299.0,15.407,0
08:22:18.567,34,110.0,1524.0,26.0,23.0,17.66,83.5,16.0,23.5,23.5,12.9118005,74.8917048,15.9,299.1,15.387,0
08:22:18.657,34,110.0,1524.0,26.0,23.0,17.66,83.5,16.0,23.5,23.5,12.9118067,74.8916938,15.8,299.2,15.366,0
08:22:18.748,34,111.0,1524.0,26.0,23.0,17.66,83.5,16.0,23.5,23.5,12.911813,74.8916827,15.8,299.4,15.344,0
08:22:18.808,34,111.0,1540.0,26.0,23.0,17.66,83.5,16.0,23.5,23.5,12.9118172,74.8916754,15.7,299.5,15.33,0
08:22:18.898,34,111.0,1540.0,26.0,23.0,17.66,83.5,16.0,23.5,23.5,12.9118234,74.8916644,15.7,299.6,15.309,0
08:22:18.961,34,111.0,1540.0,26.0,23.0,17.66,83.5,16.0,23.5,23.5,12.9118278,74.8916567,15.7,299.7,15.295,0
08:22:19.048,34,111.0,1540.0,26.0,23.0,16.61,83.5,16.0,23.5,23.5,12.9118338,74.8916461,15.6,299.8,15.274,0
08:22:19.108,34,111.0,1540.0,26.0,23.0,16.61,83.5,16.0,23.5,23.5,12.9118379,74.8916387,15.6,299.9,15.26,0
08:22:19.198,34,111.0,1540.0,26.0,23.0,16.61,83.5,16.0,23.5,23.5,12.9118441,74.8916277,15.5,300.1,15.239,0
08:22:19.258,34,111.0,1540.0,26.0,23.0,16.61,83.5,16.0,28.6,23.5,12.9118483,74.8916204,15.5,300.2,15.225,0
08:22:19.347,34,111.0,1540.0,26.0,23.0,16.61,83.5,16.0,28.6,28.6,12.9118544,74.8916095,15.4,300.3,15.205,0
08:22:19.408,34,111.0,1540.0,26.0,23.0,16.61,83.5,16.0,28.6,28.6,12.9118587,74.8916021,15.4,300.4,15.191,0
08:22:19.497,34,101.0,1540.0,26.0,23.0,16.61,83.5,16.0,28.6,28.6,12.9118648,74.8915912,15.4,300.5,15.17,0
08:22:19.587,34,101.0,1559.0,26.0,23.0,16.61,83.5,16.0,28.6,28.6,12.911871,74.8915802,15.3,300.7,15.149,0
08:22:19.651,34,101.0,1559.0,27.0,23.0,16.61,83.5,16.0,28.6,28.6,12.9118755,74.8915724,15.3,300.8,15.134,0
08:22:19.708,34,101.0,1559.0,27.0,23.0,16.61,83.5,16.0,28.6,28.6,12.9118794,74.8915654,15.3,300.9,15.121,0
08:22:19.798,34,101.0,1559.0,27.0,23.0,16.77,83.5,16.0,28.6,28.6,12.9118856,74.8915544,15.2,301.0,15.1,0
08:22:19.858,34,101.0,1559.0,27.0,23.0,16.77,83.5,16.0,28.6,28.6,12.9118898,74.8915471,15.2,301.1,15.086,0
08:22:19.947,34,101.0,1559.0,27.0,23.0,16.77,83.5,16.0,28.6,28.6,12.9118959,74.8915362,15.1,301.2,15.065,0
08:22:20.009,34,101.0,1559.0,27.0,23.0,16.77,83.5,16.0,26.3,28.6,12.9119002,74.8915287,15.1,301.3,15.05,0
08:22:20.097,34,101.0,1559.0,27.0,23.0,16.77,83.5,16.0,26.3,26.7,12.9119063,74.8915179,15.0,301.4,15.03,0
08:22:20.158,35,101.0,1559.0,27.0,23.0,16.77,83.5,16.0,26.3,26.7,12.9119105,74.8915105,15.0,301.5,15.016,0
08:22:20.247,35,98.0,1559.0,27.0,23.0,16.77,83.5,16.0,26.3,26.7,12.9119167,74.8914996,15.0,301.7,14.995,0
08:22:20.308,35,98.0,1605.0,27.0,23.0,16.77,83.5,16.0,26.3,26.7,12.9119209,74.8914921,14.9,301.8,14.981,0
08:22:20.398,35,98.0,1605.0,28.0,23.0,16.77,83.5,16.0,26.3,26.7,12.9119271,74.8914811,14.9,301.9,14.96,0
08:22:20.459,35,98.0,1605.0,28.0,23.0,16.77,83.5,16.0,26.3,26.7,12.9119313,74.8914737,14.8,302.0,14.946,0
08:22:20.547,35,98.0,1605.0,28.0,23.0,16.63,83.5,16.0,26.3,26.7,12.9119374,74.8914629,14.8,302.1,14.925,0
08:22:20.609,35,98.0,1605.0,28.0,23.0,16.63,83.5,16.0,26.3,26.7,12.9119417,74.8914554,14.8,302.2,14.911,0
08:22:20.701,35,98.0,1605.0,28.0,23.0,16.63,83.5,16.0,26.3,26.7,12.9119481,74.8914441,14.7,302.4,14.889,0
08:22:20.761,35,98.0,1605.0,28.0,23.0,16.63,83.5,16.0,24.7,26.7,12.9119522,74.8914368,14.7,302.5,14.875,0
08:22:20.848,35,98.0,1605.0,28.0,23.0,16.63,83.5,16.0,24.7,23.1,12.9119582,74.8914262,14.6,302.6,14.855,0
08:22:20.909,35,98.0,1605.0,28.0,23.0,16.63,83.5,16.0,24.7,23.1,12.9119625,74.8914187,14.6,302.7,14.841,0
08:22:20.999,35,97.0,1605.0,28.0,23.0,16.63,83.5,16.0,24.7,23.1,12.9119687,74.8914077,14.6,302.8,14.82,0
08:22:21.058,35,97.0,1633.0,28.0,23.0,16.63,83.5,16.0,24.7,23.1,12.9119728,74.8914005,14.5,302.9,14.806,0
08:22:21.146,35,97.0,1633.0,28.0,23.0,16.63,83.5,16.0,24.7,23.1,12.9119789,74.8913898,14.5,303.1,14.785,0
08:22:21.208,35,97.0,1633.0,28.0,23.0,16.63,83.5,16.0,24.7,23.1,12.9119831,74.8913822,14.4,303.2,14.771,0
08:22:21.298,35,97.0,1633.0,28.0,23.0,16.44,83.5,16.0,24.7,23.1,12.9119894,74.8913712,14.4,303.3,14.75,0
08:22:21.358,35,97.0,1633.0,28.0,23.0,16.44,83.5,16.0,24.7,23.1,12.9119935,74.8913639,14.4,303.4,14.736,0
08:22:21.447,35,97.0,1633.0,28.0,23.0,16.44,83.5,16.0,24.7,23.1,12.9119997,74.891353,14.3,303.5,14.715,0
08:22:21.537,35,97.0,1633.0,28.0,23.0,16.44,83.5,16.0,27.5,23.1,12.9120059,74.891342,14.3,303.7,14.694,0
08:22:21.629,35,97.0,1633.0,28.0,23.0,16.44,83.5,16.0,27.5,29.4,12.9120123,74.8913308,14.2,303.8,14.673,0
08:22:21.717,35,97.0,1633.0,28.0,23.0,16.44,83.5,16.0,27.5,29.4,12.9120183,74.89132,14.2,303.9,14.652,0
08:22:21.808,35,101.0,1633.0,28.0,23.0,16.44,83.5,16.0,27.5,29.4,12.9120246,74.8913089,14.1,304.1,14.631,0
08:22:21.905,35,101.0,1619.0,28.0,23.0,16.44,83.5,16.0,27.5,29.4,12.9120313,74.891297,14.1,304.2,14.609,0
08:22:21.988,35,101.0,1619.0,28.0,23.0,16.44,83.5,16.0,27.5,29.4,12.9120371,74.8912869,14.0,304.4,14.589,0
08:22:22.049,35,101.0,1619.0,28.0,23.0,16.44,83.5,16.0,27.5,29.4,12.9120413,74.8912795,14.0,304.5,14.575,0
08:22:22.137,35,101.0,1619.0,28.0,23.0,22.22,83.5,16.0,27.5,29.4,12.9120474,74.8912687,13.9,304.6,14.554,0
08:22:22.228,35,101.0,1619.0,28.0,23.0,22.22,83.5,16.0,27.5,29.4,12.9120537,74.8912576,13.9,304.7,14.533,0
08:22:22.318,35,101.0,1619.0,28.0,23.0,22.22,83.5,16.0,27.5,29.4,12.9120599,74.8912466,13.8,304.9,14.512,0
08:22:22.407,35,101.0,1619.0,28.0,23.0,22.22,83.5,16.0,41.6,29.4,12.9120661,74.8912357,13.8,305.0,14.492,0
08:22:22.497,35,101.0,1619.0,28.0,23.0,22.22,83.5,16.0,41.6,42.7,12.9120723,74.8912247,13.8,305.1,14.471,0
08:22:22.587,35,101.0,1619.0,28.0,23.0,22.22,83.5,16.0,41.6,42.7,12.9120785,74.8912137,13.7,305.3,14.45,0
08:22:22.677,35,115.0,1619.0,28.0,23.0,22.22,83.5,16.0,41.6,42.7,12.9120847,74.8912027,13.7,305.4,14.429,0
08:22:22.768,35,115.0,1780.0,28.0,23.0,22.22,83.5,16.0,41.6,42.7,12.912091,74.8911916,13.6,305.6,14.407,0
08:22:22.857,35,115.0,1780.0,30.0,23.0,22.22,83.5,16.0,41.6,42.7,12.9120972,74.8911807,13.6,305.7,14.387,0
08:22:22.947,35,115.0,1780.0,30.0,23.0,22.22,83.5,16.0,41.6,42.7,12.9121034,74.8911697,13.5,305.8,14.366,0
08:22:23.037,35,115.0,1780.0,30.0,23.0,34.05,83.5,16.0,41.6,42.7,12.9121096,74.8911588,13.5,306.0,14.345,0
08:22:23.156,35,115.0,1780.0,30.0,23.0,34.05,83.5,16.0,41.6,42.7,12.9121179,74.8911442,13.4,306.2,14.317,0
08:22:23.247,35,115.0,1780.0,30.0,23.0,34.05,83.5,16.0,41.6,42.7,12.9121241,74.8911331,13.3,306.3,14.296,0
08:22:23.338,35,115.0,1780.0,30.0,23.0,34.05,83.5,16.0,49.0,42.7,12.9121304,74.891122,13.3,306.4,14.275,0
08:22:23.428,35,115.0,1780.0,30.0,23.0,34.05,83.5,16.0,49.0,49.8,12.9121367,74.891111,13.2,306.6,14.254,0
08:22:23.517,35,115.0,1780.0,30.0,23.0,34.05,83.5,16.0,49.0,49.8,12.9121428,74.8911001,13.2,306.7,14.233,0
08:22:23.607,35,163.0,1780.0,30.0,23.0,34.05,83.5,16.0,49.0,49.8,12.912149,74.8910891,13.2,306.8,14.212,0
08:22:23.701,35,163.0,2129.0,30.0,23.0,34.05,83.5,16.0,49.0,49.8,12.9121555,74.8910776,13.1,307.0,14.19,0
08:22:23.788,35,163.0,2129.0,36.0,23.0,34.05,83.5,16.0,49.0,49.8,12.9121616,74.891067,13.1,307.1,14.17,0
08:22:23.877,35,163.0,2129.0,36.0,26.0,34.05,83.5,16.0,49.0,49.8,12.9121677,74.8910561,13.0,307.3,14.149,0
08:22:23.967,35,163.0,2129.0,36.0,26.0,60.41,83.5,16.0,49.0,49.8,12.9121739,74.8910451,13.0,307.4,14.128,0
08:22:24.057,35,163.0,2129.0,36.0,26.0,60.41,83.5,16.0,49.0,49.8,12.9121802,74.8910341,12.9,307.5,14.107,0
08:22:24.147,35,163.0,2129.0,36.0,26.0,60.41,83.5,16.0,49.0,49.8,12.9121864,74.8910232,12.9,307.7,14.086,0
08:22:24.238,35,163.0,2129.0,36.0,26.0,60.41,83.5,16.0,30.2,49.8,12.9121927,74.891012,12.8,307.8,14.065,0
08:22:24.327,35,163.0,2129.0,36.0,26.0,60.41,83.5,16.0,30.2,14.5,12.9121988,74.8910012,12.8,308.0,14.044,0
08:22:24.417,35,163.0,2129.0,36.0,26.0,60.41,83.5,16.0,30.2,14.5,12.9122051,74.8909902,12.7,308.1,14.023,0
08:22:24.507,35,116.0,2129.0,36.0,26.0,60.41,83.5,16.0,30.2,14.5,12.9122113,74.8909792,12.7,308.2,14.002,0
08:22:24.598,35,116.0,1975.0,36.0,26.0,60.41,83.5,16.0,30.2,14.5,12.9122176,74.8909681,12.6,308.4,13.981,0
08:22:24.688,35,116.0,1975.0,41.0,26.0,60.41,83.5,16.0,30.2,14.5,12.9122238,74.8909571,12.6,308.5,13.96,0
08:22:24.777,35,116.0,1975.0,41.0,28.0,60.41,83.5,16.0,30.2,14.5,12.91223,74.8909462,12.5,308.6,13.939,0
08:22:24.867,35,116.0,1975.0,41.0,28.0,29.05,83.5,16.0,30.2,14.5,12.9122362,74.8909352,12.5,308.8,13.918,0
08:22:24.957,35,116.0,1975.0,41.0,28.0,29.05,31.0,16.0,30.2,14.5,12.9122424,74.8909242,12.4,308.9,13.897,0
08:22:25.046,35,116.0,1975.0,41.0,28.0,29.05,31.0,16.0,30.2,14.5,12.9122486,74.8909133,12.4,309.1,13.876,0
08:22:25.137,35,116.0,1975.0,41.0,28.0,29.05,31.0,16.0,43.1,14.5,12.9122548,74.8909022,12.3,309.2,13.855,0
08:22:25.228,35,116.0,1975.0,41.0,28.0,29.05,31.0,16.0,43.1,47.5,12.9122611,74.8908911,12.3,309.3,13.834,0
08:22:25.319,35,116.0,1975.0,41.0,28.0,29.05,31.0,16.0,43.1,47.5,12.9122674,74.89088,12.2,309.5,13.813,0
08:22:25.407,35,111.0,1975.0,41.0,28.0,29.05,31.0,16.0,43.1,47.5,12.9122735,74.8908692,12.2,309.6,13.792,0
08:22:25.497,35,111.0,1637.0,41.0,28.0,29.05,31.0,16.0,43.1,47.5,12.9122797,74.8908582,12.1,309.8,13.771,0
08:22:25.587,35,111.0,1637.0,44.0,28.0,29.05,31.0,16.0,43.1,47.5,12.912286,74.8908472,12.1,309.9,13.75,0
08:22:25.650,35,111.0,1637.0,44.0,26.0,29.05,31.0,16.0,43.1,47.5,12.9122903,74.8908395,12.1,310.0,13.736,0
08:22:25.737,35,111.0,1637.0,44.0,26.0,22.24,31.0,16.0,43.1,47.5,12.9122963,74.8908289,12.0,310.1,13.715,0
08:22:25.827,35,111.0,1637.0,44.0,26.0,22.24,44.7,16.0,43.1,47.5,12.9123026,74.8908179,12.0,310.3,13.694,0
08:22:25.917,35,111.0,1637.0,44.0,26.0,22.24,44.7,16.0,43.1,47.5,12.9123088,74.8908069,11.9,310.4,13.673,0
08:22:26.007,35,111.0,1637.0,44.0,26.0,22.24,44.7,16.0,14.1,47.5,12.912315,74.8907959,11.9,310.5,13.652,0
08:22:26.097,35,111.0,1637.0,44.0,26.0,22.24,44.7,16.0,14.1,14.5,12.9123212,74.8907849,11.8,310.7,13.631,0
08:22:26.187,35,111.0,1637.0,44.0,26.0,22.24,44.7,16.0,14.1,14.5,12.9123275,74.8907739,11.8,310.8,13.611,0
08:22:26.278,35,100.0,1637.0,44.0,26.0,22.24,44.7,16.0,14.1,14.5,12.9123338,74.8907628,11.7,311.0,13.589,0
08:22:26.367,35,100.0,948.0,44.0,26.0,22.24,44.7,16.0,14.1,14.5,12.9123399,74.890752,11.7,311.1,13.569,0
08:22:26.459,35,100.0,948.0,46.0,26.0,22.24,44.7,16.0,14.1,14.5,12.9123463,74.8907407,11.6,311.2,13.547,0
08:22:26.548,35,100.0,948.0,46.0,24.0,22.24,44.7,16.0,14.1,14.5,12.9123524,74.8907298,11.6,311.4,13.526,0
08:22:26.641,35,100.0,948.0,46.0,24.0,16.99,44.7,16.0,14.1,14.5,12.9123589,74.8907185,11.5,311.5,13.505,0
08:22:26.727,35,100.0,948.0,46.0,24.0,16.99,78.8,16.0,14.1,14.5,12.9123648,74.890708,11.5,311.6,13.485,0
08:22:26.817,35,100.0,948.0,46.0,24.0,16.99,78.8,16.0,14.1,14.5,12.912371,74.890697,11.4,311.8,13.464,0
08:22:26.907,35,100.0,948.0,46.0,24.0,16.99,78.8,16.0,14.1,14.5,12.9123773,74.890686,11.4,311.9,13.443,0
08:22:26.998,35,100.0,948.0,46.0,24.0,16.99,78.8,16.0,14.1,14.5,12.9123835,74.8906749,11.3,312.1,13.421,0
08:22:27.087,35,100.0,948.0,46.0,24.0,16.99,78.8,16.0,14.1,14.5,12.9123897,74.890664,11.3,312.2,13.401,0
08:22:27.148,35,102.0,948.0,46.0,24.0,16.99,78.8,16.0,14.1,14.5,12.9123939,74.8906565,11.2,312.3,13.387,0
08:22:27.237,35,102.0,1867.0,46.0,24.0,16.99,78.8,16.0,14.1,14.5,12.9124001,74.8906457,11.2,312.4,13.366,0
08:22:27.298,35,102.0,1867.0,43.0,24.0,16.99,78.8,16.0,14.1,14.5,12.9124043,74.8906382,11.2,312.5,13.352,0
08:22:27.387,35,102.0,1867.0,43.0,22.0,16.99,78.8,16.0,14.1,14.5,12.9124104,74.8906273,11.1,312.7,13.331,0
08:22:27.478,35,102.0,1867.0,43.0,22.0,26.88,78.8,16.0,14.1,14.5,12.9124167,74.8906162,11.1,312.8,13.31,0
08:22:27.568,35,102.0,1867.0,43.0,22.0,26.88,83.5,16.0,14.1,14.5,12.912423,74.8906052,11.0,312.9,13.289,0
08:22:27.660,35,102.0,1867.0,43.0,22.0,26.88,83.5,16.0,14.1,14.5,12.912429,74.8905968,11.1,313.0,13.275,0
08:22:27.747,35,102.0,1867.0,43.0,22.0,26.88,83.5,16.0,14.1,14.5,12.9124346,74.8905907,11.2,313.0,13.267,0
08:22:27.838,35,102.0,1867.0,43.0,22.0,26.88,83.5,16.0,14.1,14.5,12.9124404,74.8905843,11.3,313.0,13.259,0
08:22:27.928,35,102.0,1867.0,43.0,22.0,26.88,83.5,16.0,14.1,14.5,12.9124461,74.8905779,11.5,313.0,13.25,0
08:22:28.018,35,114.0,1867.0,43.0,22.0,26.88,83.5,16.0,14.1,14.5,12.9124518,74.8905716,11.6,313.0,13.242,0
08:22:28.107,35,114.0,2320.0,43.0,22.0,26.88,83.5,16.0,14.1,14.5,12.9124575,74.8905653,11.7,313.0,13.234,0
08:22:28.197,35,114.0,2320.0,40.0,22.0,26.88,83.5,16.0,14.1,14.5,12.9124632,74.890559,11.9,313.0,13.226,0
08:22:28.287,35,114.0,2320.0,40.0,20.0,26.88,83.5,16.0,14.1,14.5,12.9124689,74.8905526,12.0,313.0,13.217,0
08:22:28.349,35,114.0,2320.0,40.0,20.0,31.66,83.5,16.0,14.1,14.5,12.9124729,74.8905483,12.1,313.0,13.212,0
08:22:28.438,35,114.0,2320.0,40.0,20.0,31.66,83.5,16.0,14.1,14.5,12.9124786,74.890542,12.2,313.0,13.204,0
08:22:28.499,35,114.0,2320.0,40.0,20.0,31.66,83.5,16.0,14.1,14.5,12.9124824,74.8905377,12.3,313.0,13.198,0
08:22:28.587,35,114.0,2320.0,40.0,20.0,31.66,83.5,16.0,14.1,14.5,12.912488,74.8905315,12.4,313.0,13.19,0
08:22:28.677,35,114.0,2320.0,40.0,20.0,31.66,83.5,16.0,14.1,14.5,12.9124938,74.8905251,12.5,313.0,13.182,0
08:22:28.767,35,114.0,2320.0,40.0,20.0,31.66,83.5,16.0,14.1,14.5,12.9124995,74.8905188,12.7,313.0,13.173,0
08:22:28.857,35,120.0,2320.0,40.0,20.0,31.66,83.5,16.0,14.1,14.5,12.9125052,74.8905125,12.8,313.0,13.165,0
08:22:28.949,35,120.0,1984.0,40.0,20.0,31.66,83.5,16.0,14.1,14.5,12.9125111,74.890506,12.9,313.0,13.157,0
08:22:29.038,35,120.0,1984.0,34.0,20.0,31.66,83.5,16.0,14.1,14.5,12.9125168,74.8904997,13.1,313.0,13.149,0
08:22:29.126,35,120.0,1984.0,34.0,25.0,31.66,83.5,16.0,14.1,14.5,12.9125224,74.8904935,13.2,313.0,13.141,0
08:22:29.217,35,120.0,1984.0,34.0,25.0,21.88,83.5,16.0,14.1,14.5,12.9125282,74.8904871,13.3,313.0,13.132,0
08:22:29.307,35,120.0,1984.0,34.0,25.0,21.88,83.5,16.0,14.1,14.5,12.9125339,74.8904807,13.4,313.0,13.124,0
08:22:29.398,35,120.0,1984.0,34.0,25.0,21.88,83.5,16.0,14.1,14.5,12.9125397,74.8904743,13.6,313.0,13.116,0
08:22:29.488,35,120.0,1984.0,34.0,25.0,21.88,83.5,16.0,14.1,14.5,12.9125454,74.890468,13.7,313.0,13.107,0
08:22:29.549,35,120.0,1984.0,34.0,25.0,21.88,83.5,16.0,14.1,14.5,12.9125493,74.8904637,13.8,313.0,13.102,0
08:22:29.638,35,120.0,1984.0,34.0,25.0,21.88,83.5,16.0,14.1,14.5,12.912555,74.8904574,13.9,313.0,13.094,0
08:22:29.728,35,116.0,1984.0,34.0,25.0,21.88,83.5,16.0,14.1,14.5,12.9125607,74.8904511,14.1,313.0,13.085,0
08:22:29.818,35,116.0,1572.0,34.0,25.0,21.88,83.5,16.0,14.1,14.5,12.9125664,74.8904447,14.2,313.0,13.077,0
08:22:29.908,35,116.0,1572.0,27.0,25.0,21.88,83.5,16.0,14.1,14.5,12.9125721,74.8904384,14.3,313.0,13.069,0
08:22:29.999,35,116.0,1572.0,27.0,22.0,21.88,83.5,16.0,14.1,14.5,12.9125779,74.890432,14.4,313.0,13.061,0
08:22:30.087,35,116.0,1572.0,27.0,22.0,16.63,83.5,16.0,14.1,14.5,12.9125835,74.8904258,14.6,313.0,13.052,0
08:22:30.177,35,116.0,1572.0,27.0,22.0,16.63,83.5,16.0,14.1,14.5,12.9125893,74.8904194,14.7,313.0,13.044,0
08:22:30.268,35,116.0,1572.0,27.0,22.0,16.63,83.5,16.0,14.1,14.5,12.9125951,74.890413,14.8,313.0,13.036,0
08:22:30.358,35,116.0,1572.0,27.0,22.0,16.63,83.5,16.0,14.1,14.5,12.9126008,74.8904067,15.0,313.0,13.028,0
08:22:30.447,35,116.0,1572.0,27.0,22.0,16.63,83.5,16.0,14.1,14.5,12.9126065,74.8904004,15.1,313.0,13.019,0
08:22:30.567,35,116.0,1572.0,27.0,22.0,16.63,83.5,16.0,14.1,14.5,12.9126141,74.8903919,15.3,313.0,13.008,0
08:22:30.658,35,111.0,1572.0,27.0,22.0,16.63,83.5,16.0,14.1,14.5,12.9126199,74.8903855,15.4,313.0,13.0,0
08:22:30.749,35,111.0,1307.0,27.0,22.0,16.63,83.5,16.0,14.1,14.5,12.9126257,74.8903791,15.5,313.0,12.992,0
08:22:30.837,35,111.0,1307.0,22.0,22.0,16.63,83.5,16.0,14.1,14.5,12.9126313,74.8903729,15.7,313.0,12.984,0
08:22:30.899,35,111.0,1307.0,22.0,20.0,16.63,83.5,16.0,14.1,14.5,12.9126352,74.8903685,15.7,313.0,12.978,0
08:22:30.987,35,111.0,1307.0,22.0,20.0,13.8,83.5,16.0,14.1,14.5,12.9126408,74.8903623,15.9,313.0,12.97,0
08:22:31.051,35,111.0,1307.0,22.0,20.0,13.8,83.5,16.0,14.1,14.5,12.9126449,74.8903578,16.0,313.0,12.964,0
08:22:31.137,35,111.0,1307.0,22.0,20.0,13.8,83.5,16.0,14.1,14.5,12.9126504,74.8903517,16.1,313.0,12.956,0
08:22:31.198,35,111.0,1307.0,22.0,20.0,13.8,83.5,16.0,14.1,14.5,12.9126543,74.8903474,16.2,313.0,12.951,0
08:22:31.288,35,111.0,1307.0,22.0,20.0,13.8,83.5,16.0,14.1,14.5,12.91266,74.8903411,16.3,313.0,12.942,0
08:22:31.377,35,111.0,1307.0,22.0,20.0,13.8,83.5,16.0,14.1,14.5,12.9126657,74.8903348,16.4,313.0,12.934,0
08:22:31.467,35,107.0,1307.0,22.0,20.0,13.8,83.5,16.0,14.1,14.5,12.9126714,74.8903285,16.6,313.0,12.926,0
08:22:31.557,35,107.0,1229.0,22.0,20.0,13.8,83.5,16.0,14.1,14.5,12.9126771,74.8903221,16.7,313.0,12.918,0
08:22:31.647,35,107.0,1229.0,21.0,20.0,13.8,83.5,16.0,14.1,14.5,12.9126829,74.8903158,16.8,313.0,12.909,0
08:22:31.738,35,107.0,1229.0,21.0,20.0,13.8,83.5,16.0,14.1,14.5,12.9126887,74.8903094,16.9,313.0,12.901,0
08:22:31.827,35,107.0,1229.0,21.0,20.0,13.13,83.5,16.0,14.1,14.5,12.9126943,74.8903031,17.1,313.0,12.893,0
08:22:31.917,35,107.0,1229.0,21.0,20.0,13.13,83.5,16.0,14.1,14.5,12.9127001,74.8902968,17.2,313.0,12.885,0
08:22:32.007,35,107.0,1229.0,21.0,20.0,13.13,83.5,16.0,14.1,14.5,12.9127058,74.8902904,17.3,313.0,12.876,0
08:22:32.097,35,107.0,1229.0,21.0,20.0,13.13,83.5,16.0,23.9,14.5,12.9127115,74.8902841,17.5,313.0,12.868,0
08:22:32.188,35,107.0,1229.0,21.0,20.0,13.13,83.5,16.0,23.9,23.9,12.9127173,74.8902777,17.6,313.0,12.86,0
08:22:32.248,35,107.0,1229.0,21.0,20.0,13.13,83.5,16.0,23.9,23.9,12.9127211,74.8902734,17.7,313.0,12.854,0
08:22:32.338,35,105.0,1229.0,21.0,20.0,13.13,83.5,16.0,23.9,23.9,12.9127269,74.8902671,17.8,313.0,12.846,0
08:22:32.399,35,105.0,1268.0,21.0,20.0,13.13,83.5,16.0,23.9,23.9,12.9127307,74.8902628,17.9,313.0,12.841,0
08:22:32.487,35,105.0,1268.0,21.0,20.0,13.13,83.5,16.0,23.9,23.9,12.9127363,74.8902566,18.0,313.0,12.832,0
08:22:32.577,35,105.0,1268.0,21.0,20.0,13.13,83.5,16.0,23.9,23.9,12.9127421,74.8902502,18.2,313.0,12.824,0
08:22:32.679,35,105.0,1268.0,21.0,20.0,14.02,83.5,16.0,23.9,23.9,12.9127486,74.890243,18.3,313.0,12.815,0
08:22:32.758,35,105.0,1268.0,21.0,20.0,14.02,83.5,16.0,23.9,23.9,12.9127536,74.8902375,18.4,313.0,12.808,0
08:22:32.848,35,105.0,1268.0,21.0,20.0,14.02,83.5,16.0,23.9,23.9,12.9127593,74.8902311,18.5,313.0,12.799,0
08:22:32.937,35,105.0,1268.0,21.0,20.0,14.02,83.5,16.0,22.0,23.9,12.912765,74.8902249,18.7,313.0,12.791,0
08:22:33.032,35,105.0,1268.0,21.0,20.0,14.02,83.5,16.0,22.0,22.0,12.912771,74.8902182,18.8,313.0,12.783,0
08:22:33.117,35,105.0,1268.0,21.0,20.0,14.02,83.5,16.0,22.0,22.0,12.9127765,74.8902122,18.9,313.0,12.775,0
08:22:33.207,35,98.0,1268.0,21.0,20.0,14.02,83.5,16.0,22.0,22.0,12.9127822,74.8902058,19.1,313.0,12.766,0
08:22:33.297,35,98.0,1301.0,21.0,20.0,14.02,83.5,16.0,22.0,22.0,12.9127879,74.8901995,19.2,313.0,12.758,0
08:22:33.388,35,98.0,1301.0,22.0,20.0,14.02,83.5,16.0,22.0,22.0,12.9127937,74.8901931,19.3,313.0,12.75,0
08:22:33.449,35,98.0,1301.0,22.0,20.0,14.02,83.5,16.0,22.0,22.0,12.9127976,74.8901888,19.4,313.0,12.744,0
08:22:33.537,35,98.0,1301.0,22.0,20.0,13.19,83.5,16.0,22.0,22.0,12.9128032,74.8901826,19.5,313.0,12.736,0
08:22:33.599,35,98.0,1301.0,22.0,20.0,13.19,83.5,16.0,22.0,22.0,12.9128071,74.8901782,19.6,313.0,12.731,0
08:22:33.688,35,98.0,1301.0,22.0,20.0,13.19,83.5,16.0,22.0,22.0,12.9128128,74.8901719,19.8,313.0,12.722,0
08:22:33.779,35,98.0,1301.0,22.0,20.0,13.19,83.5,16.0,25.1,22.0,12.9128186,74.8901655,19.9,313.0,12.714,0
08:22:33.867,35,98.0,1301.0,22.0,20.0,13.19,83.5,16.0,25.1,25.1,12.9128242,74.8901593,20.0,313.0,12.706,0
08:22:33.959,35,98.0,1301.0,22.0,20.0,13.19,83.5,16.0,25.1,25.1,12.9128301,74.8901528,20.1,313.0,12.698,0
08:22:34.069,35,97.0,1301.0,22.0,20.0,13.19,83.5,16.0,25.1,25.1,12.9128371,74.8901451,20.3,313.0,12.687,0
08:22:34.137,35,97.0,1344.0,22.0,20.0,13.19,83.5,16.0,25.1,25.1,12.9128414,74.8901403,20.4,313.0,12.681,0
08:22:34.228,35,97.0,1344.0,23.0,20.0,13.19,83.5,16.0,25.1,25.1,12.9128472,74.8901339,20.5,313.1,12.673,0
08:22:34.288,35,97.0,1344.0,23.0,20.0,13.19,83.5,16.0,25.1,25.1,12.912851,74.8901296,20.6,313.1,12.667,0
08:22:34.349,35,97.0,1344.0,23.0,20.0,14.11,83.5,16.0,25.1,25.1,12.9128549,74.8901253,20.7,313.1,12.662,0
08:22:34.437,35,97.0,1344.0,23.0,20.0,14.11,83.5,16.0,25.1,25.1,12.9128605,74.8901191,20.8,313.1,12.654,0
08:22:34.499,35,97.0,1344.0,23.0,20.0,14.11,83.5,16.0,25.1,25.1,12.9128644,74.8901148,20.9,313.1,12.648,0
08:22:34.588,35,97.0,1344.0,23.0,20.0,14.11,83.5,16.0,27.1,25.1,12.9128701,74.8901085,21.1,313.1,12.64,0
08:22:34.649,35,97.0,1344.0,23.0,20.0,14.11,83.5,16.0,27.1,27.1,12.912874,74.8901042,21.1,313.1,12.634,0
08:22:34.737,36,97.0,1344.0,23.0,20.0,14.11,83.5,16.0,27.1,27.1,12.9128796,74.890098,21.3,313.1,12.626,0
08:22:34.799,36,96.0,1344.0,23.0,20.0,14.11,83.5,16.0,27.1,27.1,12.9128835,74.8900936,21.4,313.1,12.621,0
08:22:34.887,36,96.0,1413.0,23.0,20.0,14.11,83.5,16.0,27.1,27.1,12.9128891,74.8900874,21.5,313.1,12.612,0
08:22:34.978,36,96.0,1413.0,24.0,20.0,14.11,83.5,16.0,27.1,27.1,12.9128949,74.890081,21.6,313.1,12.604,0
08:22:35.067,36,96.0,1413.0,24.0,21.0,14.11,83.5,16.0,27.1,27.1,12.9129006,74.8900747,21.7,313.1,12.596,0
08:22:35.157,36,96.0,1413.0,24.0,21.0,15.69,83.5,16.0,27.1,27.1,12.9129063,74.8900684,21.9,313.1,12.588,0
08:22:35.247,36,96.0,1413.0,24.0,21.0,15.69,83.5,16.0,27.1,27.1,12.9129121,74.890062,22.0,313.1,12.579,0
08:22:35.338,36,96.0,1413.0,24.0,21.0,15.69,83.5,16.0,27.1,27.1,12.9129179,74.8900556,22.1,313.1,12.571,0
08:22:35.398,36,96.0,1413.0,24.0,21.0,15.69,83.5,16.0,33.7,27.1,12.9129217,74.8900514,22.2,313.1,12.566,0
08:22:35.488,36,96.0,1413.0,24.0,21.0,15.69,83.5,16.0,33.7,34.9,12.9129274,74.890045,22.3,313.1,12.557,0
08:22:35.607,36,96.0,1413.0,24.0,21.0,15.69,83.5,16.0,33.7,34.9,12.912935,74.8900366,22.5,313.1,12.546,0
08:22:35.697,36,97.0,1413.0,24.0,21.0,15.69,83.5,16.0,33.7,34.9,12.9129407,74.8900303,22.6,313.1,12.538,0
08:22:35.788,36,97.0,1556.0,24.0,21.0,15.69,83.5,16.0,33.7,34.9,12.9129465,74.8900239,22.8,313.1,12.53,0
08:22:35.850,36,97.0,1556.0,26.0,21.0,15.69,83.5,16.0,33.7,34.9,12.9129505,74.8900195,22.9,313.1,12.524,0
08:22:35.938,36,97.0,1556.0,26.0,22.0,15.69,83.5,16.0,33.7,34.9,12.9129561,74.8900133,23.0,313.1,12.516,0
08:22:35.998,36,97.0,1556.0,26.0,22.0,18.66,83.5,16.0,33.7,34.9,12.9129599,74.8900091,23.1,313.1,12.511,0
08:22:36.087,36,97.0,1556.0,26.0,22.0,18.66,83.5,16.0,33.7,34.9,12.9129655,74.8900028,23.2,313.1,12.502,0
08:22:36.148,36,97.0,1556.0,26.0,22.0,18.66,83.5,16.0,33.7,34.9,12.9129694,74.8899985,23.3,313.1,12.497,0
08:22:36.237,36,97.0,1556.0,26.0,22.0,18.66,83.5,16.0,33.7,34.9,12.9129751,74.8899922,23.4,313.1,12.489,0
08:22:36.298,36,97.0,1556.0,26.0,22.0,18.66,83.5,16.0,33.7,34.1,12.912979,74.8899879,23.5,313.1,12.483,0
08:22:36.387,36,97.0,1556.0,26.0,22.0,18.66,83.5,16.0,33.7,34.1,12.9129846,74.8899817,23.6,313.1,12.475,0
08:22:36.448,36,102.0,1556.0,26.0,22.0,18.66,83.5,16.0,33.7,34.1,12.9129885,74.8899774,23.7,313.1,12.469,0
08:22:36.537,36,102.0,1688.0,26.0,22.0,18.66,83.5,16.0,33.7,34.1,12.9129942,74.8899711,23.9,313.1,12.461,0
08:22:36.658,36,102.0,1688.0,29.0,22.0,18.66,83.5,16.0,33.7,34.1,12.9130019,74.8899626,24.0,313.1,12.45,0
08:22:36.747,36,102.0,1688.0,29.0,22.0,18.66,83.5,16.0,33.7,34.1,12.9130076,74.8899563,24.2,313.1,12.442,0
08:22:36.867,36,102.0,1688.0,29.0,22.0,21.72,83.5,16.0,33.7,34.1,12.9130152,74.8899478,24.3,313.1,12.431,0
08:22:36.959,36,102.0,1688.0,29.0,22.0,21.72,83.5,16.0,33.7,34.1,12.9130211,74.8899413,24.5,313.1,12.423,0
08:22:37.047,36,102.0,1688.0,29.0,22.0,21.72,83.5,16.0,33.7,34.1,12.9130267,74.8899351,24.6,313.1,12.414,0
08:22:37.137,36,102.0,1688.0,29.0,22.0,21.72,83.5,16.0,37.6,34.1,12.9130324,74.8899288,24.7,313.1,12.406,0
08:22:37.198,36,102.0,1688.0,29.0,22.0,21.72,83.5,16.0,37.6,38.0,12.9130363,74.8899245,24.8,313.1,12.401,0
08:22:37.287,36,102.0,1688.0,29.0,22.0,21.72,83.5,16.0,37.6,38.0,12.9130419,74.8899182,24.9,313.1,12.392,0
08:22:37.378,36,114.0,1688.0,29.0,22.0,21.72,83.5,16.0,37.6,38.0,12.9130477,74.8899118,25.1,313.1,12.384,0
08:22:37.469,36,114.0,1842.0,29.0,22.0,21.72,83.5,16.0,37.6,38.0,12.9130535,74.8899054,25.2,313.1,12.376,0
08:22:37.558,36,114.0,1842.0,32.0,22.0,21.72,83.5,16.0,37.6,38.0,12.9130592,74.8898991,25.3,313.1,12.368,0
08:22:37.649,36,114.0,1842.0,32.0,23.0,21.72,83.5,16.0,37.6,38.0,12.913065,74.8898927,25.5,313.1,12.359,0
08:22:37.737,36,114.0,1842.0,32.0,23.0,25.91,83.5,16.0,37.6,38.0,12.9130706,74.8898865,25.6,313.1,12.351,0
08:22:37.799,36,114.0,1842.0,32.0,23.0,25.91,83.5,16.0,37.6,38.0,12.9130745,74.8898821,25.7,313.1,12.346,0
08:22:37.888,36,114.0,1842.0,32.0,23.0,25.91,83.5,16.0,37.6,38.0,12.9130802,74.8898759,25.8,313.1,12.337,0
08:22:37.949,36,114.0,1842.0,32.0,23.0,25.91,83.5,16.0,40.0,38.0,12.9130841,74.8898716,25.9,313.1,12.332,0
08:22:38.038,36,114.0,1842.0,32.0,23.0,25.91,83.5,16.0,40.0,40.8,12.9130898,74.8898653,26.0,313.1,12.324,0
08:22:38.156,36,114.0,1842.0,32.0,23.0,25.91,83.5,16.0,40.0,40.8,12.9130973,74.889857,26.2,313.1,12.313,0
08:22:38.246,36,127.0,1842.0,32.0,23.0,25.91,83.5,16.0,40.0,40.8,12.913103,74.8898506,26.3,313.1,12.305,0
08:22:38.337,36,127.0,2040.0,32.0,23.0,25.91,83.5,16.0,40.0,40.8,12.9131088,74.8898442,26.4,313.1,12.296,0
08:22:38.397,36,127.0,2040.0,34.0,23.0,25.91,83.5,16.0,40.0,40.8,12.9131126,74.88984,26.5,313.1,12.291,0
08:22:38.487,36,127.0,2040.0,34.0,24.0,25.91,83.5,16.0,40.0,40.8,12.9131184,74.8898336,26.7,313.1,12.282,0
08:22:38.548,36,127.0,2040.0,34.0,24.0,28.24,83.5,16.0,40.0,40.8,12.9131222,74.8898293,26.8,313.1,12.277,0
08:22:38.637,36,127.0,2040.0,34.0,24.0,28.24,83.5,16.0,40.0,40.8,12.9131279,74.8898231,26.9,313.1,12.269,0
08:22:38.700,36,127.0,2040.0,34.0,24.0,28.24,83.5,16.0,40.0,40.8,12.9131319,74.8898186,27.0,313.1,12.263,0
08:22:38.788,36,127.0,2040.0,34.0,24.0,28.24,83.5,16.0,14.1,40.8,12.9131375,74.8898124,27.1,313.1,12.255,0
08:22:38.849,36,127.0,2040.0,34.0,24.0,28.24,83.5,16.0,14.1,14.5,12.9131414,74.8898081,27.2,313.1,12.249,0
08:22:38.938,36,127.0,2040.0,34.0,24.0,28.24,83.5,16.0,14.1,14.5,12.9131471,74.8898018,27.3,313.1,12.241,0
08:22:39.028,36,114.0,2040.0,34.0,24.0,28.24,83.5,16.0,14.1,14.5,12.9131528,74.8897955,27.4,313.1,12.233,0
08:22:39.088,36,114.0,1327.0,34.0,24.0,28.24,83.5,16.0,14.1,14.5,12.9131566,74.8897913,27.5,313.1,12.227,0
08:22:39.148,36,114.0,1327.0,36.0,24.0,28.24,83.5,16.0,14.1,14.5,12.9131604,74.889787,27.6,313.1,12.222,0
08:22:39.238,36,114.0,1327.0,36.0,22.0,28.24,83.5,16.0,14.1,14.5,12.9131662,74.8897807,27.7,313.1,12.214,0
08:22:39.328,36,114.0,1327.0,36.0,22.0,12.52,83.5,16.0,14.1,14.5,12.9131719,74.8897744,27.9,313.1,12.205,0
08:22:39.389,36,114.0,1327.0,36.0,22.0,12.52,83.5,16.0,14.1,14.5,12.9131758,74.8897701,28.0,313.1,12.2,0
08:22:39.449,36,114.0,1327.0,36.0,22.0,12.52,83.5,16.0,14.1,14.5,12.9131796,74.8897658,28.0,313.1,12.194,0
08:22:39.537,36,114.0,1327.0,36.0,22.0,12.52,83.5,16.0,51.0,14.5,12.9131852,74.8897596,28.2,313.1,12.186,0
08:22:39.599,36,114.0,1327.0,36.0,22.0,12.52,83.5,16.0,51.0,52.9,12.9131891,74.8897552,28.3,313.1,12.181,0
08:22:39.687,36,114.0,1327.0,36.0,22.0,12.52,83.5,16.0,51.0,52.9,12.9131948,74.889749,28.4,313.1,12.172,0
08:22:39.749,36,115.0,1327.0,36.0,22.0,12.52,83.5,16.0,51.0,52.9,12.9131987,74.8897447,28.5,313.1,12.167,0
08:22:39.838,36,115.0,1467.0,36.0,22.0,12.52,83.5,16.0,51.0,52.9,12.9132044,74.8897384,28.6,313.1,12.159,0
08:22:39.901,36,115.0,1467.0,39.0,22.0,12.52,83.5,16.0,51.0,52.9,12.9132084,74.889734,28.7,313.1,12.153,0
08:22:39.989,36,115.0,1467.0,39.0,22.0,12.52,83.5,16.0,51.0,52.9,12.913214,74.8897278,28.8,313.1,12.145,0
08:22:40.048,36,115.0,1467.0,39.0,22.0,32.58,83.5,16.0,51.0,52.9,12.9132177,74.8897236,28.9,313.1,12.139,0
08:22:40.137,36,115.0,1467.0,39.0,22.0,32.58,83.5,16.0,51.0,52.9,12.9132234,74.8897173,29.0,313.1,12.131,0
08:22:40.198,36,115.0,1467.0,39.0,22.0,32.58,83.5,16.0,51.0,52.9,12.9132273,74.889713,29.1,313.1,12.126,0
08:22:40.288,36,115.0,1467.0,39.0,22.0,32.58,83.5,16.0,45.9,52.9,12.913233,74.8897067,29.3,313.1,12.117,0
08:22:40.350,36,115.0,1467.0,39.0,22.0,32.58,83.5,16.0,45.9,45.5,12.913237,74.8897023,29.3,313.1,12.112,0
08:22:40.438,36,115.0,1467.0,39.0,22.0,32.58,83.5,16.0,45.9,45.5,12.9132426,74.8896961,29.5,313.1,12.104,0
08:22:40.529,36,137.0,1467.0,39.0,22.0,32.58,83.5,16.0,45.9,45.5,12.9132484,74.8896897,29.6,313.1,12.095,0
08:22:40.589,36,137.0,1637.0,39.0,22.0,32.58,83.5,16.0,45.9,45.5,12.9132522,74.8896855,29.7,313.1,12.09,0
08:22:40.650,36,137.0,1637.0,44.0,22.0,32.58,83.5,16.0,45.9,45.5,12.9132561,74.8896812,29.8,313.1,12.084,0
08:22:40.740,36,137.0,1637.0,44.0,23.0,32.58,83.5,16.0,45.9,45.5,12.9132618,74.8896748,29.9,313.1,12.076,0
08:22:40.828,36,137.0,1637.0,44.0,23.0,22.36,83.5,16.0,45.9,45.5,12.9132668,74.8896691,30.0,313.1,12.06,0
08:22:40.919,36,137.0,1637.0,44.0,23.0,22.36,83.5,16.0,45.9,45.5,12.9132704,74.8896646,30.2,313.0,12.02,0
08:22:41.007,36,137.0,1637.0,44.0,23.0,22.36,83.5,16.0,45.9,45.5,12.9132739,74.8896603,30.4,312.9,11.982,0
08:22:41.097,36,137.0,1637.0,44.0,23.0,22.36,83.5,16.0,14.1,45.5,12.9132774,74.8896559,30.6,312.8,11.943,0
08:22:41.187,36,137.0,1637.0,44.0,23.0,22.36,83.5,16.0,14.1,14.5,12.913281,74.8896514,30.8,312.7,11.904,0
08:22:41.248,36,137.0,1637.0,44.0,23.0,22.36,83.5,16.0,14.1,14.5,12.9132834,74.8896484,30.9,312.7,11.877,0
08:22:41.337,36,94.0,1637.0,44.0,23.0,22.36,83.5,16.0,14.1,14.5,12.9132869,74.8896441,31.1,312.6,11.838,0
08:22:41.399,36,94.0,1695.0,44.0,23.0,22.36,83.5,16.0,14.1,14.5,12.9132893,74.889641,31.2,312.5,11.811,0
08:22:41.487,36,94.0,1695.0,46.0,23.0,22.36,83.5,16.0,14.1,14.5,12.9132928,74.8896367,31.4,312.4,11.773,0
08:22:41.548,36,94.0,1695.0,46.0,24.0,22.36,83.5,16.0,14.1,14.5,12.9132952,74.8896337,31.5,312.4,11.746,0
08:22:41.638,36,94.0,1695.0,46.0,24.0,26.55,83.5,16.0,14.1,14.5,12.9132987,74.8896293,31.7,312.3,11.707,0
08:22:41.728,36,94.0,1695.0,46.0,24.0,26.55,31.0,16.0,14.1,14.5,12.9133023,74.8896248,31.9,312.2,11.668,0
08:22:41.791,36,94.0,1695.0,46.0,24.0,26.55,31.0,16.0,14.1,14.5,12.9133047,74.8896217,32.0,312.1,11.641,0
08:22:41.849,36,94.0,1695.0,46.0,24.0,26.55,31.0,16.0,14.1,14.5,12.913307,74.8896189,32.1,312.1,11.615,0
08:22:41.937,36,94.0,1695.0,46.0,24.0,26.55,31.0,16.0,14.1,14.5,12.9133105,74.8896146,32.3,312.0,11.577,0
08:22:41.999,36,94.0,1695.0,46.0,24.0,26.55,31.0,16.0,14.1,14.5,12.9133129,74.8896115,32.4,311.9,11.55,0
08:22:42.088,36,105.0,1695.0,46.0,24.0,26.55,31.0,16.0,14.1,14.5,12.9133164,74.8896071,32.6,311.8,11.511,0
08:22:42.148,36,105.0,1709.0,46.0,24.0,26.55,31.0,16.0,14.1,14.5,12.9133188,74.8896042,32.7,311.8,11.485,0
08:22:42.237,36,105.0,1709.0,46.0,24.0,26.55,31.0,16.0,14.1,14.5,12.9133223,74.8895998,32.9,311.7,11.446,0
08:22:42.298,36,105.0,1709.0,46.0,23.0,26.55,31.0,16.0,14.1,14.5,12.9133247,74.8895968,33.0,311.6,11.42,0
08:22:42.387,36,105.0,1709.0,46.0,23.0,17.88,31.0,16.0,14.1,14.5,12.9133282,74.8895924,33.2,311.5,11.381,0
08:22:42.448,36,105.0,1709.0,46.0,23.0,17.88,83.5,16.0,14.1,14.5,12.9133306,74.8895894,33.3,311.5,11.354,0
08:22:42.538,36,105.0,1709.0,46.0,23.0,17.88,83.5,16.0,14.1,14.5,12.9133342,74.889585,33.5,311.4,11.315,0
08:22:42.599,36,105.0,1709.0,46.0,23.0,17.88,83.5,16.0,14.1,14.5,12.9133366,74.889582,33.6,311.3,11.289,0
08:22:42.687,36,105.0,1709.0,46.0,23.0,17.88,83.5,16.0,14.1,14.5,12.91334,74.8895777,33.8,311.2,11.25,0
08:22:42.749,36,105.0,1709.0,46.0,23.0,17.88,83.5,16.0,14.1,14.5,12.9133425,74.8895746,33.9,311.2,11.223,0
08:22:42.838,36,111.0,1709.0,46.0,23.0,17.88,83.5,16.0,14.1,14.5,12.913346,74.8895702,34.1,311.1,11.185,0
08:22:42.900,36,111.0,1715.0,46.0,23.0,17.88,83.5,16.0,14.1,14.5,12.9133484,74.8895672,34.3,311.0,11.158,0
08:22:42.987,36,111.0,1715.0,46.0,23.0,17.88,83.5,16.0,14.1,14.5,12.9133518,74.8895629,34.4,310.9,11.12,0
08:22:43.048,36,111.0,1715.0,46.0,22.0,17.88,83.5,16.0,14.1,14.5,12.9133542,74.8895599,34.6,310.9,11.093,0
08:22:43.137,36,111.0,1715.0,46.0,22.0,19.91,83.5,16.0,14.1,14.5,12.9133577,74.8895555,34.7,310.8,11.054,0
08:22:43.197,36,111.0,1715.0,46.0,22.0,19.91,83.5,16.0,14.1,14.5,12.9133601,74.8895526,34.9,310.7,11.028,0
08:22:43.287,36,111.0,1715.0,46.0,22.0,19.91,83.5,16.0,14.1,14.5,12.9133636,74.8895481,35.0,310.6,10.989,0
08:22:43.347,36,111.0,1715.0,46.0,22.0,19.91,83.5,16.0,14.1,14.5,12.913366,74.8895452,35.2,310.6,10.963,0
08:22:43.437,36,111.0,1715.0,46.0,22.0,19.91,83.5,16.0,14.1,14.5,12.9133695,74.8895408,35.3,310.5,10.924,0
08:22:43.498,36,111.0,1715.0,46.0,22.0,19.91,83.5,16.0,14.1,14.5,12.9133719,74.8895378,35.5,310.4,10.897,0
08:22:43.587,36,113.0,1715.0,46.0,22.0,19.91,83.5,16.0,14.1,14.5,12.9133755,74.8895334,35.6,310.3,10.858,0
08:22:43.648,36,113.0,1722.0,46.0,22.0,19.91,83.5,16.0,14.1,14.5,12.9133779,74.8895304,35.8,310.3,10.832,0
08:22:43.737,36,113.0,1722.0,46.0,22.0,19.91,83.5,16.0,14.1,14.5,12.9133814,74.889526,35.9,310.2,10.793,0
08:22:43.798,36,113.0,1722.0,46.0,21.0,19.91,83.5,16.0,14.1,14.5,12.9133838,74.889523,36.1,310.1,10.767,0
08:22:43.887,36,113.0,1722.0,46.0,21.0,20.08,83.5,16.0,14.1,14.5,12.9133873,74.8895186,36.3,310.0,10.728,0
08:22:43.949,36,113.0,1722.0,46.0,21.0,20.08,83.5,16.0,14.1,14.5,12.9133897,74.8895156,36.4,310.0,10.701,0
08:22:44.037,36,113.0,1722.0,46.0,21.0,20.08,83.5,16.0,14.1,14.5,12.9133932,74.8895112,36.6,309.9,10.662,0
08:22:44.098,36,113.0,1722.0,46.0,21.0,20.08,83.5,16.0,14.1,14.5,12.9133956,74.8895082,36.7,309.8,10.636,0
08:22:44.188,36,113.0,1722.0,46.0,21.0,20.08,83.5,16.0,14.1,14.5,12.9133991,74.8895038,36.9,309.7,10.597,0
08:22:44.248,36,113.0,1722.0,46.0,21.0,20.08,83.5,16.0,14.1,14.5,12.9134015,74.8895009,37.0,309.7,10.571,0
08:22:44.337,36,114.0,1722.0,46.0,21.0,20.08,83.5,16.0,14.1,14.5,12.913405,74.8894965,37.2,309.6,10.532,0
08:22:44.398,36,114.0,1733.0,46.0,21.0,20.08,83.5,16.0,14.1,14.5,12.9134074,74.8894935,37.3,309.5,10.505,0
08:22:44.487,36,114.0,1733.0,47.0,21.0,20.08,83.5,16.0,14.1,14.5,12.9134109,74.8894891,37.5,309.4,10.466,0
08:22:44.548,36,114.0,1733.0,47.0,22.0,20.08,83.5,16.0,14.1,14.5,12.9134133,74.8894861,37.6,309.4,10.44,0
08:22:44.638,36,114.0,1733.0,47.0,22.0,20.33,83.5,16.0,14.1,14.5,12.9134168,74.8894817,37.8,309.3,10.401,0
08:22:44.698,36,114.0,1733.0,47.0,22.0,20.33,83.5,16.0,14.1,14.5,12.9134192,74.8894787,37.9,309.2,10.375,0
08:22:44.787,36,114.0,1733.0,47.0,22.0,20.33,83.5,16.0,14.1,14.5,12.9134227,74.8894744,38.1,309.1,10.336,0
08:22:44.849,36,114.0,1733.0,47.0,22.0,20.33,83.5,16.0,14.1,14.5,12.9134251,74.8894713,38.2,309.1,10.309,0
08:22:44.937,36,114.0,1733.0,47.0,22.0,20.33,83.5,16.0,14.1,14.5,12.9134286,74.889467,38.4,309.0,10.27,0
08:22:44.999,36,114.0,1733.0,47.0,22.0,20.33,83.5,16.0,14.1,14.5,12.913431,74.8894639,38.5,308.9,10.243,0
08:22:45.087,36,114.0,1733.0,47.0,22.0,20.33,83.5,16.0,14.1,14.5,12.9134345,74.8894596,38.7,308.8,10.205,0
08:22:45.148,36,114.0,1738.0,47.0,22.0,20.33,83.5,16.0,14.1,14.5,12.9134369,74.8894566,38.8,308.8,10.179,0
08:22:45.238,36,114.0,1738.0,47.0,22.0,20.33,83.5,16.0,14.1,14.5,12.9134404,74.8894522,39.0,308.7,10.139,0
08:22:45.299,36,114.0,1738.0,47.0,22.0,20.33,83.5,16.0,14.1,14.5,12.9134428,74.8894492,39.1,308.6,10.113,0
08:22:45.388,36,114.0,1738.0,47.0,22.0,20.36,83.5,16.0,14.1,14.5,12.9134464,74.8894448,39.3,308.5,10.074,0
08:22:45.449,36,114.0,1738.0,47.0,22.0,20.36,83.5,16.0,14.1,14.5,12.9134488,74.8894418,39.4,308.5,10.048,0
08:22:45.537,36,114.0,1738.0,47.0,22.0,20.36,83.5,16.0,14.1,14.5,12.9134522,74.8894375,39.6,308.4,10.009,0
08:22:45.628,36,114.0,1738.0,47.0,22.0,20.36,83.5,16.0,14.1,14.5,12.9134558,74.889433,39.8,308.3,9.97,0
08:22:45.688,36,114.0,1738.0,47.0,22.0,20.36,83.5,16.0,14.1,14.5,12.9134582,74.88943,39.9,308.2,9.943,0
08:22:45.749,37,114.0,1738.0,47.0,22.0,20.36,83.5,16.0,14.1,14.5,12.9134606,74.889427,40.0,308.2,9.917,0
08:22:45.838,37,114.0,1738.0,47.0,22.0,20.36,83.5,16.0,14.1,14.5,12.9134641,74.8894227,40.2,308.1,9.878,0
08:22:45.900,37,114.0,1755.0,47.0,22.0,20.36,83.5,16.0,14.1,14.5,12.9134665,74.8894196,40.3,308.0,9.851,0
08:22:45.988,37,114.0,1755.0,47.0,22.0,20.36,83.5,16.0,14.1,14.5,12.91347,74.8894153,40.5,307.9,9.813,0
08:22:46.052,37,114.0,1755.0,47.0,22.0,20.36,83.5,16.0,14.1,14.5,12.9134725,74.8894121,40.6,307.9,9.785,0
08:22:46.137,37,114.0,1755.0,47.0,22.0,20.33,83.5,16.0,14.1,14.5,12.9134758,74.8894079,40.8,307.8,9.748,0
08:22:46.228,37,114.0,1755.0,47.0,22.0,20.33,83.5,16.0,14.1,14.5,12.9134794,74.8894035,41.0,307.7,9.708,0
08:22:46.291,37,114.0,1755.0,47.0,22.0,20.33,83.5,16.0,14.1,14.5,12.9134819,74.8894004,41.1,307.6,9.681,0
08:22:46.349,37,114.0,1755.0,47.0,22.0,20.33,83.5,16.0,14.1,14.5,12.9134842,74.8893975,41.2,307.6,9.656,0
08:22:46.438,37,114.0,1755.0,47.0,22.0,20.33,83.5,16.0,14.1,14.5,12.9134877,74.8893931,41.4,307.5,9.617,0
08:22:46.500,37,114.0,1755.0,47.0,22.0,20.33,83.5,16.0,14.1,14.5,12.9134901,74.8893901,41.6,307.4,9.59,0
08:22:46.587,37,114.0,1755.0,47.0,22.0,20.33,83.5,16.0,14.1,14.5,12.9134936,74.8893858,41.7,307.3,9.552,0
08:22:46.650,37,114.0,1758.0,47.0,22.0,20.33,83.5,16.0,14.1,14.5,12.913496,74.8893827,41.9,307.3,9.524,0
08:22:46.738,37,114.0,1758.0,47.0,22.0,20.33,83.5,16.0,14.1,14.5,12.9134995,74.8893784,42.0,307.2,9.486,0
08:22:46.828,37,114.0,1758.0,47.0,22.0,20.33,83.5,16.0,14.1,14.5,12.913503,74.889374,42.2,307.1,9.447,0
08:22:46.889,37,114.0,1758.0,47.0,22.0,20.63,83.5,16.0,14.1,14.5,12.9135054,74.889371,42.3,307.0,9.42,0
08:22:46.949,37,114.0,1758.0,47.0,22.0,20.63,83.5,16.0,14.1,14.5,12.9135078,74.889368,42.5,307.0,9.394,0
08:22:47.038,37,114.0,1758.0,47.0,22.0,20.63,83.5,16.0,14.1,14.5,12.9135113,74.8893636,42.6,306.9,9.355,0
08:22:47.098,37,114.0,1758.0,47.0,22.0,20.63,83.5,16.0,14.1,14.5,12.9135137,74.8893607,42.8,306.8,9.329,0
08:22:47.188,37,114.0,1758.0,47.0,22.0,20.63,83.5,16.0,14.1,14.5,12.9135172,74.8893562,43.0,306.7,9.29,0
08:22:47.248,37,114.0,1758.0,47.0,22.0,20.63,83.5,16.0,14.1,14.5,12.9135196,74.8893533,43.1,306.7,9.264,0
08:22:47.339,37,114.0,1758.0,47.0,22.0,20.63,83.5,16.0,14.1,14.5,12.9135232,74.8893488,43.3,306.6,9.224,0
08:22:47.400,37,114.0,1761.0,47.0,22.0,20.63,83.5,16.0,14.1,14.5,12.9135256,74.8893458,43.4,306.5,9.198,0
08:22:47.488,37,114.0,1761.0,48.0,22.0,20.63,83.5,16.0,14.1,14.5,12.913529,74.8893415,43.6,306.4,9.16,0
08:22:47.549,37,114.0,1761.0,48.0,22.0,20.63,83.5,16.0,14.1,14.5,12.9135314,74.8893385,43.7,306.4,9.133,0
08:22:47.638,37,114.0,1761.0,48.0,22.0,20.69,83.5,16.0,14.1,14.5,12.9135349,74.8893341,43.9,306.3,9.094,0
08:22:47.701,37,114.0,1761.0,48.0,22.0,20.69,83.5,16.0,14.1,14.5,12.9135374,74.889331,44.0,306.2,9.067,0
08:22:47.788,37,114.0,1761.0,48.0,22.0,20.69,83.5,16.0,14.1,14.5,12.9135408,74.8893267,44.2,306.1,9.029,0
08:22:47.850,37,114.0,1761.0,48.0,22.0,20.69,83.5,16.0,14.1,14.5,12.9135433,74.8893237,44.3,306.1,9.002,0
08:22:47.939,37,114.0,1761.0,48.0,22.0,20.69,83.5,16.0,14.1,14.5,12.9135468,74.8893193,44.5,306.0,8.963,0
08:22:48.000,37,114.0,1761.0,48.0,22.0,20.69,83.5,16.0,14.1,14.5,12.9135492,74.8893163,44.6,305.9,8.937,0
08:22:48.087,37,114.0,1761.0,48.0,22.0,20.69,83.5,16.0,14.1,14.5,12.9135526,74.889312,44.8,305.8,8.899,0
08:22:48.148,37,114.0,1781.0,48.0,22.0,20.69,83.5,16.0,14.1,14.5,12.913555,74.889309,44.9,305.8,8.872,0
08:22:48.237,37,114.0,1781.0,48.0,22.0,20.69,83.5,16.0,14.1,14.5,12.9135585,74.8893046,45.1,305.7,8.833,0
08:22:48.298,37,114.0,1781.0,48.0,22.0,20.69,83.5,16.0,14.1,14.5,12.9135609,74.8893016,45.2,305.6,8.807,0
08:22:48.388,37,114.0,1781.0,48.0,22.0,20.69,83.5,16.0,14.1,14.5,12.9135645,74.8892972,45.4,305.5,8.768,0
08:22:48.448,37,114.0,1781.0,48.0,22.0,20.69,83.5,16.0,14.1,14.5,12.9135668,74.8892943,45.5,305.5,8.741,0
08:22:48.537,37,114.0,1781.0,48.0,22.0,20.69,83.5,16.0,14.1,14.5,12.9135703,74.8892899,45.7,305.4,8.703,0
08:22:48.599,37,114.0,1781.0,48.0,22.0,20.69,83.5,16.0,14.1,14.5,12.9135728,74.8892868,45.8,305.3,8.676,0
08:22:48.687,37,114.0,1781.0,48.0,22.0,20.69,83.5,16.0,14.1,14.5,12.9135762,74.8892825,46.0,305.2,8.637,0
08:22:48.750,37,114.0,1781.0,48.0,22.0,20.69,83.5,16.0,14.1,14.5,12.9135787,74.8892794,46.1,305.2,8.61,0
08:22:48.838,37,114.0,1781.0,48.0,22.0,20.69,83.5,16.0,14.1,14.5,12.9135822,74.8892751,46.3,305.1,8.572,0
08:22:48.900,37,114.0,1790.0,48.0,22.0,20.69,83.5,16.0,14.1,14.5,12.9135846,74.889272,46.4,305.0,8.545,0
08:22:48.987,37,114.0,1790.0,48.0,22.0,20.69,83.5,16.0,14.1,14.5,12.913588,74.8892677,46.6,304.9,8.507,0
08:22:49.049,37,114.0,1790.0,48.0,22.0,20.69,83.5,16.0,14.1,14.5,12.9135905,74.8892647,46.7,304.9,8.48,0
08:22:49.138,37,114.0,1790.0,48.0,22.0,20.94,83.5,16.0,14.1,14.5,12.913594,74.8892603,46.9,304.8,8.441,0
08:22:49.198,37,114.0,1790.0,48.0,22.0,20.94,83.5,16.0,14.1,14.5,12.9135963,74.8892574,47.0,304.7,8.415,0
08:22:49.288,37,114.0,1790.0,48.0,22.0,20.94,83.5,16.0,14.1,14.5,12.9135999,74.8892529,47.2,304.6,8.376,0
08:22:49.349,37,114.0,1790.0,48.0,22.0,20.94,83.5,16.0,14.1,14.5,12.9136023,74.8892499,47.3,304.6,8.349,0
08:22:49.438,37,114.0,1790.0,48.0,22.0,20.94,83.5,16.0,14.1,14.5,12.9136058,74.8892456,47.5,304.5,8.31,0
08:22:49.499,37,114.0,1790.0,48.0,22.0,20.94,83.5,16.0,14.1,14.5,12.9136082,74.8892426,47.6,304.4,8.284,0
08:22:49.587,37,113.0,1790.0,48.0,22.0,20.94,83.5,16.0,14.1,14.5,12.9136117,74.8892382,47.8,304.3,8.245,0
08:22:49.651,37,113.0,1813.0,48.0,22.0,20.94,83.5,16.0,14.1,14.5,12.9136142,74.8892351,47.9,304.3,8.218,0
08:22:49.738,37,113.0,1813.0,49.0,22.0,20.94,83.5,16.0,14.1,14.5,12.9136176,74.8892308,48.1,304.2,8.18,0
08:22:49.828,37,113.0,1813.0,49.0,22.0,20.94,83.5,16.0,14.1,14.5,12.9136211,74.8892264,48.3,304.1,8.14,0
08:22:49.889,37,113.0,1813.0,49.0,22.0,20.97,83.5,16.0,14.1,14.5,12.9136235,74.8892234,48.4,304.0,8.114,0
08:22:49.949,37,113.0,1813.0,49.0,22.0,20.97,83.5,16.0,14.1,14.5,12.9136259,74.8892204,48.6,304.0,8.088,0
08:22:50.040,37,113.0,1813.0,49.0,22.0,20.97,83.5,16.0,14.1,14.5,12.9136295,74.8892159,48.7,303.9,8.048,0
08:22:50.098,37,113.0,1813.0,49.0,22.0,20.97,83.5,16.0,14.1,14.5,12.9136318,74.8892131,48.9,303.8,8.023,0
08:22:50.188,37,113.0,1813.0,49.0,22.0,20.97,83.5,16.0,14.1,14.5,12.9136353,74.8892087,49.0,303.7,7.984,0
08:22:50.249,37,113.0,1813.0,49.0,22.0,20.97,83.5,16.0,14.1,14.5,12.9136377,74.8892057,49.2,303.7,7.957,0
08:22:50.338,37,113.0,1813.0,49.0,22.0,20.97,83.5,16.0,14.1,14.5,12.9136412,74.8892013,49.3,303.6,7.918,0
08:22:50.429,37,113.0,1807.0,49.0,22.0,20.97,83.5,16.0,14.1,14.5,12.9136448,74.8891968,49.5,303.5,7.879,0
08:22:50.489,37,113.0,1807.0,48.0,22.0,20.97,83.5,16.0,14.1,14.5,12.9136472,74.8891939,49.6,303.4,7.853,0
08:22:50.549,37,113.0,1807.0,48.0,22.0,20.97,83.5,16.0,14.1,14.5,12.9136495,74.8891909,49.8,303.4,7.826,0
08:22:50.637,37,113.0,1807.0,48.0,22.0,20.91,83.5,16.0,14.1,14.5,12.913653,74.8891866,49.9,303.3,7.788,0
08:22:50.701,37,113.0,1807.0,48.0,22.0,20.91,83.5,16.0,14.1,14.5,12.9136555,74.8891834,50.1,303.2,7.76,0
08:22:50.788,37,113.0,1807.0,48.0,22.0,20.91,83.5,16.0,14.1,14.5,12.9136589,74.8891792,50.3,303.1,7.722,0
08:22:50.849,37,113.0,1807.0,48.0,22.0,20.91,83.5,16.0,14.1,14.5,12.9136613,74.8891762,50.4,303.1,7.696,0
08:22:50.939,37,113.0,1807.0,48.0,22.0,20.91,83.5,16.0,14.1,14.5,12.9136649,74.8891717,50.6,303.0,7.657,0
08:22:51.000,37,113.0,1807.0,48.0,22.0,20.91,83.5,16.0,14.1,14.5,12.9136673,74.8891687,50.7,302.9,7.63,0
08:22:51.087,37,113.0,1807.0,48.0,22.0,20.91,83.5,16.0,14.1,14.5,12.9136707,74.8891644,50.9,302.8,7.592,0
08:22:51.148,37,113.0,1812.0,48.0,22.0,20.91,83.5,16.0,14.1,14.5,12.9136731,74.8891614,51.0,302.8,7.566,0
08:22:51.238,37,113.0,1812.0,49.0,22.0,20.91,83.5,16.0,14.1,14.5,12.9136767,74.889157,51.2,302.7,7.526,0
08:22:51.298,37,113.0,1812.0,49.0,22.0,20.91,83.5,16.0,14.1,14.5,12.913679,74.8891541,51.3,302.6,7.5,0
08:22:51.387,37,113.0,1812.0,49.0,22.0,20.86,83.5,16.0,14.1,14.5,12.9136825,74.8891497,51.5,302.5,7.461,0
08:22:51.452,37,113.0,1812.0,49.0,22.0,20.86,83.5,16.0,14.1,14.5,12.9136851,74.8891465,51.6,302.5,7.433,0
08:22:51.537,37,113.0,1812.0,49.0,22.0,20.86,83.5,16.0,14.1,14.5,12.9136884,74.8891423,51.8,302.4,7.396,0
08:22:51.598,37,113.0,1812.0,49.0,22.0,20.86,83.5,16.0,14.1,14.5,12.9136908,74.8891393,51.9,302.3,7.37,0
08:22:51.687,37,113.0,1812.0,49.0,22.0,20.86,83.5,16.0,14.1,14.5,12.9136943,74.8891349,52.1,302.2,7.331,0
08:22:51.749,37,113.0,1812.0,49.0,22.0,20.86,83.5,16.0,14.1,14.5,12.9136968,74.8891319,52.2,302.2,7.304,0
08:22:51.839,37,113.0,1812.0,49.0,22.0,20.86,83.5,16.0,14.1,14.5,12.9137003,74.8891275,52.4,302.1,7.265,0
08:22:51.899,37,113.0,1817.0,49.0,22.0,20.86,83.5,16.0,14.1,14.5,12.9137027,74.8891245,52.5,302.0,7.238,0
08:22:51.988,37,113.0,1817.0,49.0,22.0,20.86,83.5,16.0,14.1,14.5,12.9137062,74.8891201,52.7,301.9,7.2,0
08:22:52.077,37,113.0,1817.0,49.0,22.0,20.86,83.5,16.0,14.1,14.5,12.9137097,74.8891157,52.9,301.8,7.161,0
08:22:52.139,37,113.0,1817.0,49.0,22.0,21.41,83.5,16.0,14.1,14.5,12.9137121,74.8891127,53.0,301.8,7.134,0
08:22:52.228,37,113.0,1817.0,49.0,22.0,21.41,83.5,16.0,14.1,14.5,12.9137156,74.8891083,53.2,301.7,7.095,0
08:22:52.289,37,113.0,1817.0,49.0,22.0,21.41,83.5,16.0,14.1,14.5,12.913718,74.8891053,53.3,301.6,7.069,0
08:22:52.348,37,113.0,1817.0,49.0,22.0,21.41,83.5,16.0,14.1,14.5,12.9137204,74.8891024,53.4,301.6,7.043,0
08:22:52.437,37,113.0,1817.0,49.0,22.0,21.41,83.5,16.0,14.1,14.5,12.9137239,74.889098,53.6,301.5,7.004,0
08:22:52.498,37,113.0,1817.0,49.0,22.0,21.41,83.5,16.0,14.1,14.5,12.9137263,74.889095,53.7,301.4,6.978,0
08:22:52.588,37,113.0,1817.0,49.0,22.0,21.41,83.5,16.0,14.1,14.5,12.9137298,74.8890906,53.9,301.3,6.938,0
08:22:52.677,37,113.0,1848.0,49.0,22.0,21.41,83.5,16.0,14.1,14.5,12.9137333,74.8890862,54.1,301.2,6.9,0
08:22:52.768,37,113.0,1848.0,49.0,22.0,21.41,83.5,16.0,14.1,14.5,12.9137369,74.8890818,54.3,301.1,6.86,0
08:22:52.830,37,113.0,1848.0,49.0,22.0,21.41,83.5,16.0,14.1,14.5,12.9137393,74.8890787,54.4,301.1,6.833,0
08:22:52.888,37,113.0,1848.0,49.0,22.0,21.38,83.5,16.0,14.1,14.5,12.9137416,74.8890759,54.5,301.0,6.808,0
08:22:52.977,37,113.0,1848.0,49.0,22.0,21.38,83.5,16.0,14.1,14.5,12.9137451,74.8890715,54.7,300.9,6.769,0
08:22:53.038,37,113.0,1848.0,49.0,22.0,21.38,83.5,16.0,14.1,14.5,12.9137475,74.8890685,54.8,300.9,6.742,0
08:22:53.127,37,113.0,1848.0,49.0,22.0,21.38,83.5,16.0,14.1,14.5,12.913751,74.8890641,55.0,300.8,6.704,0
08:22:53.189,37,113.0,1848.0,49.0,22.0,21.38,83.5,16.0,14.1,14.5,12.9137535,74.889061,55.1,300.7,6.677,0
08:22:53.277,37,113.0,1848.0,49.0,22.0,21.38,83.5,16.0,14.1,14.5,12.9137569,74.8890567,55.3,300.6,6.638,0
08:22:53.338,37,113.0,1848.0,49.0,22.0,21.38,83.5,16.0,14.1,14.5,12.9137593,74.8890537,55.4,300.6,6.612,0
08:22:53.427,37,113.0,1845.0,49.0,22.0,21.38,83.5,16.0,14.1,14.5,12.9137628,74.8890493,55.6,300.5,6.573,0
08:22:53.520,37,113.0,1845.0,50.0,22.0,21.38,83.5,16.0,14.1,14.5,12.9137665,74.8890448,55.8,300.4,6.533,0
08:22:53.579,37,113.0,1845.0,50.0,22.0,21.38,83.5,16.0,14.1,14.5,12.9137688,74.8890419,55.9,300.3,6.507,0
08:22:53.639,37,113.0,1845.0,50.0,22.0,21.36,83.5,16.0,14.1,14.5,12.9137712,74.8890389,56.0,300.3,6.481,0
08:22:53.728,37,113.0,1845.0,50.0,22.0,21.36,83.5,16.0,14.1,14.5,12.9137747,74.8890345,56.2,300.2,6.442,0
08:22:53.789,37,113.0,1845.0,50.0,22.0,21.36,83.5,16.0,14.1,14.5,12.9137771,74.8890315,56.3,300.1,6.415,0
08:22:53.877,37,113.0,1845.0,50.0,22.0,21.36,83.5,16.0,14.1,14.5,12.9137805,74.8890272,56.5,300.0,6.377,0
08:22:53.943,37,113.0,1845.0,50.0,22.0,21.36,83.5,16.0,14.1,14.5,12.9137831,74.889024,56.7,300.0,6.348,0
08:22:54.063,37,113.0,1845.0,50.0,22.0,21.36,83.5,16.0,14.1,14.5,12.9137879,74.889018,56.9,299.8,6.296,0
08:22:54.148,37,113.0,1845.0,50.0,22.0,21.36,83.5,16.0,14.1,14.5,12.9137912,74.8890139,57.1,299.8,6.259,0
08:22:54.238,37,113.0,1877.0,50.0,22.0,21.36,83.5,16.0,14.1,14.5,12.9137948,74.8890094,57.3,299.7,6.22,0
08:22:54.327,37,113.0,1877.0,50.0,22.0,21.36,83.5,16.0,14.1,14.5,12.9137983,74.8890051,57.4,299.6,6.181,0
08:22:54.388,37,113.0,1877.0,50.0,22.0,21.36,83.5,16.0,14.1,14.5,12.9138007,74.8890021,57.6,299.5,6.155,0
08:22:54.477,37,113.0,1877.0,50.0,22.0,21.74,83.5,16.0,14.1,14.5,12.9138042,74.8889977,57.7,299.4,6.116,0
08:22:54.538,37,113.0,1877.0,50.0,22.0,21.74,83.5,16.0,14.1,14.5,12.9138066,74.8889947,57.9,299.4,6.089,0
08:22:54.628,37,113.0,1877.0,50.0,22.0,21.74,83.5,16.0,14.1,14.5,12.9138094,74.8889911,57.9,299.4,6.05,0
08:22:54.689,37,113.0,1877.0,50.0,22.0,21.74,83.5,16.0,14.1,14.5,12.91381,74.8889903,57.6,299.7,6.024,0
08:22:54.778,37,113.0,1877.0,50.0,22.0,21.74,83.5,16.0,14.1,14.5,12.9138108,74.8889891,57.2,300.1,5.987,0
08:22:54.839,37,113.0,1877.0,50.0,22.0,21.74,83.5,16.0,14.1,14.5,12.9138114,74.8889883,56.9,300.4,5.961,0
08:22:54.928,37,113.0,1877.0,50.0,22.0,21.74,83.5,16.0,14.1,14.5,12.9138122,74.8889871,56.4,300.8,5.923,0
08:22:54.990,37,113.0,1889.0,50.0,22.0,21.74,83.5,16.0,14.1,14.5,12.9138128,74.8889863,56.1,301.1,5.897,0
08:22:55.078,37,113.0,1889.0,51.0,22.0,21.74,83.5,16.0,14.1,14.5,12.9138136,74.8889851,55.7,301.5,5.859,0
08:22:55.138,37,113.0,1889.0,51.0,22.0,21.74,83.5,16.0,14.1,14.5,12.9138142,74.8889844,55.4,301.8,5.834,0
08:22:55.227,37,113.0,1889.0,51.0,22.0,21.72,83.5,16.0,14.1,14.5,12.913815,74.8889832,55.0,302.2,5.796,0
08:22:55.288,37,113.0,1889.0,51.0,22.0,21.72,83.5,16.0,14.1,14.5,12.9138156,74.8889824,54.7,302.5,5.77,0
08:22:55.378,37,113.0,1889.0,51.0,22.0,21.72,83.5,16.0,14.1,14.5,12.9138164,74.8889812,54.3,302.9,5.732,0
08:22:55.439,37,113.0,1889.0,51.0,22.0,21.72,83.5,16.0,14.1,14.5,12.913817,74.8889804,54.0,303.2,5.706,0
08:22:55.528,37,113.0,1889.0,51.0,22.0,21.72,83.5,16.0,14.1,14.5,12.9138178,74.8889792,53.5,303.6,5.668,0
08:22:55.589,38,113.0,1889.0,51.0,22.0,21.72,83.5,16.0,14.1,14.5,12.9138184,74.8889784,53.2,303.9,5.642,0
08:22:55.678,38,113.0,1889.0,51.0,22.0,21.72,83.5,16.0,14.1,14.5,12.9138192,74.8889772,52.8,304.3,5.604,0
08:22:55.740,38,113.0,1896.0,51.0,22.0,21.72,83.5,16.0,14.1,14.5,12.9138198,74.8889764,52.5,304.6,5.578,0
08:22:55.828,38,113.0,1896.0,51.0,22.0,21.72,83.5,16.0,14.1,14.5,12.9138206,74.8889752,52.1,305.0,5.541,0
08:22:55.889,38,113.0,1896.0,51.0,22.0,21.72,83.5,16.0,14.1,14.5,12.9138212,74.8889744,51.8,305.3,5.515,0
08:22:55.978,38,113.0,1896.0,51.0,22.0,22.08,83.5,16.0,14.1,14.5,12.913822,74.8889733,51.3,305.7,5.477,0
08:22:56.040,38,113.0,1896.0,51.0,22.0,22.08,83.5,16.0,14.1,14.5,12.9138226,74.8889724,51.0,306.0,5.451,0
08:22:56.127,38,113.0,1896.0,51.0,22.0,22.08,83.5,16.0,14.1,14.5,12.9138234,74.8889713,50.6,306.4,5.414,0
08:22:56.188,38,113.0,1896.0,51.0,22.0,22.08,83.5,16.0,14.1,14.5,12.913824,74.8889705,50.3,306.7,5.388,0
08:22:56.277,38,113.0,1896.0,51.0,22.0,22.08,83.5,16.0,14.1,14.5,12.9138248,74.8889693,49.9,307.1,5.35,0
08:22:56.339,38,113.0,1896.0,51.0,22.0,22.08,83.5,16.0,14.1,14.5,12.9138254,74.8889685,49.6,307.4,5.324,0
08:22:56.428,38,113.0,1896.0,51.0,22.0,22.08,83.5,16.0,14.1,14.5,12.9138262,74.8889673,49.2,307.8,5.286,0
08:22:56.489,38,113.0,1906.0,51.0,22.0,22.08,83.5,16.0,14.1,14.5,12.9138268,74.8889665,48.9,308.1,5.26,0
08:22:56.578,38,113.0,1906.0,51.0,22.0,22.08,83.5,16.0,14.1,14.5,12.9138276,74.8889653,48.4,308.5,5.222,0
08:22:56.640,38,113.0,1906.0,51.0,22.0,22.08,83.5,16.0,14.1,14.5,12.9138282,74.8889645,48.1,308.8,5.196,0
08:22:56.728,38,113.0,1906.0,51.0,22.0,22.27,83.5,16.0,14.1,14.5,12.913829,74.8889634,47.7,309.2,5.159,0
08:22:56.790,38,113.0,1906.0,51.0,22.0,22.27,83.5,16.0,14.1,14.5,12.9138296,74.8889625,47.4,309.5,5.132,0
08:22:56.879,38,113.0,1906.0,51.0,22.0,22.27,83.5,16.0,14.1,14.5,12.9138304,74.8889614,47.0,309.9,5.094,0
08:22:56.939,38,113.0,1906.0,51.0,22.0,22.27,83.5,16.0,14.1,14.5,12.913831,74.8889606,46.7,310.2,5.069,0
08:22:57.027,38,113.0,1906.0,51.0,22.0,22.27,83.5,16.0,14.1,14.5,12.9138318,74.8889594,46.3,310.6,5.032,0
08:22:57.088,38,113.0,1906.0,51.0,22.0,22.27,83.5,16.0,14.1,14.5,12.9138324,74.8889586,46.0,310.9,5.006,0
08:22:57.178,38,112.0,1906.0,51.0,22.0,22.27,83.5,16.0,14.1,14.5,12.9138332,74.8889574,45.5,311.3,4.967,0
08:22:57.238,38,112.0,1918.0,51.0,22.0,22.27,83.5,16.0,14.1,14.5,12.9138338,74.8889566,45.2,311.6,4.942,0
08:22:57.327,38,112.0,1918.0,52.0,22.0,22.27,83.5,16.0,14.1,14.5,12.9138346,74.8889555,44.8,312.0,4.904,0
08:22:57.390,38,112.0,1918.0,52.0,22.0,22.27,83.5,16.0,14.1,14.5,12.9138352,74.8889546,44.5,312.3,4.877,0
08:22:57.479,38,112.0,1918.0,52.0,22.0,22.11,83.5,16.0,14.1,14.5,12.913836,74.8889535,44.1,312.7,4.84,0
08:22:57.539,38,112.0,1918.0,52.0,22.0,22.11,83.5,16.0,14.1,14.5,12.9138366,74.8889527,43.8,313.0,4.814,0
08:22:57.628,38,112.0,1918.0,52.0,22.0,22.11,83.5,16.0,14.1,14.5,12.9138374,74.8889515,43.4,313.4,4.776,0
08:22:57.688,38,112.0,1918.0,52.0,22.0,22.11,83.5,16.0,14.1,14.5,12.913838,74.8889507,43.1,313.7,4.751,0
08:22:57.777,38,112.0,1918.0,52.0,22.0,22.11,83.5,16.0,14.1,14.5,12.9138388,74.8889495,42.6,314.1,4.713,0
08:22:57.839,38,112.0,1918.0,52.0,22.0,22.11,83.5,16.0,14.1,14.5,12.9138394,74.8889487,42.3,314.4,4.687,0
08:22:57.928,38,113.0,1918.0,52.0,22.0,22.11,83.5,16.0,14.1,14.5,12.9138402,74.8889475,41.9,314.8,4.649,0
08:22:57.989,38,113.0,1922.0,52.0,22.0,22.11,83.5,16.0,14.1,14.5,12.9138408,74.8889467,41.6,315.1,4.623,0
08:22:58.077,38,113.0,1922.0,52.0,22.0,22.11,83.5,16.0,14.1,14.5,12.9138416,74.8889456,41.2,315.5,4.586,0
08:22:58.138,38,113.0,1922.0,52.0,22.0,22.11,83.5,16.0,14.1,14.5,12.9138422,74.8889448,40.9,315.8,4.56,0
08:22:58.227,38,113.0,1922.0,52.0,22.0,22.38,83.5,16.0,14.1,14.5,12.913843,74.8889436,40.4,316.2,4.522,0
08:22:58.288,38,113.0,1922.0,52.0,22.0,22.38,83.5,16.0,14.1,14.5,12.9138436,74.8889428,40.2,316.5,4.496,0
08:22:58.378,38,113.0,1922.0,52.0,22.0,22.38,83.5,16.0,14.1,14.5,12.9138444,74.8889416,39.7,316.9,4.458,0
08:22:58.438,38,113.0,1922.0,52.0,22.0,22.38,83.5,16.0,14.1,14.5,12.913845,74.8889408,39.4,317.2,4.432,0
08:22:58.528,38,113.0,1922.0,52.0,22.0,22.38,83.5,16.0,14.1,14.5,12.9138458,74.8889396,39.0,317.6,4.394,0
08:22:58.590,38,113.0,1922.0,52.0,22.0,22.38,83.5,16.0,14.1,14.5,12.9138464,74.8889388,38.7,317.9,4.368,0
08:22:58.677,38,112.0,1922.0,52.0,22.0,22.38,83.5,16.0,14.1,14.5,12.9138472,74.8889376,38.3,318.3,4.331,0
08:22:58.740,38,112.0,1940.0,52.0,22.0,22.38,83.5,16.0,14.1,14.5,12.9138478,74.8889368,38.0,318.6,4.304,0
08:22:58.828,38,112.0,1940.0,52.0,22.0,22.38,83.5,16.0,14.1,14.5,12.9138486,74.8889357,37.5,319.0,4.267,0
08:22:58.889,38,112.0,1940.0,52.0,22.0,22.38,83.5,16.0,14.1,14.5,12.9138492,74.8889348,37.2,319.3,4.241,0
08:22:58.978,38,112.0,1940.0,52.0,22.0,22.69,83.5,16.0,14.1,14.5,12.91385,74.8889337,36.8,319.7,4.203,0
08:22:59.038,38,112.0,1940.0,52.0,22.0,22.69,83.5,16.0,14.1,14.5,12.9138506,74.8889329,36.5,320.0,4.178,0
08:22:59.128,38,112.0,1940.0,52.0,22.0,22.69,83.5,16.0,14.1,14.5,12.9138514,74.8889317,36.1,320.4,4.139,0
08:22:59.188,38,112.0,1940.0,52.0,22.0,22.69,83.5,16.0,14.1,14.5,12.913852,74.8889309,35.8,320.7,4.114,0
08:22:59.278,38,112.0,1940.0,52.0,22.0,22.69,83.5,16.0,14.1,14.5,12.9138528,74.8889297,35.4,321.1,4.076,0
08:22:59.338,38,112.0,1940.0,52.0,22.0,22.69,83.5,16.0,14.1,14.5,12.9138534,74.8889289,35.1,321.4,4.05,0
08:22:59.427,38,112.0,1940.0,52.0,22.0,22.69,83.5,16.0,14.1,14.5,12.9138542,74.8889277,34.6,321.8,4.013,0
08:22:59.488,38,112.0,1945.0,52.0,22.0,22.69,83.5,16.0,14.1,14.5,12.9138548,74.8889269,34.3,322.1,3.987,0
08:22:59.577,38,112.0,1945.0,52.0,22.0,22.69,83.5,16.0,14.1,14.5,12.9138556,74.8889258,33.9,322.5,3.949,0
08:22:59.638,38,112.0,1945.0,52.0,22.0,22.69,83.5,16.0,14.1,14.5,12.9138562,74.888925,33.6,322.8,3.923,0
08:22:59.728,38,112.0,1945.0,52.0,22.0,22.58,83.5,16.0,14.1,14.5,12.913857,74.8889238,33.2,323.2,3.885,0
08:22:59.792,38,112.0,1945.0,52.0,22.0,22.58,83.5,16.0,14.1,14.5,12.9138576,74.8889229,32.9,323.5,3.858,0
08:22:59.878,38,112.0,1945.0,52.0,22.0,22.58,83.5,16.0,14.1,14.5,12.9138584,74.8889218,32.4,323.9,3.821,0
08:22:59.939,38,112.0,1945.0,52.0,22.0,22.58,83.5,16.0,14.1,14.5,12.913859,74.888921,32.2,324.2,3.795,0
08:23:00.030,38,112.0,1945.0,52.0,22.0,22.58,83.5,16.0,14.1,14.5,12.9138599,74.8889198,31.7,324.6,3.756,0
08:23:00.088,38,112.0,1945.0,52.0,22.0,22.58,83.5,16.0,14.1,14.5,12.9138604,74.888919,31.4,324.9,3.732,0
08:23:00.178,38,112.0,1945.0,52.0,22.0,22.58,83.5,16.0,14.1,14.5,12.9138612,74.8889178,31.0,325.3,3.694,0
08:23:00.238,38,112.0,1954.0,52.0,22.0,22.58,83.5,16.0,14.1,14.5,12.9138618,74.888917,30.7,325.6,3.668,0
08:23:00.328,38,112.0,1954.0,53.0,22.0,22.58,83.5,16.0,14.1,14.5,12.9138626,74.8889159,30.3,326.0,3.63,0
08:23:00.389,38,112.0,1954.0,53.0,22.0,22.58,83.5,16.0,14.1,14.5,12.9138632,74.888915,30.0,326.3,3.604,0
08:23:00.479,38,112.0,1954.0,53.0,22.0,22.63,83.5,16.0,14.1,14.5,12.913864,74.8889139,29.5,326.7,3.566,0
08:23:00.538,38,112.0,1954.0,53.0,22.0,22.63,83.5,16.0,14.1,14.5,12.9138646,74.8889131,29.2,327.0,3.541,0
08:23:00.628,38,112.0,1954.0,53.0,22.0,22.63,83.5,16.0,14.1,14.5,12.9138654,74.8889119,28.8,327.4,3.503,0
08:23:00.689,38,112.0,1954.0,53.0,22.0,22.63,83.5,16.0,14.1,14.5,12.913866,74.8889111,28.5,327.7,3.477,0
08:23:00.778,38,112.0,1954.0,53.0,22.0,22.63,83.5,16.0,14.1,14.5,12.9138668,74.8889099,28.1,328.1,3.439,0
08:23:00.839,38,112.0,1954.0,53.0,22.0,22.63,83.5,16.0,14.1,14.5,12.9138674,74.8889091,27.8,328.4,3.413,0
08:23:00.928,38,112.0,1954.0,53.0,22.0,22.63,83.5,16.0,14.1,14.5,12.9138682,74.8889079,27.4,328.8,3.375,0
08:23:00.989,38,112.0,1966.0,53.0,22.0,22.63,83.5,16.0,14.1,14.5,12.9138688,74.8889071,27.1,329.1,3.349,0
08:23:01.077,38,112.0,1966.0,53.0,22.0,22.63,83.5,16.0,14.1,14.5,12.9138696,74.888906,26.6,329.5,3.312,0
08:23:01.139,38,112.0,1966.0,53.0,22.0,22.63,83.5,16.0,14.1,14.5,12.9138702,74.8889052,26.3,329.8,3.286,0
08:23:01.227,38,112.0,1966.0,53.0,22.0,22.8,83.5,16.0,14.1,14.5,12.913871,74.888904,25.9,330.2,3.248,0
08:23:01.288,38,112.0,1966.0,53.0,22.0,22.8,83.5,16.0,14.1,14.5,12.9138716,74.8889032,25.6,330.5,3.222,0
08:23:01.377,38,112.0,1966.0,53.0,22.0,22.8,83.5,16.0,14.1,14.5,12.9138724,74.888902,25.2,330.9,3.185,0
08:23:01.439,38,112.0,1966.0,53.0,22.0,22.8,83.5,16.0,14.1,14.5,12.913873,74.8889012,24.9,331.2,3.158,0
08:23:01.528,38,112.0,1966.0,53.0,22.0,22.8,83.5,16.0,14.1,14.5,12.9138738,74.8889,24.5,331.6,3.12,0
08:23:01.589,38,112.0,1966.0,53.0,22.0,22.8,83.5,16.0,14.1,14.5,12.9138744,74.8888992,24.2,331.9,3.094,0
08:23:01.679,38,112.0,1966.0,53.0,22.0,22.8,83.5,16.0,14.1,14.5,12.9138752,74.888898,23.7,332.3,3.056,0
08:23:01.740,38,112.0,1986.0,53.0,22.0,22.8,83.5,16.0,14.1,14.5,12.9138758,74.8888972,23.4,332.6,3.03,0
08:23:01.828,38,112.0,1986.0,54.0,22.0,22.8,83.5,16.0,14.1,14.5,12.9138766,74.8888961,23.0,333.0,2.993,0
08:23:01.891,38,112.0,1986.0,54.0,22.0,22.8,83.5,16.0,14.1,14.5,12.9138772,74.8888952,22.7,333.3,2.966,0
08:23:01.980,38,112.0,1986.0,54.0,22.0,23.24,83.5,16.0,14.1,14.5,12.9138781,74.8888941,22.3,333.7,2.928,0
08:23:02.041,38,112.0,1986.0,54.0,22.0,23.24,83.5,16.0,14.1,14.5,12.9138786,74.8888932,22.0,334.0,2.903,0
08:23:02.127,38,112.0,1986.0,54.0,22.0,23.24,83.5,16.0,14.1,14.5,12.9138794,74.8888921,21.5,334.4,2.866,0
08:23:02.189,38,112.0,1986.0,54.0,22.0,23.24,83.5,16.0,14.1,14.5,12.91388,74.8888913,21.2,334.7,2.84,0
08:23:02.278,38,112.0,1986.0,54.0,22.0,23.24,83.5,16.0,14.1,14.5,12.9138808,74.8888901,20.8,335.1,2.802,0
08:23:02.339,38,112.0,1986.0,54.0,22.0,23.24,83.5,16.0,14.1,14.5,12.9138814,74.8888893,20.5,335.4,2.776,0
08:23:02.428,38,112.0,1986.0,54.0,22.0,23.24,83.5,16.0,14.1,14.5,12.9138822,74.8888881,20.1,335.8,2.738,0
08:23:02.490,38,112.0,1990.0,54.0,22.0,23.24,83.5,16.0,14.1,14.5,12.9138828,74.8888873,19.8,336.1,2.712,0
08:23:02.578,38,112.0,1990.0,53.0,22.0,23.24,83.5,16.0,14.1,14.5,12.9138836,74.8888862,19.4,336.5,2.675,0
08:23:02.640,38,112.0,1990.0,53.0,22.0,23.24,83.5,16.0,14.1,14.5,12.9138842,74.8888853,19.1,336.8,2.648,0
08:23:02.728,38,112.0,1990.0,53.0,22.0,23.02,83.5,16.0,14.1,14.5,12.913885,74.8888842,18.6,337.2,2.611,0
08:23:02.790,38,112.0,1990.0,53.0,22.0,23.02,83.5,16.0,14.1,14.5,12.9138856,74.8888834,18.3,337.5,2.585,0
08:23:02.878,38,112.0,1990.0,53.0,22.0,23.02,83.5,16.0,14.1,14.5,12.9138864,74.8888822,17.9,337.9,2.547,0
08:23:02.941,38,112.0,1990.0,53.0,22.0,23.02,83.5,16.0,14.1,14.5,12.913887,74.8888814,17.6,338.2,2.52,0
08:23:03.031,38,112.0,1990.0,53.0,22.0,23.02,83.5,16.0,14.1,14.5,12.9138879,74.8888802,17.2,338.6,2.482,0
08:23:03.119,38,112.0,1990.0,53.0,22.0,23.02,83.5,16.0,14.1,14.5,12.9138887,74.888879,16.7,339.1,2.445,0
08:23:03.178,38,112.0,1990.0,53.0,22.0,23.02,83.5,16.0,14.1,14.5,12.9138892,74.8888782,16.5,339.3,2.42,0
08:23:03.238,38,112.0,2007.0,53.0,22.0,23.02,83.5,16.0,14.1,14.5,12.9138898,74.8888774,16.2,339.6,2.394,0
08:23:03.328,38,112.0,2007.0,54.0,22.0,23.02,83.5,16.0,14.1,14.5,12.9138906,74.8888763,15.7,340.0,2.356,0
08:23:03.388,38,112.0,2007.0,54.0,22.0,23.02,83.5,16.0,14.1,14.5,12.9138912,74.8888755,15.4,340.3,2.331,0
08:23:03.478,38,112.0,2007.0,54.0,22.0,23.33,83.5,16.0,14.1,14.5,12.913892,74.8888743,15.0,340.7,2.292,0
08:23:03.540,38,112.0,2007.0,54.0,22.0,23.33,83.5,16.0,14.1,14.5,12.9138926,74.8888735,14.7,341.0,2.266,0
08:23:03.628,38,112.0,2007.0,54.0,22.0,23.33,83.5,16.0,14.1,14.5,12.9138934,74.8888723,14.3,341.4,2.229,0
08:23:03.689,38,112.0,2007.0,54.0,22.0,23.33,83.5,16.0,14.1,14.5,12.913894,74.8888715,14.0,341.7,2.203,0
08:23:03.777,38,112.0,2007.0,54.0,22.0,23.33,83.5,16.0,14.1,14.5,12.9138948,74.8888703,13.6,342.1,2.165,0
08:23:03.839,38,112.0,2007.0,54.0,22.0,23.33,83.5,16.0,14.1,14.5,12.9138954,74.8888695,13.3,342.4,2.139,0
08:23:03.930,38,112.0,2007.0,54.0,22.0,23.33,83.5,16.0,14.1,14.5,12.9138963,74.8888683,12.8,342.8,2.1,0
08:23:03.990,38,112.0,2019.0,54.0,22.0,23.33,83.5,16.0,14.1,14.5,12.9138968,74.8888675,12.5,343.1,2.075,0
08:23:04.077,38,112.0,2019.0,54.0,22.0,23.33,83.5,16.0,14.1,14.5,12.9138976,74.8888664,12.1,343.5,2.038,0
08:23:04.138,38,112.0,2019.0,54.0,22.0,23.33,83.5,16.0,14.1,14.5,12.9138982,74.8888656,11.8,343.8,2.012,0
08:23:04.228,38,112.0,2019.0,54.0,22.0,23.58,83.5,16.0,14.1,14.5,12.913899,74.8888644,11.4,344.2,1.974,0
08:23:04.289,38,112.0,2019.0,54.0,22.0,23.58,83.5,16.0,14.1,14.5,12.9138996,74.8888636,11.1,344.5,1.948,0
08:23:04.378,38,112.0,2019.0,54.0,22.0,23.58,83.5,16.0,14.1,14.5,12.9139004,74.8888624,10.6,344.9,1.91,0
08:23:04.446,38,112.0,2019.0,54.0,22.0,23.58,83.5,16.0,14.1,14.5,12.9139011,74.8888615,10.3,345.2,1.881,0
08:23:04.528,38,112.0,2019.0,54.0,22.0,23.58,83.5,16.0,14.1,14.5,12.9139018,74.8888604,9.9,345.6,1.847,0
08:23:04.589,38,112.0,2019.0,54.0,22.0,23.58,83.5,16.0,14.1,14.5,12.9139024,74.8888596,9.6,345.9,1.821,0
08:23:04.677,38,112.0,2019.0,54.0,22.0,23.58,83.5,16.0,14.1,14.5,12.9139032,74.8888585,9.2,346.3,1.783,0
08:23:04.739,38,112.0,2036.0,54.0,22.0,23.58,83.5,16.0,14.1,14.5,12.9139038,74.8888576,8.9,346.6,1.757,0
08:23:04.828,38,112.0,2036.0,55.0,22.0,23.58,83.5,16.0,14.1,14.5,12.9139046,74.8888565,8.5,347.0,1.719,0
08:23:04.890,38,112.0,2036.0,55.0,22.0,23.58,83.5,16.0,14.1,14.5,12.9139052,74.8888556,8.2,347.3,1.693,0
08:23:04.978,38,112.0,2036.0,55.0,22.0,23.33,83.5,16.0,14.1,14.5,12.913906,74.8888545,7.7,347.7,1.655,0
08:23:05.041,38,112.0,2036.0,55.0,22.0,23.33,83.5,16.0,14.1,14.5,12.9139066,74.8888537,7.4,348.0,1.629,0
08:23:05.127,38,112.0,2036.0,55.0,22.0,23.33,83.5,16.0,14.1,14.5,12.9139074,74.8888525,7.0,348.4,1.592,0
08:23:05.188,38,112.0,2036.0,55.0,22.0,23.33,83.5,16.0,14.1,14.5,12.913908,74.8888517,6.7,348.7,1.566,0
08:23:05.278,38,112.0,2036.0,55.0,22.0,23.33,83.5,16.0,14.1,14.5,12.9139088,74.8888505,6.3,349.1,1.528,0
08:23:05.340,38,112.0,2036.0,55.0,22.0,23.33,83.5,16.0,14.1,14.5,12.9139094,74.8888497,6.0,349.4,1.502,0
08:23:05.428,38,112.0,2036.0,55.0,22.0,23.33,83.5,16.0,14.1,14.5,12.9139102,74.8888485,5.6,349.8,1.464,0
08:23:05.492,38,112.0,2041.0,55.0,22.0,23.33,83.5,16.0,14.1,14.5,12.9139108,74.8888477,5.2,350.1,1.437,0
08:23:05.579,38,112.0,2041.0,55.0,22.0,23.33,83.5,16.0,14.1,14.5,12.9139117,74.8888465,4.8,350.5,1.4,0
08:23:05.640,38,112.0,2041.0,55.0,22.0,23.33,83.5,16.0,14.1,14.5,12.9139122,74.8888457,4.5,350.8,1.374,0
08:23:05.728,38,112.0,2041.0,55.0,22.0,23.8,83.5,16.0,14.1,14.5,12.9139131,74.8888446,4.1,351.2,1.337,0
08:23:05.790,38,112.0,2041.0,55.0,22.0,23.8,83.5,16.0,14.1,14.5,12.9139136,74.8888438,3.8,351.5,1.311,0
08:23:05.878,38,112.0,2041.0,55.0,22.0,23.8,83.5,16.0,14.1,14.5,12.9139145,74.8888426,3.4,351.9,1.273,0
08:23:05.941,38,112.0,2041.0,55.0,22.0,23.8,83.5,16.0,14.1,14.5,12.913915,74.8888418,3.1,352.2,1.247,0
08:23:06.027,38,112.0,2041.0,55.0,22.0,23.8,83.5,16.0,14.1,14.5,12.9139158,74.8888406,2.6,352.6,1.21,0
08:23:06.088,38,112.0,2041.0,55.0,22.0,23.8,83.5,16.0,14.1,14.5,12.9139164,74.8888398,2.4,352.9,1.184,0
08:23:06.178,38,112.0,2041.0,55.0,22.0,23.8,83.5,16.0,14.1,14.5,12.9139173,74.8888386,1.9,353.3,1.146,0
08:23:06.238,38,112.0,2044.0,55.0,22.0,23.8,83.5,16.0,14.1,14.5,12.9139178,74.8888379,1.6,353.6,1.12,0
08:23:06.328,38,112.0,2044.0,56.0,22.0,23.8,83.5,16.0,14.1,14.5,12.9139187,74.8888367,1.2,354.0,1.082,0
08:23:06.388,38,112.0,2044.0,56.0,22.0,23.8,83.5,16.0,14.1,14.5,12.9139192,74.8888359,0.9,354.3,1.057,0
08:23:06.478,38,112.0,2044.0,56.0,22.0,24.44,83.5,16.0,14.1,14.5,12.9139201,74.8888347,0.5,354.7,1.019,0
08:23:06.539,38,112.0,2044.0,56.0,22.0,24.44,83.5,16.0,14.1,14.5,12.9139206,74.8888339,0.2,355.0,0.993,0
08:23:06.628,38,112.0,2044.0,56.0,22.0,24.44,83.5,16.0,14.1,14.5,12.9139215,74.8888327,-0.3,355.4,0.955,0
08:23:06.689,38,112.0,2044.0,56.0,22.0,24.44,83.5,16.0,14.1,14.5,12.913922,74.8888319,-0.6,355.7,0.929,0
08:23:06.778,38,112.0,2044.0,56.0,22.0,24.44,83.5,16.0,14.1,14.5,12.9139229,74.8888307,-1.0,356.1,0.891,0
08:23:06.839,39,112.0,2044.0,56.0,22.0,24.44,83.5,16.0,14.1,14.5,12.9139234,74.8888299,-1.3,356.4,0.865,0
08:23:06.928,39,112.0,2044.0,56.0,22.0,24.44,83.5,16.0,14.1,14.5,12.9139243,74.8888287,-1.7,356.8,0.827,0
08:23:06.989,39,112.0,2054.0,56.0,22.0,24.44,83.5,16.0,14.1,14.5,12.9139248,74.8888279,-2.0,357.1,0.802,0
08:23:07.077,39,112.0,2054.0,55.0,22.0,24.44,83.5,16.0,14.1,14.5,12.9139256,74.8888268,-2.4,357.5,0.764,0
08:23:07.138,39,112.0,2054.0,55.0,22.0,24.44,83.5,16.0,14.1,14.5,12.9139262,74.888826,-2.7,357.8,0.738,0
08:23:07.228,39,112.0,2054.0,55.0,22.0,23.94,83.5,16.0,14.1,14.5,12.9139271,74.8888248,-3.2,358.2,0.7,0
08:23:07.290,39,112.0,2054.0,55.0,22.0,23.94,83.5,16.0,14.1,14.5,12.9139276,74.888824,-3.5,358.5,0.674,0
08:23:07.378,39,112.0,2054.0,55.0,22.0,23.94,83.5,16.0,14.1,14.5,12.9139285,74.8888228,-3.9,358.9,0.636,0
08:23:07.439,39,112.0,2054.0,55.0,22.0,23.94,83.5,16.0,14.5,14.5,12.913929,74.888822,-4.2,359.2,0.61,0
08:23:07.529,39,112.0,2054.0,55.0,22.0,23.94,83.5,16.0,14.5,14.5,12.9139299,74.8888208,-4.6,359.6,0.572,0
08:23:07.589,39,112.0,2054.0,55.0,22.0,23.94,83.5,16.0,14.5,14.5,12.9139304,74.88882,-4.9,359.9,0.547,0
08:23:07.677,39,112.0,2054.0,55.0,22.0,23.94,83.5,16.0,14.5,14.5,12.9139307,74.8888194,-5.4,0.0,0.538,0
08:23:07.748,39,112.0,2061.0,55.0,22.0,23.94,83.5,16.0,14.5,14.5,12.9139308,74.888819,-5.8,0.0,0.537,0
08:23:07.828,39,112.0,2061.0,56.0,22.0,23.94,83.5,16.0,14.5,14.5,12.9139309,74.8888185,-6.2,0.0,0.535,0
08:23:07.889,39,112.0,2061.0,56.0,22.0,23.94,83.5,16.0,14.5,14.5,12.913931,74.8888181,-6.5,0.0,0.534,0
08:23:07.978,39,112.0,2061.0,56.0,22.0,24.49,83.5,16.0,14.5,14.5,12.9139311,74.8888176,-7.0,0.0,0.531,0
08:23:08.040,39,112.0,2061.0,56.0,22.0,24.49,83.5,16.0,14.5,14.5,12.9139312,74.8888173,-7.3,0.0,0.53,0
08:23:08.127,39,112.0,2061.0,56.0,22.0,24.49,83.5,16.0,14.5,14.5,12.9139313,74.8888168,-7.8,0.0,0.528,0
08:23:08.188,39,112.0,2061.0,56.0,22.0,24.49,83.5,16.0,14.1,14.5,12.9139314,74.8888164,-8.1,0.0,0.527,0
08:23:08.278,39,112.0,2061.0,56.0,22.0,24.49,83.5,16.0,14.1,14.5,12.9139315,74.8888159,-8.6,0.0,0.525,0
08:23:08.338,39,112.0,2061.0,56.0,22.0,24.49,83.5,16.0,14.1,14.5,12.9139316,74.8888155,-8.9,0.0,0.523,0
08:23:08.428,39,112.0,2061.0,56.0,22.0,24.49,83.5,16.0,14.1,14.5,12.9139317,74.888815,-9.4,0.0,0.521,0
08:23:08.489,39,112.0,2076.0,56.0,22.0,24.49,83.5,16.0,14.1,14.5,12.9139318,74.8888146,-9.7,0.0,0.52,0
08:23:08.577,39,112.0,2076.0,56.0,22.0,24.49,83.5,16.0,14.1,14.5,12.9139319,74.8888141,-10.2,0.0,0.518,0
08:23:08.640,39,112.0,2076.0,56.0,22.0,24.49,83.5,16.0,14.1,14.5,12.913932,74.8888138,-10.5,0.0,0.516,0
08:23:08.728,39,112.0,2076.0,56.0,22.0,24.77,83.5,16.0,14.1,14.5,12.9139321,74.8888132,-11.0,0.0,0.514,0
08:23:08.789,39,112.0,2076.0,56.0,22.0,24.77,83.5,16.0,14.1,14.5,12.9139322,74.8888129,-11.3,0.0,0.513,0
08:23:08.877,39,112.0,2076.0,56.0,22.0,24.77,83.5,16.0,14.1,14.5,12.9139323,74.8888124,-11.8,0.0,0.511,0
08:23:08.942,39,112.0,2076.0,56.0,22.0,24.77,83.5,16.0,14.1,14.5,12.9139324,74.888812,-12.2,0.0,0.509,0
08:23:09.028,39,112.0,2076.0,56.0,22.0,24.77,83.5,16.0,14.1,14.5,12.9139325,74.8888115,-12.6,0.0,0.507,0
08:23:09.088,39,112.0,2076.0,56.0,22.0,24.77,83.5,16.0,14.1,14.5,12.9139326,74.8888111,-12.9,0.0,0.506,0
08:23:09.178,39,112.0,2076.0,56.0,22.0,24.77,83.5,16.0,14.1,14.5,12.9139327,74.8888106,-13.4,0.0,0.504,0
08:23:09.239,39,112.0,2071.0,56.0,22.0,24.77,83.5,16.0,14.1,14.5,12.9139328,74.8888103,-13.8,0.0,0.503,0
08:23:09.328,39,112.0,2071.0,56.0,22.0,24.77,83.5,16.0,14.1,14.5,12.9139329,74.8888097,-14.2,0.0,0.501,0
08:23:09.390,39,112.0,2071.0,56.0,22.0,24.77,83.5,16.0,14.1,14.5,12.913933,74.8888094,-14.6,0.0,0.499,0
08:23:09.477,39,112.0,2071.0,56.0,22.0,22.33,83.5,16.0,14.1,14.5,12.9139331,74.8888089,-15.0,0.0,0.497,0
08:23:09.540,39,112.0,2071.0,56.0,22.0,22.33,83.5,16.0,14.1,14.5,12.9139332,74.8888085,-15.4,0.0,0.496,0
08:23:09.628,39,112.0,2071.0,56.0,22.0,22.33,83.5,16.0,14.1,14.5,12.9139333,74.888808,-15.8,0.0,0.494,0
08:23:09.689,39,112.0,2071.0,56.0,22.0,22.33,83.5,16.0,14.1,14.5,12.9139334,74.8888076,-16.2,0.0,0.492,0
08:23:09.778,39,112.0,2071.0,56.0,22.0,22.33,83.5,16.0,14.1,14.5,12.9139335,74.8888071,-16.6,0.0,0.49,0
08:23:09.839,39,112.0,2071.0,56.0,22.0,22.33,83.5,16.0,14.1,14.5,12.9139336,74.8888067,-17.0,0.0,0.489,0
08:23:09.928,39,113.0,2071.0,56.0,22.0,22.33,83.5,16.0,14.1,14.5,12.9139337,74.8888062,-17.4,0.0,0.487,0
08:23:09.990,39,113.0,1036.0,56.0,22.0,22.33,83.5,16.0,14.1,14.5,12.9139338,74.8888059,-17.8,0.0,0.485,0
08:23:10.077,39,113.0,1036.0,52.0,22.0,22.33,83.5,16.0,14.1,14.5,12.9139339,74.8888054,-18.2,0.0,0.483,0
08:23:10.138,39,113.0,1036.0,52.0,22.0,22.33,83.5,16.0,14.1,14.5,12.913934,74.888805,-18.6,0.0,0.482,0
08:23:10.228,39,113.0,1036.0,52.0,22.0,8.74,83.5,16.0,14.1,14.5,12.9139341,74.8888045,-19.1,0.0,0.48,0
08:23:10.289,39,113.0,1036.0,52.0,22.0,8.74,83.5,16.0,14.1,14.5,12.9139342,74.8888041,-19.4,0.0,0.479,0
08:23:10.377,39,113.0,1036.0,52.0,22.0,8.74,83.5,16.0,14.1,14.5,12.9139343,74.8888036,-19.9,0.0,0.477,0
08:23:10.439,39,113.0,1036.0,52.0,22.0,8.74,83.5,16.0,14.1,14.5,12.9139344,74.8888032,-20.2,0.0,0.475,0
08:23:10.528,39,113.0,1036.0,52.0,22.0,8.74,83.5,16.0,14.1,14.5,12.9139345,74.8888027,-20.7,0.0,0.473,0
08:23:10.589,39,113.0,1036.0,52.0,22.0,8.74,83.5,16.0,14.1,14.5,12.9139346,74.8888024,-21.0,0.0,0.472,0
08:23:10.679,39,107.0,1036.0,52.0,22.0,8.74,83.5,16.0,14.1,14.5,12.9139347,74.8888018,-21.5,0.0,0.47,0
08:23:10.739,39,107.0,922.0,52.0,22.0,8.74,83.5,16.0,14.1,14.5,12.9139348,74.8888015,-21.8,0.0,0.468,0
08:23:10.828,39,107.0,922.0,51.0,22.0,8.74,83.5,16.0,14.1,14.5,12.9139349,74.888801,-22.3,0.0,0.466,0
08:23:10.889,39,107.0,922.0,51.0,18.0,8.74,83.5,16.0,14.1,14.5,12.913935,74.8888006,-22.6,0.0,0.465,0
08:23:10.980,39,107.0,922.0,51.0,18.0,11.61,83.5,16.0,14.1,14.5,12.9139351,74.8888001,-23.1,0.0,0.463,0
08:23:11.047,39,107.0,922.0,51.0,18.0,11.61,83.5,16.0,14.1,14.5,12.9139352,74.8887997,-23.4,0.0,0.461,0
08:23:11.128,39,107.0,922.0,51.0,18.0,11.61,83.5,16.0,14.1,14.5,12.9139353,74.8887992,-23.9,0.0,0.459,0
08:23:11.189,39,107.0,922.0,51.0,18.0,11.61,83.5,16.0,14.1,14.5,12.9139354,74.8887988,-24.2,0.0,0.458,0
08:23:11.277,39,107.0,922.0,51.0,18.0,11.61,83.5,16.0,14.1,14.5,12.9139355,74.8887983,-24.7,0.0,0.456,0
08:23:11.339,39,107.0,922.0,51.0,18.0,11.61,83.5,16.0,14.1,14.5,12.9139356,74.888798,-25.0,0.0,0.455,0
08:23:11.430,39,103.0,922.0,51.0,18.0,11.61,83.5,16.0,14.1,14.5,12.9139357,74.8887974,-25.5,0.0,0.453,0
08:23:11.490,39,103.0,1631.0,51.0,18.0,11.61,83.5,16.0,14.1,14.5,12.9139358,74.8887971,-25.8,0.0,0.451,0
08:23:11.577,39,103.0,1631.0,46.0,18.0,11.61,83.5,16.0,14.1,14.5,12.9139359,74.8887966,-26.3,0.0,0.449,0
08:23:11.639,39,103.0,1631.0,46.0,18.0,11.61,83.5,16.0,14.1,14.5,12.913936,74.8887962,-26.6,0.0,0.448,0
08:23:11.728,39,103.0,1631.0,46.0,18.0,19.8,83.5,16.0,14.1,14.5,12.9139361,74.8887957,-27.1,0.0,0.446,0
08:23:11.788,39,103.0,1631.0,46.0,18.0,19.8,83.5,16.0,14.1,14.5,12.9139362,74.8887953,-27.4,0.0,0.444,0
08:23:11.878,39,103.0,1631.0,46.0,18.0,19.8,83.5,16.0,14.1,14.5,12.9139363,74.8887948,-27.9,0.0,0.442,0
08:23:11.940,39,103.0,1631.0,46.0,18.0,19.8,83.5,16.0,14.1,14.5,12.9139364,74.8887945,-28.2,0.0,0.441,0
08:23:12.030,39,103.0,1631.0,46.0,18.0,19.8,83.5,16.0,14.1,14.5,12.9139365,74.8887939,-28.7,0.0,0.439,0
08:23:12.088,39,103.0,1631.0,46.0,18.0,19.8,83.5,16.0,14.1,14.5,12.9139366,74.8887936,-29.0,0.0,0.438,0
08:23:12.177,39,106.0,1631.0,46.0,18.0,19.8,83.5,16.0,14.1,14.5,12.9139367,74.8887931,-29.5,0.0,0.435,0
08:23:12.238,39,106.0,2551.0,46.0,18.0,19.8,83.5,16.0,14.1,14.5,12.9139368,74.8887927,-29.8,0.0,0.434,0
08:23:12.328,39,106.0,2551.0,43.0,18.0,19.8,83.5,16.0,14.1,14.5,12.913937,74.8887922,-30.3,0.0,0.432,0
08:23:12.390,39,106.0,2551.0,43.0,21.0,19.8,83.5,16.0,14.1,14.5,12.913937,74.8887918,-30.6,0.0,0.431,0
08:23:12.479,39,106.0,2551.0,43.0,21.0,37.11,83.5,16.0,14.1,14.5,12.9139372,74.8887913,-31.1,0.0,0.429,0
08:23:12.540,39,106.0,2551.0,43.0,21.0,37.11,83.5,16.0,14.1,14.5,12.9139372,74.8887909,-31.4,0.0,0.427,0
08:23:12.629,39,106.0,2551.0,43.0,21.0,37.11,83.5,16.0,14.1,14.5,12.9139374,74.8887904,-31.9,0.0,0.425,0
08:23:12.689,39,106.0,2551.0,43.0,21.0,37.11,83.5,16.0,14.1,14.5,12.9139374,74.8887901,-32.2,0.0,0.424,0
08:23:12.778,39,106.0,2551.0,43.0,21.0,37.11,83.5,16.0,14.1,14.5,12.9139376,74.8887896,-32.7,0.0,0.422,0
08:23:12.840,39,106.0,2551.0,43.0,21.0,37.11,83.5,16.0,14.1,14.5,12.9139376,74.8887892,-33.0,0.0,0.42,0
08:23:12.930,39,116.0,2551.0,43.0,21.0,37.11,83.5,16.0,14.1,14.5,12.9139378,74.8887887,-33.5,0.0,0.418,0
08:23:12.989,39,116.0,2418.0,43.0,21.0,37.11,83.5,16.0,14.1,14.5,12.9139378,74.8887883,-33.8,0.0,0.417,0
08:23:13.077,39,116.0,2418.0,42.0,21.0,37.11,83.5,16.0,14.1,14.5,12.913938,74.8887878,-34.3,0.0,0.415,0
08:23:13.138,39,116.0,2418.0,42.0,24.0,37.11,83.5,16.0,14.1,14.5,12.913938,74.8887874,-34.6,0.0,0.414,0
08:23:13.228,39,116.0,2418.0,42.0,24.0,33.83,83.5,16.0,14.1,14.5,12.9139382,74.8887869,-35.1,0.0,0.411,0
08:23:13.290,39,116.0,2418.0,42.0,24.0,33.83,83.5,16.0,14.1,14.5,12.9139382,74.8887866,-35.5,0.0,0.41,0
08:23:13.378,39,116.0,2418.0,42.0,24.0,33.83,83.5,16.0,14.1,14.5,12.9139384,74.888786,-35.9,0.0,0.408,0
08:23:13.441,39,116.0,2418.0,42.0,24.0,33.83,83.5,16.0,14.1,14.5,12.9139385,74.8887857,-36.3,0.0,0.407,0
08:23:13.529,39,116.0,2418.0,42.0,24.0,33.83,83.5,16.0,14.1,14.5,12.9139386,74.8887852,-36.7,0.0,0.405,0
08:23:13.589,39,116.0,2418.0,42.0,24.0,33.83,83.5,16.0,14.1,14.5,12.9139387,74.8887848,-37.1,0.0,0.403,0
08:23:13.678,39,117.0,2418.0,42.0,24.0,33.83,83.5,16.0,14.1,14.5,12.9139388,74.8887843,-37.5,0.0,0.401,0
08:23:13.740,39,117.0,2327.0,42.0,24.0,33.83,83.5,16.0,14.1,14.5,12.9139389,74.8887839,-37.9,0.0,0.4,0
08:23:13.828,39,117.0,2327.0,40.0,24.0,33.83,83.5,16.0,14.1,14.5,12.913939,74.8887834,-38.3,0.0,0.398,0
08:23:13.890,39,117.0,2327.0,40.0,24.0,33.83,83.5,16.0,14.1,14.5,12.9139391,74.888783,-38.7,0.0,0.396,0
08:23:13.978,39,117.0,2327.0,40.0,24.0,31.02,83.5,16.0,14.1,14.5,12.9139392,74.8887825,-39.1,0.0,0.394,0
08:23:14.041,39,117.0,2327.0,40.0,24.0,31.02,83.5,16.0,14.1,14.5,12.9139393,74.8887822,-39.5,0.0,0.393,0
08:23:14.127,39,117.0,2327.0,40.0,24.0,31.02,83.5,16.0,14.1,14.5,12.9139394,74.8887817,-39.9,0.0,0.391,0
08:23:14.218,39,117.0,2327.0,40.0,24.0,31.02,83.5,16.0,14.1,14.5,12.9139395,74.8887811,-40.4,0.0,0.389,0
08:23:14.308,39,117.0,2327.0,40.0,24.0,31.02,83.5,16.0,14.1,14.5,12.9139396,74.8887806,-40.9,0.0,0.387,0
08:23:14.398,39,117.0,2327.0,40.0,24.0,31.02,83.5,16.0,14.1,14.5,12.9139397,74.8887801,-41.4,0.0,0.385,0
08:23:14.489,39,115.0,2327.0,40.0,24.0,31.02,83.5,16.0,14.1,14.5,12.9139399,74.8887795,-41.9,0.0,0.383,0
08:23:14.578,39,115.0,2213.0,40.0,24.0,31.02,83.5,16.0,14.1,14.5,12.91394,74.888779,-42.4,0.0,0.381,0
08:23:14.668,39,115.0,2213.0,38.0,24.0,31.02,83.5,16.0,14.1,14.5,12.9139401,74.8887785,-42.8,0.0,0.379,0
08:23:14.758,39,115.0,2213.0,38.0,24.0,31.02,83.5,16.0,14.1,14.5,12.9139402,74.888778,-43.3,0.0,0.377,0
08:23:14.848,39,115.0,2213.0,38.0,24.0,27.83,83.5,16.0,14.1,14.5,12.9139404,74.8887774,-43.8,0.0,0.374,0
08:23:14.937,39,115.0,2213.0,38.0,24.0,27.83,83.5,16.0,14.1,14.5,12.9139405,74.8887769,-44.3,0.0,0.372,0
08:23:15.028,39,115.0,2213.0,38.0,24.0,27.83,83.5,16.0,14.1,14.5,12.9139406,74.8887764,-44.8,0.0,0.37,0
08:23:15.117,39,115.0,2213.0,38.0,24.0,27.83,83.5,16.0,14.5,14.5,12.9139407,74.8887759,-45.2,0.0,0.368,0
08:23:15.208,39,115.0,2213.0,38.0,24.0,27.83,83.5,16.0,14.5,15.3,12.9139408,74.8887753,-45.7,0.0,0.366,0
08:23:15.298,39,115.0,2213.0,38.0,24.0,27.83,83.5,16.0,14.5,15.3,12.913941,74.8887748,-46.2,0.0,0.364,0
08:23:15.388,39,114.0,2213.0,38.0,24.0,27.83,83.5,16.0,14.5,15.3,12.9139411,74.8887743,-46.7,0.0,0.362,0
08:23:15.479,39,114.0,2193.0,38.0,24.0,27.83,83.5,16.0,14.5,15.3,12.9139412,74.8887738,-47.2,0.0,0.36,0
08:23:15.568,39,114.0,2193.0,38.0,24.0,27.83,83.5,16.0,14.5,15.3,12.9139413,74.8887732,-47.7,0.0,0.358,0
08:23:15.658,39,114.0,2193.0,38.0,23.0,27.83,83.5,16.0,14.5,15.3,12.9139414,74.8887727,-48.1,0.0,0.356,0
08:23:15.748,39,114.0,2193.0,38.0,23.0,27.38,83.5,16.0,14.5,15.3,12.9139416,74.8887722,-48.6,0.0,0.354,0
08:23:15.838,39,114.0,2193.0,38.0,23.0,27.38,83.5,16.0,14.5,15.3,12.9139417,74.8887717,-49.1,0.0,0.352,0
08:23:15.929,39,114.0,2193.0,38.0,23.0,27.38,83.5,16.0,14.5,15.3,12.9139418,74.8887711,-49.6,0.0,0.35,0
08:23:16.019,39,114.0,2193.0,38.0,23.0,27.38,83.5,16.0,25.5,15.3,12.9139419,74.8887706,-50.1,0.0,0.348,0
08:23:16.107,39,114.0,2193.0,38.0,23.0,27.38,83.5,16.0,25.5,26.3,12.9139421,74.8887701,-50.5,0.0,0.346,0
08:23:16.198,39,114.0,2193.0,38.0,23.0,27.38,83.5,16.0,25.5,26.3,12.9139422,74.8887695,-51.0,0.0,0.344,0
08:23:16.288,39,115.0,2193.0,38.0,23.0,27.38,83.5,16.0,25.5,26.3,12.9139423,74.888769,-51.5,0.0,0.342,0
08:23:16.378,39,115.0,2179.0,38.0,23.0,27.38,83.5,16.0,25.5,26.3,12.9139424,74.8887685,-52.0,0.0,0.339,0
08:23:16.468,39,115.0,2179.0,37.0,23.0,27.38,83.5,16.0,25.5,26.3,12.9139425,74.888768,-52.5,0.0,0.337,0
08:23:16.558,39,115.0,2179.0,37.0,22.0,27.38,83.5,16.0,25.5,26.3,12.9139427,74.8887674,-53.0,0.0,0.335,0
08:23:16.648,39,115.0,2179.0,37.0,22.0,28.97,83.5,16.0,25.5,26.3,12.9139428,74.8887669,-53.4,0.0,0.333,0
08:23:16.738,39,115.0,2179.0,37.0,22.0,28.97,83.5,16.0,25.5,26.3,12.9139429,74.8887664,-53.9,0.0,0.331,0
08:23:16.828,39,115.0,2179.0,37.0,22.0,28.97,83.5,16.0,25.5,26.3,12.913943,74.8887659,-54.4,0.0,0.329,0
08:23:16.919,39,115.0,2179.0,37.0,22.0,28.97,83.5,16.0,28.2,26.3,12.9139431,74.8887653,-54.9,0.0,0.327,0
08:23:17.008,39,115.0,2179.0,37.0,22.0,28.97,83.5,16.0,28.2,28.2,12.9139433,74.8887648,-55.4,0.0,0.325,0
08:23:17.097,39,115.0,2179.0,37.0,22.0,28.97,83.5,16.0,28.2,28.2,12.9139434,74.8887643,-55.9,0.0,0.323,0
08:23:17.188,39,120.0,2179.0,37.0,22.0,28.97,83.5,16.0,28.2,28.2,12.9139435,74.8887638,-56.3,0.0,0.321,0
08:23:17.278,39,120.0,2235.0,37.0,22.0,28.97,83.5,16.0,28.2,28.2,12.9139436,74.8887632,-56.8,0.0,0.319,0
08:23:17.368,39,120.0,2235.0,38.0,22.0,28.97,83.5,16.0,28.2,28.2,12.9139438,74.8887627,-57.3,0.0,0.317,0
08:23:17.457,39,120.0,2235.0,38.0,23.0,28.97,83.5,16.0,28.2,28.2,12.9139439,74.8887622,-57.8,0.0,0.315,0
08:23:17.548,39,120.0,2235.0,38.0,23.0,30.02,83.5,16.0,28.2,28.2,12.913944,74.8887616,-58.3,0.0,0.313,0
08:23:17.638,39,120.0,2235.0,38.0,23.0,30.02,83.5,16.0,28.2,28.2,12.9139441,74.8887611,-58.7,0.0,0.311,0
08:23:17.728,39,120.0,2235.0,38.0,23.0,30.02,83.5,16.0,28.2,28.2,12.9139442,74.8887606,-59.2,0.0,0.309,0
08:23:17.818,39,120.0,2235.0,38.0,23.0,30.02,83.5,16.0,33.7,28.2,12.9139444,74.8887601,-59.7,0.0,0.307,0
08:23:17.908,39,120.0,2235.0,38.0,23.0,30.02,83.5,16.0,33.7,34.5,12.9139445,74.8887595,-60.2,0.0,0.305,0
08:23:17.999,39,120.0,2235.0,38.0,23.0,30.02,83.5,16.0,33.7,34.5,12.9139446,74.888759,-60.7,0.0,0.302,0
08:23:18.088,39,107.0,2235.0,38.0,23.0,30.02,83.5,16.0,33.7,34.5,12.9139447,74.8887585,-61.2,0.0,0.3,0
08:23:18.179,39,107.0,2360.0,38.0,23.0,30.02,83.5,16.0,33.7,34.5,12.9139449,74.888758,-61.6,0.0,0.298,0
08:23:18.269,39,107.0,2360.0,40.0,23.0,30.02,83.5,16.0,33.7,34.5,12.913945,74.8887574,-62.1,0.0,0.296,0
08:23:18.358,39,107.0,2360.0,40.0,23.0,30.02,83.5,16.0,33.7,34.5,12.9139451,74.8887569,-62.6,0.0,0.294,0
08:23:18.448,39,107.0,2360.0,40.0,23.0,37.47,83.5,16.0,33.7,34.5,12.9139452,74.8887564,-63.1,0.0,0.292,0
08:23:18.538,39,107.0,2360.0,40.0,23.0,37.47,83.5,16.0,33.7,34.5,12.9139453,74.8887559,-63.6,0.0,0.29,0
08:23:18.628,39,107.0,2360.0,40.0,23.0,37.47,83.5,16.0,33.7,34.5,12.9139455,74.8887553,-64.1,0.0,0.288,0
08:23:18.718,39,107.0,2360.0,40.0,23.0,37.47,83.5,16.0,14.1,34.5,12.9139456,74.8887548,-64.5,0.0,0.286,0
08:23:18.808,39,107.0,2360.0,40.0,23.0,37.47,83.5,16.0,14.1,14.5,12.9139457,74.8887543,-65.0,0.0,0.284,0
08:23:18.898,39,107.0,2360.0,40.0,23.0,37.47,83.5,16.0,14.1,14.5,12.9139458,74.8887538,-65.5,0.0,0.282,0
08:23:18.990,39,115.0,2360.0,40.0,23.0,37.47,83.5,16.0,14.1,14.5,12.9139459,74.8887532,-66.0,0.0,0.28,0
08:23:19.077,39,115.0,1634.0,40.0,23.0,37.47,83.5,16.0,14.1,14.5,12.9139461,74.8887527,-66.5,0.0,0.278,0
08:23:19.168,39,115.0,1634.0,43.0,23.0,37.47,83.5,16.0,14.1,14.5,12.9139462,74.8887522,-66.9,0.0,0.276,0
08:23:19.258,39,115.0,1634.0,43.0,23.0,37.47,83.5,16.0,14.1,14.5,12.9139463,74.8887516,-67.4,0.0,0.274,0
08:23:19.348,39,115.0,1634.0,43.0,23.0,11.33,83.5,16.0,14.1,14.5,12.9139464,74.8887511,-67.9,0.0,0.272,0
08:23:19.438,39,115.0,1634.0,43.0,23.0,11.33,83.5,16.0,14.1,14.5,12.9139465,74.8887506,-68.4,0.0,0.27,0
08:23:19.527,39,115.0,1634.0,43.0,23.0,11.33,83.5,16.0,14.1,14.5,12.9139467,74.8887501,-68.9,0.0,0.267,0
08:23:19.617,39,115.0,1634.0,43.0,23.0,11.33,83.5,16.0,14.1,14.5,12.9139468,74.8887495,-69.3,0.0,0.265,0
08:23:19.709,39,115.0,1634.0,43.0,23.0,11.33,83.5,16.0,14.1,14.5,12.9139469,74.888749,-69.8,0.0,0.263,0
08:23:19.798,40,115.0,1634.0,43.0,23.0,11.33,83.5,16.0,14.1,14.5,12.913947,74.8887485,-70.3,0.0,0.261,0
08:23:19.888,40,111.0,1634.0,43.0,23.0,11.33,83.5,16.0,14.1,14.5,12.9139472,74.888748,-70.8,0.0,0.259,0
08:23:19.980,40,111.0,1612.0,43.0,23.0,11.33,83.5,16.0,14.1,14.5,12.9139473,74.8887474,-71.3,0.0,0.257,0
08:23:20.067,40,111.0,1612.0,43.0,23.0,11.33,83.5,16.0,14.1,14.5,12.9139474,74.8887469,-71.8,0.0,0.255,0
08:23:20.157,40,111.0,1612.0,43.0,19.0,11.33,83.5,16.0,14.1,14.5,12.9139475,74.8887464,-72.2,0.0,0.253,0
08:23:20.248,40,111.0,1612.0,43.0,19.0,18.8,83.5,16.0,14.1,14.5,12.9139476,74.8887459,-72.7,0.0,0.251,0
08:23:20.339,40,111.0,1612.0,43.0,19.0,18.8,83.5,16.0,14.1,14.5,12.9139478,74.8887453,-73.2,0.0,0.249,0
08:23:20.427,40,111.0,1612.0,43.0,19.0,18.8,83.5,16.0,14.1,14.5,12.9139479,74.8887448,-73.7,0.0,0.247,0
08:23:20.517,40,111.0,1612.0,43.0,19.0,18.8,83.5,16.0,14.1,14.5,12.913948,74.8887443,-74.2,0.0,0.245,0
08:23:20.607,40,111.0,1612.0,43.0,19.0,18.8,83.5,16.0,14.1,14.5,12.9139481,74.8887438,-74.7,0.0,0.243,0
08:23:20.698,40,111.0,1612.0,43.0,19.0,18.8,83.5,16.0,14.1,14.5,12.9139483,74.8887432,-75.1,0.0,0.241,0
08:23:20.788,40,111.0,1612.0,43.0,19.0,18.8,83.5,16.0,14.1,14.5,12.9139484,74.8887427,-75.6,0.0,0.239,0
08:23:20.879,40,111.0,1618.0,43.0,19.0,18.8,83.5,16.0,14.1,14.5,12.9139485,74.8887422,-76.1,0.0,0.237,0
08:23:20.969,40,111.0,1618.0,43.0,19.0,18.8,83.5,16.0,14.1,14.5,12.9139486,74.8887416,-76.6,0.0,0.235,0
08:23:21.058,40,111.0,1618.0,43.0,20.0,18.8,83.5,16.0,14.1,14.5,12.9139487,74.8887411,-77.1,0.0,0.233,0
08:23:21.147,40,111.0,1618.0,43.0,20.0,17.83,83.5,16.0,14.1,14.5,12.9139489,74.8887406,-77.5,0.0,0.23,0
08:23:21.238,40,111.0,1618.0,43.0,20.0,17.83,83.5,16.0,14.1,14.5,12.913949,74.8887401,-78.0,0.0,0.228,0
08:23:21.330,40,111.0,1618.0,43.0,20.0,17.83,83.5,16.0,14.1,14.5,12.9139491,74.8887395,-78.5,0.0,0.226,0
08:23:21.418,40,111.0,1618.0,43.0,20.0,17.83,83.5,16.0,14.1,14.5,12.9139492,74.888739,-79.0,0.0,0.224,0
08:23:21.510,40,111.0,1618.0,43.0,20.0,17.83,83.5,16.0,14.1,14.5,12.9139493,74.8887385,-79.5,0.0,0.222,0
08:23:21.599,40,111.0,1618.0,43.0,20.0,17.83,83.5,16.0,14.1,14.5,12.9139495,74.888738,-80.0,0.0,0.22,0
08:23:21.688,40,111.0,1618.0,43.0,20.0,17.83,83.5,16.0,14.1,14.5,12.9139498,74.888739,-79.3,0.0,0.221,0
08:23:21.779,40,111.0,1630.0,43.0,20.0,17.83,83.5,16.0,14.1,14.5,12.9139501,74.8887402,-78.6,0.0,0.223,0
08:23:21.909,40,111.0,1630.0,44.0,20.0,17.83,83.5,16.0,14.1,14.5,12.9139505,74.8887418,-77.6,0.0,0.225,0
08:23:21.988,40,111.0,1630.0,44.0,20.0,17.83,83.5,16.0,14.1,14.5,12.9139508,74.8887429,-77.0,0.0,0.227,0
08:23:22.077,40,111.0,1630.0,44.0,20.0,15.08,83.5,16.0,14.1,14.5,12.9139511,74.888744,-76.3,0.0,0.228,0
08:23:22.168,40,111.0,1630.0,44.0,20.0,15.08,83.5,16.0,14.1,14.5,12.9139514,74.8887452,-75.6,0.0,0.23,0
08:23:22.258,40,111.0,1630.0,44.0,20.0,15.08,83.5,16.0,14.1,14.5,12.9139517,74.8887463,-74.9,0.0,0.232,0
08:23:22.349,40,111.0,1630.0,44.0,20.0,15.08,83.5,16.0,14.1,14.5,12.913952,74.8887475,-74.2,0.0,0.233,0
08:23:22.438,40,111.0,1630.0,44.0,20.0,15.08,83.5,16.0,14.1,14.5,12.9139523,74.8887486,-73.5,0.0,0.235,0
08:23:22.528,40,111.0,1630.0,44.0,20.0,15.08,83.5,16.0,14.1,14.5,12.9139527,74.8887498,-72.8,0.0,0.236,0
08:23:22.619,40,108.0,1630.0,44.0,20.0,15.08,83.5,16.0,14.1,14.5,12.913953,74.888751,-72.0,0.0,0.238,0
08:23:22.708,40,108.0,921.0,44.0,20.0,15.08,83.5,16.0,14.1,14.5,12.9139533,74.8887521,-71.3,0.0,0.24,0
08:23:22.798,40,108.0,921.0,42.0,20.0,15.08,83.5,16.0,14.1,14.5,12.9139536,74.8887533,-70.6,0.0,0.241,0
08:23:22.888,40,108.0,921.0,42.0,20.0,15.08,83.5,16.0,14.1,14.5,12.9139539,74.8887544,-69.9,0.0,0.243,0
08:23:22.980,40,108.0,921.0,42.0,20.0,10.33,83.5,16.0,14.1,14.5,12.9139542,74.8887556,-69.2,0.0,0.244,0
08:23:23.068,40,108.0,921.0,42.0,20.0,10.33,83.5,16.0,14.1,14.5,12.9139545,74.8887568,-68.5,0.0,0.246,0
08:23:23.157,40,108.0,921.0,42.0,20.0,10.33,83.5,16.0,14.1,14.5,12.9139548,74.8887579,-67.8,0.0,0.247,0
08:23:23.248,40,108.0,921.0,42.0,20.0,10.33,83.5,16.0,14.1,14.5,12.9139551,74.8887591,-67.1,0.0,0.249,0
08:23:23.338,40,108.0,921.0,42.0,20.0,10.33,83.5,16.0,14.1,14.5,12.9139554,74.8887602,-66.4,0.0,0.251,0
08:23:23.428,40,108.0,921.0,42.0,20.0,10.33,83.5,16.0,14.1,14.5,12.9139557,74.8887614,-65.7,0.0,0.252,0
08:23:23.519,40,104.0,921.0,42.0,20.0,10.33,83.5,16.0,14.1,14.5,12.9139561,74.8887626,-65.0,0.0,0.254,0
08:23:23.608,40,104.0,909.0,42.0,20.0,10.33,83.5,16.0,14.1,14.5,12.9139564,74.8887637,-64.3,0.0,0.255,0
08:23:23.698,40,104.0,909.0,37.0,20.0,10.33,83.5,16.0,14.1,14.5,12.9139567,74.8887649,-63.6,0.0,0.257,0
08:23:23.788,40,104.0,909.0,37.0,17.0,10.33,83.5,16.0,14.1,14.5,12.913957,74.888766,-62.9,0.0,0.259,0
08:23:23.878,40,104.0,909.0,37.0,17.0,9.55,83.5,16.0,14.1,14.5,12.9139573,74.8887672,-62.2,0.0,0.26,0
08:23:23.969,40,104.0,909.0,37.0,17.0,9.55,83.5,16.0,14.1,14.5,12.9139576,74.8887684,-61.5,0.0,0.262,0
08:23:24.058,40,104.0,909.0,37.0,17.0,9.55,83.5,16.0,14.1,14.5,12.9139579,74.8887695,-60.8,0.0,0.263,0
08:23:24.147,40,104.0,909.0,37.0,17.0,9.55,83.5,16.0,14.1,14.5,12.9139582,74.8887707,-60.1,0.0,0.265,0
08:23:24.238,40,104.0,909.0,37.0,17.0,9.55,83.5,16.0,14.1,14.5,12.9139585,74.8887718,-59.3,0.0,0.267,0
08:23:24.328,40,104.0,909.0,37.0,17.0,9.55,83.5,16.0,14.1,14.5,12.9139588,74.888773,-58.6,0.0,0.268,0
08:23:24.418,40,103.0,909.0,37.0,17.0,9.55,83.5,16.0,14.1,14.5,12.9139592,74.8887742,-57.9,0.0,0.27,0
08:23:24.508,40,103.0,912.0,37.0,17.0,9.55,83.5,16.0,14.1,14.5,12.9139595,74.8887753,-57.2,0.0,0.271,0
08:23:24.599,40,103.0,912.0,32.0,17.0,9.55,83.5,16.0,14.1,14.5,12.9139598,74.8887765,-56.5,0.0,0.273,0
08:23:24.689,40,103.0,912.0,32.0,17.0,9.55,83.5,16.0,14.1,14.5,12.9139601,74.8887776,-55.8,0.0,0.275,0
08:23:24.779,40,103.0,912.0,32.0,17.0,9.52,83.5,16.0,14.1,14.5,12.9139604,74.8887788,-55.1,0.0,0.276,0
08:23:24.868,40,103.0,912.0,32.0,17.0,9.52,83.5,16.0,14.1,14.5,12.9139607,74.88878,-54.4,0.0,0.278,0
08:23:24.959,40,103.0,912.0,32.0,17.0,9.52,83.5,16.0,14.1,14.5,12.913961,74.8887811,-53.7,0.0,0.279,0
08:23:25.048,40,103.0,912.0,32.0,17.0,9.52,83.5,16.0,14.1,14.5,12.9139613,74.8887823,-53.0,0.0,0.281,0
08:23:25.168,40,103.0,912.0,32.0,17.0,9.52,83.5,16.0,14.1,14.5,12.9139617,74.8887838,-52.0,0.0,0.283,0
08:23:25.258,40,103.0,912.0,32.0,17.0,9.52,83.5,16.0,14.1,14.5,12.913962,74.888785,-51.3,0.0,0.285,0
08:23:25.348,40,102.0,912.0,32.0,17.0,9.52,83.5,16.0,14.1,14.5,12.9139624,74.8887861,-50.6,0.0,0.286,0
08:23:25.440,40,102.0,912.0,32.0,17.0,9.52,83.5,16.0,14.1,14.5,12.9139627,74.8887873,-49.9,0.0,0.288,0
08:23:25.527,40,102.0,912.0,27.0,17.0,9.52,83.5,16.0,14.1,14.5,12.913963,74.8887884,-49.2,0.0,0.289,0
08:23:25.617,40,102.0,912.0,27.0,17.0,9.52,83.5,16.0,14.1,14.5,12.9139633,74.8887896,-48.5,0.0,0.291,0
08:23:25.708,40,102.0,912.0,27.0,17.0,9.3,83.5,16.0,14.1,14.5,12.9139636,74.8887908,-47.8,0.0,0.293,0
08:23:25.800,40,102.0,912.0,27.0,17.0,9.3,83.5,16.0,14.1,14.5,12.9139639,74.888792,-47.1,0.0,0.294,0
08:23:25.920,40,102.0,912.0,27.0,17.0,9.3,83.5,16.0,14.1,14.5,12.9139643,74.8887935,-46.1,0.0,0.296,0
08:23:26.008,40,102.0,912.0,27.0,17.0,9.3,83.5,16.0,14.1,14.5,12.9139646,74.8887946,-45.5,0.0,0.298,0
08:23:26.097,40,102.0,912.0,27.0,17.0,9.3,83.5,16.0,14.1,14.5,12.9139649,74.8887958,-44.8,0.0,0.299,0
08:23:26.188,40,102.0,912.0,27.0,17.0,9.3,83.5,16.0,14.1,14.5,12.9139652,74.888797,-44.0,0.0,0.301,0
08:23:26.278,40,102.0,912.0,27.0,17.0,9.3,83.5,16.0,14.1,14.5,12.9139655,74.8887981,-43.3,0.0,0.303,0
08:23:26.369,40,102.0,913.0,27.0,17.0,9.3,83.5,16.0,14.1,14.5,12.9139659,74.8887993,-42.6,0.0,0.304,0
08:23:26.460,40,102.0,913.0,23.0,17.0,9.3,83.5,16.0,14.1,14.5,12.9139662,74.8888005,-41.9,0.0,0.306,0
08:23:26.548,40,102.0,913.0,23.0,17.0,9.3,83.5,16.0,14.1,14.5,12.9139665,74.8888016,-41.2,0.0,0.307,0
08:23:26.638,40,102.0,913.0,23.0,17.0,9.19,83.5,16.0,14.1,14.5,12.9139668,74.8888028,-40.5,0.0,0.309,0
08:23:26.728,40,102.0,913.0,23.0,17.0,9.19,83.5,16.0,14.1,14.5,12.9139671,74.8888039,-39.8,0.0,0.311,0
08:23:26.818,40,102.0,913.0,23.0,17.0,9.19,83.5,16.0,14.1,14.5,12.9139674,74.8888051,-39.1,0.0,0.312,0
08:23:26.909,40,102.0,913.0,23.0,17.0,9.19,83.5,16.0,14.1,14.5,12.9139677,74.8888062,-38.4,0.0,0.314,0
08:23:26.999,40,102.0,913.0,23.0,17.0,9.19,83.5,16.0,14.1,14.5,12.913968,74.8888074,-37.7,0.0,0.315,0
08:23:27.088,40,102.0,913.0,23.0,17.0,9.19,83.5,16.0,14.1,14.5,12.9139683,74.8888086,-37.0,0.0,0.317,0
08:23:27.178,40,102.0,913.0,23.0,17.0,9.19,83.5,16.0,14.1,14.5,12.9139686,74.8888097,-36.3,0.0,0.319,0
08:23:27.268,40,102.0,914.0,23.0,17.0,9.19,83.5,16.0,14.1,14.5,12.913969,74.8888109,-35.6,0.0,0.32,0
08:23:27.359,40,102.0,914.0,19.0,17.0,9.19,83.5,16.0,14.1,14.5,12.9139693,74.888812,-34.9,0.0,0.322,0
08:23:27.449,40,102.0,914.0,19.0,17.0,9.19,83.5,16.0,14.1,14.5,12.9139696,74.8888132,-34.1,0.0,0.323,0
08:23:27.538,40,102.0,914.0,19.0,17.0,9.33,83.5,16.0,14.1,14.5,12.9139699,74.8888143,-33.4,0.0,0.325,0
08:23:27.628,40,102.0,914.0,19.0,17.0,9.33,83.5,16.0,14.1,14.5,12.9139702,74.8888155,-32.7,0.0,0.327,0
08:23:27.718,40,102.0,914.0,19.0,17.0,9.33,83.5,16.0,14.1,14.5,12.9139705,74.8888167,-32.0,0.0,0.328,0
08:23:27.810,40,102.0,914.0,19.0,17.0,9.33,83.5,16.0,14.1,14.5,12.9139708,74.8888179,-31.3,0.0,0.33,0
08:23:27.899,40,102.0,914.0,19.0,17.0,9.33,83.5,16.0,14.1,14.5,12.9139711,74.888819,-30.6,0.0,0.331,0
08:23:27.988,40,102.0,914.0,19.0,17.0,9.33,83.5,16.0,14.1,14.5,12.9139714,74.8888201,-29.9,0.0,0.333,0
08:23:28.078,40,102.0,914.0,19.0,17.0,9.33,83.5,16.0,14.1,14.5,12.9139717,74.8888213,-29.2,0.0,0.335,0
08:23:28.168,40,102.0,914.0,19.0,17.0,9.33,83.5,16.0,14.1,14.5,12.9139721,74.8888225,-28.5,0.0,0.336,0
08:23:28.258,40,102.0,914.0,14.0,17.0,9.33,83.5,16.0,14.1,14.5,12.9139724,74.8888236,-27.8,0.0,0.338,0
08:23:28.348,40,102.0,914.0,14.0,18.0,9.33,83.5,16.0,14.1,14.5,12.9139727,74.8888248,-27.1,0.0,0.339,0
08:23:28.440,40,102.0,914.0,14.0,18.0,9.16,83.5,16.0,14.1,14.5,12.913973,74.888826,-26.4,0.0,0.341,0
08:23:28.528,40,102.0,914.0,14.0,18.0,9.16,83.5,16.0,14.1,14.5,12.9139733,74.8888271,-25.7,0.0,0.342,0
08:23:28.618,40,102.0,914.0,14.0,18.0,9.16,83.5,16.0,14.1,14.5,12.9139736,74.8888283,-25.0,0.0,0.344,0
08:23:28.708,40,102.0,914.0,14.0,18.0,9.16,83.5,16.0,14.1,14.5,12.9139739,74.8888294,-24.3,0.0,0.346,0
08:23:28.799,40,102.0,914.0,14.0,18.0,9.16,83.5,16.0,14.1,14.5,12.9139742,74.8888306,-23.6,0.0,0.347,0
08:23:28.889,40,102.0,914.0,14.0,18.0,9.16,83.5,16.0,14.1,14.5,12.9139745,74.8888318,-22.8,0.0,0.349,0
08:23:28.980,40,102.0,914.0,14.0,18.0,9.16,83.5,16.0,14.1,14.5,12.9139748,74.8888329,-22.1,0.0,0.35,0
08:23:29.068,40,102.0,915.0,14.0,18.0,9.16,83.5,16.0,14.1,14.5,12.9139751,74.8888341,-21.4,0.0,0.352,0
08:23:29.158,40,102.0,915.0,9.0,18.0,9.16,83.5,16.0,14.1,14.5,12.9139755,74.8888352,-20.7,0.0,0.354,0
08:23:29.248,40,102.0,915.0,9.0,18.0,9.16,83.5,16.0,14.1,14.5,12.9139758,74.8888364,-20.0,0.0,0.355,0
08:23:29.340,40,102.0,915.0,9.0,18.0,9.38,83.5,16.0,14.1,14.5,12.9139761,74.8888376,-19.3,0.0,0.357,0
08:23:29.428,40,102.0,915.0,9.0,18.0,9.38,83.5,16.0,14.1,14.5,12.9139764,74.8888387,-18.6,0.0,0.358,0
08:23:29.519,40,102.0,915.0,9.0,18.0,9.38,83.5,16.0,14.1,14.5,12.9139767,74.8888399,-17.9,0.0,0.36,0
08:23:29.608,40,102.0,915.0,9.0,18.0,9.38,83.5,16.0,14.1,14.5,12.913977,74.888841,-17.2,0.0,0.362,0
08:23:29.699,40,102.0,915.0,9.0,18.0,9.38,83.5,16.0,14.1,14.5,12.9139773,74.8888422,-16.5,0.0,0.363,0
08:23:29.788,40,102.0,915.0,9.0,18.0,9.38,83.5,16.0,14.1,14.5,12.9139776,74.8888433,-15.8,0.0,0.365,0
08:23:29.878,40,102.0,915.0,9.0,18.0,9.38,83.5,16.0,14.1,14.5,12.9139779,74.8888445,-15.1,0.0,0.366,0
08:23:29.969,40,102.0,913.0,9.0,18.0,9.38,83.5,16.0,14.1,14.5,12.9139782,74.8888457,-14.4,0.0,0.368,0
08:23:30.059,40,102.0,913.0,4.0,18.0,9.38,83.5,16.0,14.1,14.5,12.9139786,74.8888468,-13.7,0.0,0.37,0
08:23:30.147,40,102.0,913.0,4.0,18.0,9.38,83.5,16.0,14.1,14.5,12.9139789,74.888848,-13.0,0.0,0.371,0
08:23:30.238,40,102.0,913.0,4.0,18.0,9.33,83.5,16.0,14.1,14.5,12.9139792,74.8888491,-12.3,0.0,0.373,0
08:23:30.329,40,102.0,913.0,4.0,18.0,9.33,83.5,16.0,14.1,14.5,12.9139795,74.8888503,-11.6,0.0,0.374,0
08:23:30.419,40,102.0,913.0,4.0,18.0,9.33,83.5,16.0,14.1,14.5,12.9139798,74.8888515,-10.8,0.0,0.376,0
08:23:30.508,40,102.0,913.0,4.0,18.0,9.33,83.5,16.0,14.1,14.5,12.9139801,74.8888526,-10.1,0.0,0.378,0
08:23:30.598,40,102.0,913.0,4.0,18.0,9.33,83.5,16.0,14.1,14.5,12.9139804,74.8888538,-9.4,0.0,0.379,0
08:23:30.688,40,102.0,913.0,4.0,18.0,9.33,83.5,16.0,14.1,14.5,12.9139807,74.8888549,-8.7,0.0,0.381,0
08:23:30.780,40,102.0,913.0,4.0,18.0,9.33,83.5,16.0,14.1,14.5,12.913981,74.8888561,-8.0,0.0,0.382,0
08:23:30.869,40,102.0,880.0,4.0,18.0,9.33,83.5,16.0,14.1,14.5,12.9139813,74.8888573,-7.3,0.0,0.384,0
08:23:30.958,40,102.0,880.0,2.0,18.0,9.33,83.5,16.0,14.1,14.5,12.9139816,74.8888584,-6.6,0.0,0.385,0
08:23:31.048,40,102.0,880.0,2.0,18.0,9.33,83.5,16.0,14.1,14.5,12.913982,74.8888596,-5.9,0.0,0.387,0
08:23:31.137,40,102.0,880.0,2.0,18.0,8.69,83.5,16.0,14.1,14.5,12.9139823,74.8888607,-5.2,0.0,0.389,0
08:23:31.228,40,102.0,880.0,2.0,18.0,8.69,83.5,16.0,14.1,14.5,12.9139826,74.8888619,-4.5,0.0,0.39,0
08:23:31.320,40,102.0,880.0,2.0,18.0,8.69,83.5,16.0,14.1,14.5,12.9139829,74.8888631,-3.8,0.0,0.392,0
08:23:31.408,40,102.0,880.0,2.0,18.0,8.69,83.5,16.0,14.1,14.5,12.9139832,74.8888642,-3.1,0.0,0.393,0
08:23:31.498,40,102.0,880.0,2.0,18.0,8.69,83.5,16.0,14.1,14.5,12.9139835,74.8888654,-2.4,0.0,0.395,0
08:23:31.588,40,102.0,880.0,2.0,18.0,8.69,83.5,16.0,14.1,14.5,12.9139838,74.8888665,-1.7,0.0,0.397,0
08:23:31.678,40,101.0,880.0,2.0,18.0,8.69,83.5,16.0,14.1,14.5,12.9139841,74.8888677,-1.0,0.0,0.398,0
08:23:31.768,40,101.0,806.0,2.0,18.0,8.69,83.5,16.0,14.1,14.5,12.9139844,74.8888688,-0.3,0.0,0.4,0
08:23:31.859,40,101.0,806.0,1.0,18.0,8.69,83.5,16.0,14.1,14.5,12.9139847,74.88887,0.5,0.0,0.401,0
08:23:31.948,40,101.0,806.0,1.0,18.0,8.69,83.5,16.0,14.1,14.5,12.9139851,74.8888712,1.2,0.0,0.403,0
08:23:32.039,40,101.0,806.0,1.0,18.0,8.38,83.5,16.0,14.1,14.5,12.9139854,74.8888723,1.9,0.0,0.405,0
08:23:32.127,40,101.0,806.0,1.0,18.0,8.38,83.5,16.0,14.1,14.5,12.9139857,74.8888735,2.6,0.0,0.406,0
08:23:32.218,40,101.0,806.0,1.0,18.0,8.38,83.5,16.0,14.1,14.5,12.913986,74.8888746,3.3,0.0,0.408,0
08:23:32.308,40,101.0,806.0,1.0,18.0,8.38,83.5,16.0,14.1,14.5,12.9139863,74.8888758,4.0,0.0,0.409,0
08:23:32.399,40,101.0,806.0,1.0,18.0,8.38,83.5,16.0,14.1,14.5,12.9139866,74.888877,4.7,0.0,0.411,0
08:23:32.488,40,101.0,806.0,1.0,18.0,8.38,83.5,16.0,14.1,14.5,12.9139869,74.8888781,5.4,0.0,0.413,0
08:23:32.579,40,101.0,806.0,1.0,18.0,8.38,83.5,16.0,14.1,14.5,12.9139872,74.8888793,6.1,0.0,0.414,0
08:23:32.668,40,101.0,807.0,1.0,18.0,8.38,83.5,16.0,14.1,14.5,12.9139875,74.8888804,6.8,0.0,0.416,0
08:23:32.759,40,101.0,807.0,0.0,18.0,8.38,83.5,16.0,14.1,14.5,12.9139878,74.8888816,7.5,0.0,0.417,0
08:23:32.848,40,101.0,807.0,0.0,17.0,8.38,83.5,16.0,14.1,14.5,12.9139881,74.8888828,8.2,0.0,0.419,0
08:23:32.939,40,101.0,807.0,0.0,17.0,8.41,83.5,16.0,14.1,14.5,12.9139885,74.8888839,8.9,0.0,0.421,0
08:23:33.028,40,101.0,807.0,0.0,17.0,8.41,83.5,16.0,14.1,14.5,12.9139888,74.8888851,9.6,0.0,0.422,0
08:23:33.117,40,101.0,807.0,0.0,17.0,8.41,83.5,16.0,14.1,14.5,12.9139891,74.8888862,10.3,0.0,0.424,0
08:23:33.208,40,101.0,807.0,0.0,17.0,8.41,83.5,16.0,14.1,14.5,12.9139894,74.8888874,11.0,0.0,0.425,0
08:23:33.298,40,101.0,807.0,0.0,17.0,8.41,83.5,16.0,14.1,14.5,12.9139897,74.8888886,11.7,0.0,0.427,0
08:23:33.388,40,101.0,807.0,0.0,17.0,8.41,83.5,16.0,14.1,14.5,12.91399,74.8888897,12.5,0.0,0.428,0
08:23:33.479,40,101.0,807.0,0.0,17.0,8.41,83.5,16.0,14.1,14.5,12.9139903,74.8888909,13.2,0.0,0.43,0
08:23:33.570,40,101.0,807.0,0.0,17.0,8.41,83.5,16.0,14.1,14.5,12.9139906,74.8888921,13.9,0.0,0.432,0
08:23:33.660,40,101.0,807.0,0.0,17.0,8.41,83.5,16.0,14.1,14.5,12.9139909,74.8888932,14.6,0.0,0.433,0
08:23:33.748,40,101.0,807.0,0.0,17.0,8.41,83.5,16.0,14.1,14.5,12.9139912,74.8888943,15.3,0.0,0.435,0
08:23:33.839,40,101.0,807.0,0.0,17.0,8.41,83.5,16.0,14.1,14.5,12.9139916,74.8888955,16.0,0.0,0.436,0
08:23:33.928,40,101.0,807.0,0.0,17.0,8.41,83.5,16.0,14.1,14.5,12.9139919,74.8888967,16.7,0.0,0.438,0
08:23:34.019,40,101.0,807.0,0.0,17.0,8.41,83.5,17.0,14.1,14.5,12.9139922,74.8888978,17.4,0.0,0.44,0
08:23:34.107,40,101.0,807.0,0.0,17.0,8.41,83.5,17.0,14.1,14.5,12.9139925,74.888899,18.1,0.0,0.441,0
08:23:34.198,40,101.0,807.0,0.0,17.0,8.41,83.5,17.0,14.1,14.5,12.9139928,74.8889001,18.8,0.0,0.443,0
08:23:34.288,40,101.0,807.0,0.0,17.0,8.41,83.5,17.0,14.1,14.5,12.9139931,74.8889013,19.5,0.0,0.444,0
08:23:34.379,40,100.0,807.0,0.0,17.0,8.41,83.5,17.0,14.1,14.5,12.9139934,74.8889025,20.2,0.0,0.446,0
08:23:34.468,40,100.0,806.0,0.0,17.0,8.41,83.5,17.0,14.1,14.5,12.9139937,74.8889036,20.9,0.0,0.448,0
08:23:34.559,40,100.0,806.0,1.0,17.0,8.41,83.5,17.0,14.1,14.5,12.913994,74.8889048,21.6,0.0,0.449,0
08:23:34.648,40,100.0,806.0,1.0,17.0,8.41,83.5,17.0,14.1,14.5,12.9139954,74.8889031,21.9,359.8,0.468,0
08:23:34.738,40,100.0,806.0,1.0,17.0,8.08,83.5,17.0,14.1,14.5,12.9139981,74.8888984,21.6,359.5,0.506,0
08:23:34.828,40,100.0,806.0,1.0,17.0,8.08,83.5,17.0,14.1,14.5,12.9140007,74.8888936,21.3,359.2,0.544,0
08:23:34.920,40,100.0,806.0,1.0,17.0,8.08,83.5,17.0,14.1,14.5,12.9140034,74.8888887,21.1,358.9,0.582,0
08:23:35.008,40,100.0,806.0,1.0,17.0,8.08,83.5,17.0,14.1,14.5,12.914006,74.8888841,20.8,358.6,0.619,0
08:23:35.099,40,100.0,806.0,1.0,17.0,8.08,83.5,17.0,14.1,14.5,12.9140086,74.8888793,20.6,358.2,0.657,0
08:23:35.188,41,100.0,806.0,1.0,17.0,8.08,83.5,17.0,14.1,14.5,12.9140112,74.8888746,20.3,357.9,0.695,0
08:23:35.278,41,100.0,806.0,1.0,17.0,8.08,83.5,17.0,14.1,14.5,12.9140139,74.8888698,20.0,357.6,0.733,0
08:23:35.368,41,100.0,807.0,1.0,17.0,8.08,83.5,17.0,14.1,14.5,12.9140165,74.888865,19.8,357.3,0.77,0
08:23:35.459,41,100.0,807.0,1.0,17.0,8.08,83.5,17.0,14.1,14.5,12.9140192,74.8888602,19.5,357.0,0.809,0
08:23:35.548,41,100.0,807.0,1.0,17.0,8.08,83.5,17.0,14.1,14.5,12.9140218,74.8888555,19.2,356.6,0.846,0
08:23:35.645,41,100.0,807.0,1.0,17.0,8.08,83.5,17.0,14.1,14.5,12.9140246,74.8888504,19.0,356.3,0.887,0
08:23:35.728,41,100.0,807.0,1.0,17.0,8.08,83.5,17.0,14.1,14.5,12.914027,74.888846,18.7,356.0,0.922,0
08:23:35.819,41,100.0,807.0,1.0,17.0,8.08,83.5,17.0,14.1,14.5,12.9140297,74.8888412,18.5,355.7,0.96,0
08:23:35.908,41,100.0,807.0,1.0,17.0,8.08,83.5,17.0,14.1,14.5,12.9140323,74.8888365,18.2,355.3,0.997,0
08:23:35.999,41,100.0,807.0,1.0,17.0,8.08,83.5,17.0,14.1,14.5,12.9140349,74.8888317,17.9,355.0,1.035,0
08:23:36.088,41,100.0,807.0,1.0,17.0,8.08,83.5,17.0,14.1,14.5,12.9140375,74.888827,17.7,354.7,1.073,0
08:23:36.178,41,100.0,807.0,1.0,17.0,8.08,83.5,17.0,14.1,14.5,12.9140402,74.8888222,17.4,354.4,1.111,0
08:23:36.268,41,100.0,805.0,1.0,17.0,8.08,83.5,17.0,14.1,14.5,12.9140428,74.8888175,17.1,354.1,1.148,0
08:23:36.358,41,100.0,805.0,0.0,17.0,8.08,83.5,17.0,14.1,14.5,12.9140454,74.8888127,16.9,353.7,1.186,0
08:23:36.448,41,100.0,805.0,0.0,17.0,8.08,83.5,17.0,14.1,14.5,12.9140481,74.8888079,16.6,353.4,1.224,0
08:23:36.537,41,100.0,805.0,0.0,17.0,8.08,83.5,17.0,14.1,14.5,12.9140507,74.8888032,16.4,353.1,1.261,0
08:23:36.628,41,100.0,805.0,0.0,17.0,8.08,83.5,17.0,14.1,14.5,12.9140533,74.8887984,16.1,352.8,1.3,0
08:23:36.718,41,100.0,805.0,0.0,17.0,8.08,83.5,17.0,14.1,14.5,12.9140559,74.8887937,15.8,352.5,1.337,0
08:23:36.810,41,100.0,805.0,0.0,17.0,8.08,83.5,17.0,14.1,14.5,12.9140586,74.8887888,15.6,352.1,1.376,0
08:23:36.899,41,100.0,805.0,0.0,17.0,8.08,83.5,17.0,14.1,14.5,12.9140612,74.8887841,15.3,351.8,1.413,0
08:23:36.989,41,100.0,805.0,0.0,17.0,8.08,83.5,17.0,14.1,14.5,12.9140639,74.8887793,15.0,351.5,1.451,0
08:23:37.078,41,100.0,805.0,0.0,17.0,8.08,83.5,17.0,14.1,14.5,12.9140665,74.8887746,14.8,351.2,1.489,0
08:23:37.168,41,100.0,808.0,0.0,17.0,8.08,83.5,17.0,14.1,14.5,12.9140691,74.8887699,14.5,350.9,1.526,0
08:23:37.259,41,100.0,808.0,0.0,17.0,8.08,83.5,17.0,14.1,14.5,12.9140718,74.8887651,14.2,350.5,1.565,0
08:23:37.348,41,100.0,808.0,0.0,17.0,8.08,83.5,17.0,14.1,14.5,12.9140744,74.8887603,14.0,350.2,1.602,0
08:23:37.439,41,100.0,808.0,0.0,17.0,8.22,83.5,17.0,14.1,14.5,12.914077,74.8887555,13.7,349.9,1.64,0
08:23:37.528,41,100.0,808.0,0.0,17.0,8.22,83.5,17.0,14.1,14.5,12.9140796,74.8887508,13.5,349.6,1.678,0
08:23:37.619,41,100.0,808.0,0.0,17.0,8.22,83.5,17.0,14.1,14.5,12.9140823,74.888746,13.2,349.2,1.716,0
08:23:37.708,41,100.0,808.0,0.0,17.0,8.22,83.5,17.0,14.1,14.5,12.9140849,74.8887413,12.9,348.9,1.753,0
08:23:37.799,41,100.0,808.0,0.0,17.0,8.22,83.5,17.0,14.1,14.5,12.9140875,74.8887365,12.7,348.6,1.791,0
08:23:37.888,41,100.0,808.0,0.0,17.0,8.22,83.5,17.0,14.1,14.5,12.9140901,74.8887318,12.4,348.3,1.829,0
08:23:38.008,41,100.0,808.0,0.0,17.0,8.22,83.5,17.0,14.1,14.5,12.9140936,74.8887254,12.1,347.9,1.879,0
08:23:38.098,41,100.0,808.0,0.0,17.0,8.22,83.5,17.0,14.1,14.5,12.9140963,74.8887207,11.8,347.5,1.917,0
08:23:38.187,41,100.0,808.0,0.0,17.0,8.22,83.5,17.0,14.1,14.5,12.9140989,74.888716,11.5,347.2,1.954,0
08:23:38.278,41,100.0,808.0,0.0,18.0,8.22,83.5,17.0,14.1,14.5,12.9141015,74.8887112,11.3,346.9,1.993,0
08:23:38.368,41,100.0,808.0,0.0,18.0,8.08,83.5,17.0,14.1,14.5,12.9141042,74.8887064,11.0,346.6,2.03,0
08:23:38.458,41,100.0,808.0,0.0,18.0,8.08,83.5,17.0,14.1,14.5,12.9141068,74.8887017,10.7,346.2,2.068,0
08:23:38.548,41,100.0,808.0,0.0,18.0,8.08,83.5,17.0,14.1,14.5,12.9141094,74.8886969,10.5,345.9,2.106,0
08:23:38.638,41,100.0,808.0,0.0,18.0,8.08,83.5,17.0,14.1,14.5,12.9141121,74.8886921,10.2,345.6,2.144,0
08:23:38.728,41,100.0,808.0,0.0,18.0,8.08,83.5,17.0,14.1,14.5,12.9141147,74.8886874,9.9,345.3,2.182,0
08:23:38.819,41,100.0,808.0,0.0,18.0,8.08,83.5,17.0,14.1,14.5,12.9141173,74.8886826,9.7,345.0,2.22,0
08:23:38.908,41,100.0,808.0,0.0,18.0,8.08,83.5,17.0,14.1,14.5,12.9141199,74.8886779,9.4,344.6,2.257,0
08:23:38.998,41,100.0,806.0,0.0,18.0,8.08,83.5,17.0,14.1,14.5,12.9141226,74.8886731,9.2,344.3,2.295,0
08:23:39.088,41,100.0,806.0,1.0,18.0,8.08,83.5,17.0,14.1,14.5,12.9141252,74.8886683,8.9,344.0,2.333,0
08:23:39.178,41,100.0,806.0,1.0,18.0,8.08,83.5,17.0,14.1,14.5,12.9141278,74.8886636,8.6,343.7,2.371,0
08:23:39.268,41,100.0,806.0,1.0,18.0,8.05,83.5,17.0,14.1,14.5,12.9141305,74.8886588,8.4,343.4,2.408,0
08:23:39.359,41,100.0,806.0,1.0,18.0,8.05,83.5,17.0,14.1,14.5,12.9141331,74.888654,8.1,343.0,2.447,0
08:23:39.450,41,100.0,806.0,1.0,18.0,8.05,83.5,17.0,14.1,14.5,12.9141358,74.8886492,7.8,342.7,2.485,0
08:23:39.541,41,100.0,806.0,1.0,18.0,8.05,83.5,17.0,14.1,14.5,12.9141384,74.8886444,7.6,342.4,2.523,0
08:23:39.628,41,100.0,806.0,1.0,18.0,8.05,83.5,17.0,14.1,14.5,12.914141,74.8886398,7.3,342.1,2.56,0
08:23:39.719,41,100.0,806.0,1.0,18.0,8.05,83.5,17.0,14.1,14.5,12.9141436,74.888635,7.1,341.7,2.598,0
08:23:39.808,41,100.0,806.0,1.0,18.0,8.05,83.5,17.0,14.1,14.5,12.9141462,74.8886303,6.8,341.4,2.635,0
08:23:39.904,41,100.0,808.0,1.0,18.0,8.05,83.5,17.0,14.1,14.5,12.9141491,74.8886252,6.5,341.1,2.676,0
08:23:39.988,41,100.0,808.0,0.0,18.0,8.05,83.5,17.0,14.1,14.5,12.9141515,74.8886208,6.3,340.8,2.711,0
08:23:40.077,41,100.0,808.0,0.0,18.0,8.05,83.5,17.0,14.1,14.5,12.9141541,74.888616,6.0,340.5,2.748,0
08:23:40.167,41,100.0,808.0,0.0,18.0,8.22,83.5,17.0,14.1,14.5,12.9141567,74.8886113,5.7,340.1,2.786,0
08:23:40.258,41,100.0,808.0,0.0,18.0,8.22,83.5,17.0,14.1,14.5,12.9141594,74.8886065,5.5,339.8,2.824,0
08:23:40.348,41,100.0,808.0,0.0,18.0,8.22,83.5,17.0,14.1,14.5,12.914162,74.8886017,5.2,339.5,2.862,0
08:23:40.439,41,100.0,808.0,0.0,18.0,8.22,83.5,17.0,14.1,14.5,12.9141647,74.8885969,4.9,339.2,2.9,0
08:23:40.560,41,100.0,808.0,0.0,18.0,8.22,83.5,17.0,14.1,14.5,12.9141682,74.8885905,4.6,338.7,2.951,0
08:23:40.650,41,100.0,808.0,0.0,18.0,8.22,83.5,17.0,14.1,14.5,12.9141709,74.8885857,4.3,338.4,2.989,0
08:23:40.739,41,100.0,808.0,0.0,18.0,8.22,83.5,17.0,14.1,14.5,12.9141735,74.888581,4.1,338.1,3.026,0
08:23:40.828,41,100.0,806.0,0.0,18.0,8.22,83.5,17.0,14.1,14.5,12.9141761,74.8885763,3.8,337.8,3.064,0
08:23:40.948,41,100.0,806.0,1.0,18.0,8.22,83.5,17.0,14.1,14.5,12.9141796,74.88857,3.5,337.4,3.114,0
08:23:41.038,41,100.0,806.0,1.0,18.0,8.22,83.5,17.0,14.1,14.5,12.9141822,74.8885652,3.2,337.0,3.152,0
08:23:41.127,41,100.0,806.0,1.0,18.0,8.38,83.5,17.0,14.1,14.5,12.9141848,74.8885605,2.9,336.7,3.189,0
08:23:41.219,41,100.0,806.0,1.0,18.0,8.38,83.5,17.0,14.1,14.5,12.9141875,74.8885557,2.7,336.4,3.228,0
08:23:41.308,41,100.0,806.0,1.0,18.0,8.38,83.5,17.0,14.1,14.5,12.9141901,74.888551,2.4,336.1,3.265,0
08:23:41.399,41,100.0,806.0,1.0,18.0,8.38,83.5,17.0,14.1,14.5,12.9141927,74.8885461,2.1,335.8,3.303,0
08:23:41.488,41,100.0,806.0,1.0,18.0,8.38,83.5,17.0,14.1,14.5,12.9141953,74.8885414,1.9,335.4,3.341,0
08:23:41.579,41,100.0,806.0,1.0,18.0,8.38,83.5,17.0,14.1,14.5,12.914198,74.8885366,1.6,335.1,3.379,0
08:23:41.669,41,100.0,806.0,1.0,18.0,8.38,83.5,17.0,14.1,14.5,12.9142006,74.8885319,1.4,334.8,3.417,0
08:23:41.759,41,100.0,805.0,1.0,18.0,8.38,83.5,17.0,14.1,14.5,12.9142033,74.8885271,1.1,334.5,3.455,0
08:23:41.879,41,100.0,805.0,1.0,18.0,8.38,83.5,17.0,14.1,14.5,12.9142068,74.8885208,0.7,334.0,3.505,0
08:23:41.969,41,100.0,805.0,1.0,18.0,8.38,83.5,17.0,14.1,14.5,12.9142094,74.888516,0.5,333.7,3.543,0
08:23:42.059,41,100.0,805.0,1.0,18.0,8.27,83.5,17.0,14.1,14.5,12.914212,74.8885112,0.2,333.4,3.581,0
08:23:42.148,41,100.0,805.0,1.0,18.0,8.27,83.5,17.0,14.1,14.5,12.9142146,74.8885065,-0.0,333.1,3.618,0
08:23:42.238,41,100.0,805.0,1.0,18.0,8.27,83.5,17.0,14.1,14.5,12.9142173,74.8885018,-0.3,332.8,3.656,0
08:23:42.328,41,100.0,805.0,1.0,18.0,8.27,83.5,17.0,14.1,14.5,12.9142199,74.888497,-0.6,332.4,3.694,0
08:23:42.420,41,100.0,805.0,1.0,18.0,8.27,83.5,17.0,14.1,14.5,12.9142226,74.8884922,-0.8,332.1,3.732,0
08:23:42.508,41,100.0,805.0,1.0,18.0,8.27,83.5,17.0,14.1,14.5,12.9142251,74.8884875,-1.1,331.8,3.769,0
08:23:42.599,41,100.0,805.0,1.0,18.0,8.27,83.5,17.0,14.1,14.5,12.9142278,74.8884827,-1.4,331.5,3.807,0
08:23:42.689,41,100.0,804.0,1.0,18.0,8.27,83.5,17.0,14.1,14.5,12.9142304,74.8884779,-1.6,331.1,3.845,0
08:23:42.780,41,100.0,804.0,1.0,18.0,8.27,83.5,17.0,14.1,14.5,12.9142331,74.8884731,-1.9,330.8,3.883,0
08:23:42.868,41,100.0,804.0,1.0,19.0,8.27,83.5,17.0,14.1,14.5,12.9142357,74.8884685,-2.2,330.5,3.92,0
08:23:42.959,41,100.0,804.0,1.0,19.0,8.58,83.5,17.0,14.1,14.5,12.9142383,74.8884637,-2.4,330.2,3.959,0
08:23:43.058,41,100.0,804.0,1.0,19.0,8.58,83.5,17.0,14.1,14.5,12.9142412,74.8884584,-2.7,329.8,4.0,0
08:23:43.137,41,100.0,804.0,1.0,19.0,8.58,83.5,17.0,14.1,14.5,12.9142435,74.8884542,-2.9,329.5,4.033,0
08:23:43.228,41,100.0,804.0,1.0,19.0,8.58,83.5,17.0,14.1,14.5,12.9142462,74.8884494,-3.2,329.2,4.072,0
08:23:43.321,41,100.0,804.0,1.0,19.0,8.58,83.5,17.0,14.1,14.5,12.9142489,74.8884445,-3.5,328.9,4.111,0
08:23:43.408,41,100.0,804.0,1.0,19.0,8.58,83.5,17.0,14.1,14.5,12.9142515,74.8884399,-3.7,328.6,4.147,0
08:23:43.499,41,100.0,804.0,1.0,19.0,8.58,83.5,17.0,14.1,14.5,12.9142541,74.8884351,-4.0,328.3,4.185,0
08:23:43.588,41,100.0,805.0,1.0,19.0,8.58,83.5,17.0,14.1,14.5,12.9142567,74.8884304,-4.3,327.9,4.223,0
08:23:43.679,41,100.0,805.0,1.0,19.0,8.58,83.5,17.0,14.1,14.5,12.9142594,74.8884256,-4.5,327.6,4.261,0
08:23:43.769,41,100.0,805.0,1.0,19.0,8.58,83.5,17.0,14.1,14.5,12.914262,74.8884208,-4.8,327.3,4.299,0
08:23:43.860,41,100.0,805.0,1.0,19.0,8.22,83.5,17.0,14.1,14.5,12.9142647,74.888416,-5.1,327.0,4.337,0
08:23:43.948,41,100.0,805.0,1.0,19.0,8.22,83.5,17.0,14.1,14.5,12.9142672,74.8884114,-5.3,326.7,4.374,0
08:23:44.040,41,100.0,805.0,1.0,19.0,8.22,83.5,17.0,14.1,14.5,12.9142699,74.8884065,-5.6,326.3,4.413,0
08:23:44.128,41,100.0,805.0,1.0,19.0,8.22,83.5,17.0,14.1,14.5,12.9142725,74.8884018,-5.8,326.0,4.45,0
08:23:44.218,41,100.0,805.0,1.0,19.0,8.22,83.5,17.0,14.1,14.5,12.9142751,74.8883971,-6.1,325.7,4.487,0
08:23:44.308,41,100.0,805.0,1.0,19.0,8.22,83.5,17.0,14.1,14.5,12.9142778,74.8883923,-6.4,325.4,4.525,0
08:23:44.399,41,100.0,805.0,1.0,19.0,8.22,83.5,17.0,14.1,14.5,12.9142804,74.8883875,-6.6,325.0,4.563,0
08:23:44.488,41,100.0,804.0,1.0,19.0,8.22,83.5,17.0,14.1,14.5,12.914283,74.8883828,-6.9,324.7,4.601,0
08:23:44.580,41,100.0,804.0,0.0,19.0,8.22,83.5,17.0,14.1,14.5,12.9142857,74.8883779,-7.2,324.4,4.64,0
08:23:44.668,41,100.0,804.0,0.0,19.0,8.22,83.5,17.0,14.1,14.5,12.9142883,74.8883733,-7.4,324.1,4.676,0
08:23:44.760,41,100.0,804.0,0.0,19.0,8.3,83.5,17.0,14.1,14.5,12.914291,74.8883684,-7.7,323.8,4.715,0
08:23:44.848,41,100.0,804.0,0.0,19.0,8.3,83.5,17.0,14.1,14.5,12.9142935,74.8883638,-7.9,323.4,4.752,0
08:23:44.940,41,100.0,804.0,0.0,19.0,8.3,83.5,17.0,14.1,14.5,12.9142962,74.8883589,-8.2,323.1,4.791,0
08:23:45.029,41,100.0,804.0,0.0,19.0,8.3,83.5,17.0,14.1,14.5,12.9142988,74.8883542,-8.5,322.8,4.828,0
08:23:45.118,41,100.0,804.0,0.0,19.0,8.3,83.5,17.0,14.1,14.5,12.9143014,74.8883495,-8.7,322.5,4.865,0
08:23:45.209,41,100.0,804.0,0.0,19.0,8.3,83.5,17.0,14.1,14.5,12.9143041,74.8883447,-9.0,322.2,4.904,0
08:23:45.298,41,100.0,804.0,0.0,19.0,8.3,83.5,17.0,14.1,14.5,12.9143067,74.88834,-9.3,321.8,4.941,0
08:23:45.388,41,100.0,804.0,0.0,19.0,8.3,83.5,17.0,14.1,14.5,12.9143093,74.8883352,-9.5,321.5,4.979,0
08:23:45.478,41,100.0,804.0,0.0,19.0,8.3,83.5,17.0,14.1,14.5,12.9143119,74.8883305,-9.8,321.2,5.017,0
08:23:45.597,41,100.0,804.0,0.0,19.0,8.3,83.5,17.0,14.1,14.5,12.9143154,74.8883242,-10.1,320.8,5.067,0
08:23:45.687,41,100.0,804.0,0.0,19.0,8.3,83.5,17.0,14.1,14.5,12.9143181,74.8883194,-10.4,320.4,5.104,0
08:23:45.777,41,100.0,804.0,0.0,19.0,8.3,83.5,17.0,14.1,14.5,12.9143207,74.8883146,-10.7,320.1,5.142,0
08:23:45.868,41,100.0,804.0,0.0,19.0,8.3,83.5,17.0,14.1,14.5,12.9143233,74.8883098,-10.9,319.8,5.18,0
08:23:45.959,41,100.0,804.0,0.0,19.0,8.3,83.5,17.0,14.1,14.5,12.914326,74.888305,-11.2,319.5,5.219,0
08:23:46.049,41,100.0,804.0,0.0,19.0,8.3,83.5,17.0,14.1,14.5,12.9143286,74.8883003,-11.5,319.2,5.256,0
08:23:46.139,41,100.0,804.0,0.0,19.0,8.3,83.5,17.0,14.1,14.5,12.9143313,74.8882955,-11.7,318.8,5.294,0
08:23:46.228,41,100.0,804.0,0.0,19.0,8.3,83.5,17.0,14.1,14.5,12.9143339,74.8882908,-12.0,318.5,5.332,0
08:23:46.318,41,100.0,804.0,0.0,19.0,8.3,83.5,17.0,14.1,14.5,12.9143365,74.888286,-12.2,318.2,5.369,0
08:23:46.408,41,100.0,804.0,0.0,19.0,8.3,83.5,17.0,14.1,14.5,12.9143391,74.8882813,-12.5,317.9,5.407,0
08:23:46.499,41,100.0,804.0,0.0,19.0,8.3,83.5,17.0,14.1,14.5,12.9143418,74.8882765,-12.8,317.5,5.445,0
08:23:46.588,41,100.0,804.0,0.0,19.0,8.19,83.5,17.0,14.1,14.5,12.9143444,74.8882718,-13.0,317.2,5.483,0
08:23:46.680,41,100.0,804.0,0.0,19.0,8.19,83.5,17.0,14.1,14.5,12.9143471,74.8882669,-13.3,316.9,5.522,0
08:23:46.769,41,100.0,804.0,0.0,19.0,8.19,83.5,17.0,14.1,14.5,12.9143497,74.8882622,-13.6,316.6,5.559,0
08:23:46.859,41,100.0,804.0,0.0,19.0,8.19,83.5,17.0,14.1,14.5,12.9143523,74.8882574,-13.8,316.3,5.597,0
08:23:46.948,41,100.0,804.0,0.0,19.0,8.19,83.5,17.0,14.1,14.1,12.9143549,74.8882527,-14.1,315.9,5.634,0
08:23:47.040,41,100.0,804.0,0.0,19.0,8.19,83.5,17.0,14.1,14.1,12.9143576,74.8882479,-14.3,315.6,5.673,0
08:23:47.128,41,100.0,804.0,0.0,19.0,8.19,83.5,17.0,14.1,14.1,12.9143602,74.8882432,-14.6,315.3,5.71,0
08:23:47.218,41,100.0,803.0,0.0,19.0,8.19,83.5,17.0,14.1,14.1,12.9143628,74.8882385,-14.9,315.0,5.747,0
08:23:47.308,41,100.0,803.0,0.0,19.0,8.19,83.5,17.0,14.1,14.1,12.9143654,74.8882337,-15.1,314.7,5.785,0
08:23:47.398,41,100.0,803.0,0.0,19.0,8.19,83.5,17.0,14.1,14.1,12.9143681,74.8882289,-15.4,314.3,5.823,0
08:23:47.487,41,100.0,803.0,0.0,19.0,8.3,83.5,17.0,14.1,14.1,12.9143707,74.8882242,-15.7,314.0,5.86,0
08:23:47.578,41,100.0,803.0,0.0,19.0,8.3,83.5,17.0,14.1,14.1,12.9143733,74.8882194,-15.9,313.7,5.899,0
08:23:47.668,41,100.0,803.0,0.0,19.0,8.3,83.5,17.0,14.1,14.1,12.9143765,74.8882153,-15.9,313.6,5.915,0
08:23:47.761,41,100.0,803.0,0.0,19.0,8.3,83.5,17.0,14.1,14.1,12.9143801,74.8882113,-15.8,313.6,5.922,0
08:23:47.848,41,100.0,803.0,0.0,19.0,8.3,83.5,17.0,14.1,14.5,12.9143835,74.8882076,-15.7,313.6,5.929,0
08:23:47.940,41,100.0,803.0,0.0,19.0,8.3,83.5,17.0,14.1,14.5,12.9143871,74.8882036,-15.6,313.5,5.936,0
08:23:48.028,41,100.0,803.0,0.0,19.0,8.3,83.5,17.0,14.1,14.5,12.9143905,74.8881998,-15.5,313.5,5.942,0
08:23:48.118,41,100.0,804.0,0.0,19.0,8.3,83.5,17.0,14.1,14.5,12.914394,74.888196,-15.4,313.5,5.949,0
08:23:48.239,41,100.0,804.0,0.0,19.0,8.3,83.5,17.0,14.1,14.5,12.9143987,74.8881908,-15.3,313.5,5.958,0
08:23:48.328,41,100.0,804.0,0.0,19.0,8.3,83.5,17.0,14.1,14.5,12.9144021,74.8881869,-15.2,313.5,5.965,0
08:23:48.418,41,100.0,804.0,0.0,19.0,8.13,83.5,17.0,14.1,14.5,12.9144056,74.8881831,-15.1,313.4,5.972,0
08:23:48.508,41,100.0,804.0,0.0,19.0,8.13,83.5,17.0,14.1,14.5,12.9144091,74.8881792,-15.0,313.4,5.979,0
08:23:48.598,41,100.0,804.0,0.0,19.0,8.13,83.5,17.0,14.1,14.5,12.9144126,74.8881753,-14.9,313.4,5.986,0
08:23:48.688,41,100.0,804.0,0.0,19.0,8.13,83.5,17.0,14.1,14.5,12.914416,74.8881715,-14.8,313.4,5.993,0
08:23:48.779,41,100.0,804.0,0.0,19.0,8.13,83.5,17.0,14.1,14.5,12.9144196,74.8881676,-14.7,313.4,6.0,0
08:23:48.868,41,100.0,804.0,0.0,19.0,8.13,83.5,17.0,14.1,14.5,12.914423,74.8881637,-14.6,313.4,6.007,0
08:23:48.958,41,100.0,804.0,0.0,19.0,8.13,83.5,17.0,14.1,14.5,12.9144265,74.8881599,-14.5,313.3,6.013,0
08:23:49.049,41,100.0,804.0,0.0,19.0,8.13,83.5,17.0,14.1,14.5,12.91443,74.888156,-14.3,313.3,6.02,0
08:23:49.138,41,100.0,804.0,0.0,19.0,8.13,83.5,17.0,14.1,14.5,12.9144335,74.8881522,-14.2,313.3,6.027,0
08:23:49.228,41,100.0,804.0,0.0,19.0,8.13,83.5,17.0,14.1,14.5,12.9144369,74.8881483,-14.1,313.3,6.034,0
08:23:49.320,41,100.0,804.0,0.0,19.0,8.24,83.5,17.0,14.1,14.5,12.9144405,74.8881443,-14.0,313.3,6.041,0
08:23:49.408,41,100.0,804.0,0.0,19.0,8.24,83.5,17.0,14.1,14.5,12.9144439,74.8881406,-13.9,313.3,6.048,0
08:23:49.499,41,100.0,804.0,0.0,19.0,8.24,83.5,17.0,14.1,14.5,12.9144474,74.8881367,-13.8,313.2,6.055,0
08:23:49.588,41,100.0,804.0,0.0,19.0,8.24,83.5,17.0,14.1,14.5,12.9144509,74.8881328,-13.7,313.2,6.062,0
08:23:49.678,41,100.0,804.0,0.0,19.0,8.24,83.5,17.0,14.1,14.5,12.9144544,74.888129,-13.6,313.2,6.068,0
08:23:49.768,41,100.0,804.0,0.0,19.0,8.24,83.5,17.0,14.1,14.5,12.9144579,74.8881251,-13.5,313.2,6.075,0
08:23:49.860,41,100.0,804.0,0.0,19.0,8.24,83.5,17.0,14.1,14.5,12.9144614,74.8881211,-13.4,313.2,6.082,0
08:23:49.948,41,100.0,804.0,0.0,19.0,8.24,83.5,17.0,14.1,14.5,12.9144648,74.8881174,-13.3,313.2,6.089,0
08:23:50.039,41,100.0,804.0,0.0,19.0,8.24,83.5,17.0,14.1,14.5,12.9144683,74.8881135,-13.2,313.1,6.096,0
08:23:50.127,41,100.0,804.0,0.0,19.0,8.24,83.5,17.0,14.1,14.5,12.9144718,74.8881097,-13.1,313.1,6.103,0
08:23:50.218,41,100.0,804.0,0.0,19.0,8.24,83.5,17.0,14.1,14.5,12.9144753,74.8881058,-13.0,313.1,6.11,0
08:23:50.308,41,100.0,804.0,0.0,19.0,8.24,83.5,17.0,14.1,14.5,12.9144788,74.8881019,-12.9,313.1,6.117,0
08:23:50.400,41,100.0,804.0,0.0,19.0,8.24,83.5,17.0,14.1,14.5,12.9144823,74.888098,-12.8,313.1,6.124,0
08:23:50.488,41,100.0,804.0,0.0,19.0,8.24,83.5,17.0,14.1,14.5,12.9144857,74.8880942,-12.7,313.1,6.13,0
08:23:50.608,41,100.0,804.0,0.0,19.0,8.24,83.5,17.0,14.1,14.5,12.9144904,74.888089,-12.6,313.0,6.14,0
08:23:50.699,41,100.0,804.0,0.0,19.0,8.24,83.5,17.0,14.1,14.5,12.9144939,74.8880851,-12.5,313.0,6.146,0
08:23:50.790,41,100.0,804.0,0.0,19.0,8.24,83.5,17.0,14.1,14.5,12.9144974,74.8880812,-12.4,313.0,6.153,0
08:23:50.879,41,100.0,804.0,0.0,19.0,8.24,83.5,17.0,14.1,14.5,12.9145009,74.8880774,-12.3,313.0,6.16,0
08:23:50.969,41,100.0,804.0,0.0,19.0,8.24,83.5,17.0,14.1,14.5,12.9145044,74.8880735,-12.2,313.0,6.167,0
08:23:51.060,41,100.0,804.0,0.0,19.0,8.24,83.5,17.0,14.1,14.5,12.9145079,74.8880696,-12.1,313.0,6.174,0
08:23:51.148,41,100.0,804.0,0.0,19.0,8.27,83.5,17.0,14.1,14.5,12.9145113,74.8880658,-12.0,312.9,6.181,0
08:23:51.238,41,100.0,804.0,0.0,19.0,8.27,83.5,17.0,14.1,14.5,12.9145148,74.888062,-11.8,312.9,6.188,0
08:23:51.328,41,100.0,804.0,0.0,19.0,8.27,83.5,17.0,14.1,14.5,12.9145183,74.8880581,-11.7,312.9,6.195,0
08:23:51.419,41,100.0,804.0,0.0,19.0,8.27,83.5,17.0,14.1,14.5,12.9145218,74.8880542,-11.6,312.9,6.201,0
08:23:51.509,41,100.0,804.0,0.0,19.0,8.27,83.5,17.0,14.1,14.5,12.9145253,74.8880503,-11.5,312.9,6.208,0
08:23:51.599,41,100.0,804.0,0.0,19.0,8.27,83.5,17.0,14.1,14.5,12.9145287,74.8880465,-11.4,312.9,6.215,0
08:23:51.688,41,100.0,804.0,0.0,19.0,8.27,83.5,17.0,14.1,14.5,12.9145322,74.8880426,-11.3,312.8,6.222,0
08:23:51.779,41,100.0,804.0,0.0,19.0,8.27,83.5,17.0,14.1,14.5,12.9145357,74.8880387,-11.2,312.8,6.229,0
08:23:51.868,41,100.0,804.0,0.0,19.0,8.27,83.5,17.0,14.1,14.5,12.9145392,74.8880349,-11.1,312.8,6.236,0
08:23:51.958,41,100.0,804.0,0.0,19.0,8.27,83.5,17.0,14.1,14.5,12.9145426,74.888031,-11.0,312.8,6.243,0
08:23:52.048,41,100.0,804.0,0.0,19.0,8.33,83.5,17.0,14.1,14.5,12.9145461,74.8880272,-10.9,312.8,6.25,0
08:23:52.138,41,100.0,804.0,0.0,19.0,8.33,83.5,17.0,14.1,14.5,12.9145496,74.8880233,-10.8,312.8,6.256,0
08:23:52.228,41,100.0,804.0,0.0,19.0,8.33,83.5,17.0,14.1,14.5,12.9145531,74.8880195,-10.7,312.7,6.263,0
08:23:52.319,41,100.0,804.0,0.0,19.0,8.33,83.5,17.0,14.1,14.5,12.9145566,74.8880155,-10.6,312.7,6.27,0
08:23:52.409,41,100.0,804.0,0.0,19.0,8.33,83.5,17.0,14.1,14.5,12.9145601,74.8880117,-10.5,312.7,6.277,0
08:23:52.499,41,100.0,804.0,0.0,19.0,8.33,83.5,17.0,14.1,14.5,12.9145636,74.8880078,-10.4,312.7,6.284,0
08:23:52.588,41,100.0,804.0,0.0,19.0,8.33,83.5,17.0,14.1,14.5,12.914567,74.888004,-10.3,312.7,6.291,0
08:23:52.679,41,100.0,804.0,0.0,19.0,8.33,83.5,17.0,14.1,14.5,12.9145706,74.8880001,-10.2,312.7,6.298,0
08:23:52.768,41,100.0,804.0,0.0,19.0,8.33,83.5,17.0,14.1,14.5,12.914574,74.8879963,-10.1,312.6,6.305,0
08:23:52.860,41,100.0,804.0,0.0,19.0,8.33,83.5,17.0,14.1,14.5,12.9145776,74.8879923,-10.0,312.6,6.312,0
08:23:52.949,41,100.0,804.0,0.0,19.0,8.22,83.5,17.0,14.1,14.5,12.914581,74.8879885,-9.9,312.6,6.318,0
08:23:53.039,41,100.0,804.0,0.0,19.0,8.22,83.5,17.0,14.1,14.5,12.9145845,74.8879846,-9.8,312.6,6.325,0
08:23:53.128,41,100.0,804.0,0.0,19.0,8.22,83.5,17.0,14.1,14.5,12.9145879,74.8879808,-9.7,312.6,6.332,0
08:23:53.218,41,100.0,804.0,0.0,19.0,8.22,83.5,17.0,14.1,14.5,12.9145914,74.8879769,-9.6,312.6,6.339,0
08:23:53.308,41,100.0,804.0,0.0,19.0,8.22,83.5,17.0,14.1,14.5,12.9145949,74.8879731,-9.5,312.5,6.346,0
08:23:53.399,41,100.0,804.0,0.0,19.0,8.22,83.5,17.0,14.1,14.5,12.9145984,74.8879692,-9.4,312.5,6.353,0
08:23:53.488,41,100.0,804.0,0.0,19.0,8.22,83.5,17.0,14.1,14.5,12.9146019,74.8879653,-9.3,312.5,6.36,0
08:23:53.579,41,100.0,803.0,0.0,19.0,8.22,83.5,17.0,14.1,14.5,12.9146054,74.8879614,-9.2,312.5,6.367,0
08:23:53.668,41,100.0,803.0,0.0,19.0,8.22,83.5,17.0,14.1,14.5,12.9146089,74.8879576,-9.1,312.5,6.373,0
08:23:53.758,41,100.0,803.0,0.0,19.0,8.22,83.5,17.0,14.1,14.5,12.9146123,74.8879537,-9.0,312.5,6.38,0
08:23:53.849,41,100.0,803.0,0.0,19.0,8.16,83.5,17.0,14.1,14.5,12.9146159,74.8879498,-8.9,312.4,6.387,0
08:23:53.938,41,100.0,803.0,0.0,19.0,8.16,83.5,17.0,14.1,14.5,12.9146193,74.887946,-8.8,312.4,6.394,0
08:23:54.029,41,100.0,803.0,0.0,19.0,8.16,83.5,17.0,14.1,14.5,12.9146228,74.8879421,-8.7,312.4,6.401,0
08:23:54.118,41,100.0,803.0,0.0,19.0,8.16,83.5,17.0,14.1,14.5,12.9146263,74.8879383,-8.6,312.4,6.408,0
08:23:54.208,41,100.0,803.0,0.0,19.0,8.16,83.5,17.0,14.1,14.5,12.9146298,74.8879344,-8.5,312.4,6.415,0
08:23:54.298,41,100.0,803.0,0.0,19.0,8.16,83.5,17.0,14.1,14.5,12.9146332,74.8879306,-8.4,312.4,6.422,0
08:23:54.388,41,100.0,803.0,0.0,19.0,8.16,83.5,17.0,14.1,14.5,12.9146367,74.8879267,-8.2,312.3,6.428,0
08:23:54.478,41,100.0,801.0,0.0,19.0,8.16,83.5,17.0,14.1,14.5,12.9146402,74.8879228,-8.1,312.3,6.435,0
08:23:54.568,41,100.0,801.0,0.0,19.0,8.16,83.5,17.0,14.1,14.5,12.9146437,74.887919,-8.0,312.3,6.442,0
08:23:54.659,41,100.0,801.0,0.0,19.0,8.16,83.5,17.0,14.1,14.5,12.9146472,74.8879151,-7.9,312.3,6.449,0
08:23:54.757,41,100.0,801.0,0.0,19.0,7.91,83.5,17.0,14.1,14.5,12.914651,74.8879108,-7.8,312.3,6.457,0
08:23:54.838,41,100.0,801.0,0.0,19.0,7.91,83.5,17.0,14.1,14.5,12.9146542,74.8879074,-7.7,312.3,6.463,0
08:23:54.928,41,100.0,801.0,0.0,19.0,7.91,83.5,17.0,14.1,14.5,12.9146576,74.8879035,-7.6,312.2,6.47,0
08:23:55.019,41,100.0,801.0,0.0,19.0,7.91,83.5,17.0,14.1,14.5,12.9146612,74.8878996,-7.5,312.2,6.477,0
08:23:55.108,41,100.0,801.0,0.0,19.0,7.91,83.5,17.0,14.1,14.5,12.9146646,74.8878958,-7.4,312.2,6.483,0
08:23:55.198,41,100.0,801.0,0.0,19.0,7.91,83.5,17.0,14.1,14.5,12.9146681,74.8878919,-7.3,312.2,6.49,0
08:23:55.288,41,100.0,801.0,0.0,19.0,7.91,83.5,17.0,14.1,14.5,12.9146716,74.887888,-7.2,312.2,6.497,0
08:23:55.379,41,100.0,803.0,0.0,19.0,7.91,83.5,17.0,14.1,14.5,12.9146751,74.8878841,-7.1,312.2,6.504,0
08:23:55.469,41,100.0,803.0,0.0,19.0,7.91,83.5,17.0,14.1,14.5,12.9146786,74.8878803,-7.0,312.1,6.511,0
08:23:55.588,41,100.0,803.0,0.0,19.0,7.91,83.5,17.0,14.1,14.5,12.9146832,74.8878752,-6.9,312.1,6.52,0
08:23:55.681,41,100.0,803.0,0.0,19.0,8.08,83.5,17.0,14.1,14.5,12.9146868,74.8878712,-6.8,312.1,6.527,0
08:23:55.773,41,100.0,803.0,0.0,19.0,8.08,83.5,17.0,14.1,14.5,12.9146904,74.8878672,-6.7,312.1,6.534,0
08:23:55.859,41,100.0,803.0,0.0,19.0,8.08,83.5,17.0,14.1,14.5,12.9146937,74.8878635,-6.6,312.1,6.541,0
08:23:55.948,41,100.0,803.0,0.0,19.0,8.08,83.5,17.0,14.1,14.5,12.9146971,74.8878597,-6.5,312.1,6.548,0
08:23:56.040,41,100.0,803.0,0.0,19.0,8.08,83.5,17.0,14.1,14.5,12.9147007,74.8878557,-6.4,312.0,6.555,0
08:23:56.128,42,100.0,803.0,0.0,19.0,8.08,83.5,17.0,14.1,14.5,12.9147041,74.887852,-6.3,312.0,6.561,0
08:23:56.218,42,100.0,803.0,0.0,19.0,8.08,83.5,17.0,14.1,14.5,12.9147076,74.8878481,-6.2,312.0,6.568,0
08:23:56.308,42,100.0,802.0,0.0,19.0,8.08,83.5,17.0,14.1,14.5,12.9147111,74.8878442,-6.1,312.0,6.575,0
08:23:56.399,42,100.0,802.0,0.0,19.0,8.08,83.5,17.0,14.1,14.5,12.9147146,74.8878403,-5.9,312.0,6.582,0
08:23:56.488,42,100.0,802.0,0.0,19.0,8.08,83.5,17.0,14.1,14.5,12.914718,74.8878365,-5.8,312.0,6.589,0
08:23:56.579,42,100.0,802.0,0.0,19.0,8.22,83.5,17.0,14.1,14.5,12.9147216,74.8878326,-5.7,311.9,6.596,0
08:23:56.669,42,100.0,802.0,0.0,19.0,8.22,83.5,17.0,14.1,14.5,12.914725,74.8878287,-5.6,311.9,6.603,0
08:23:56.759,42,100.0,802.0,0.0,19.0,8.22,83.5,17.0,14.1,14.5,12.9147285,74.8878249,-5.5,311.9,6.61,0
08:23:56.853,42,100.0,802.0,0.0,19.0,8.22,83.5,17.0,14.1,14.5,12.9147322,74.8878208,-5.4,311.9,6.617,0
08:23:56.939,42,100.0,802.0,0.0,19.0,8.22,83.5,17.0,14.1,14.5,12.9147355,74.8878171,-5.3,311.9,6.623,0
08:23:57.028,42,100.0,802.0,0.0,19.0,8.22,83.5,17.0,14.1,14.5,12.9147389,74.8878133,-5.2,311.9,6.63,0
08:23:57.118,42,100.0,802.0,0.0,19.0,8.22,83.5,17.0,14.1,14.5,12.9147424,74.8878095,-5.1,311.8,6.637,0
08:23:57.208,42,100.0,804.0,0.0,19.0,8.22,83.5,17.0,14.1,14.5,12.9147459,74.8878056,-5.0,311.8,6.644,0
08:23:57.298,42,100.0,804.0,0.0,19.0,8.22,83.5,17.0,14.1,14.5,12.9147494,74.8878017,-4.9,311.8,6.651,0
08:23:57.388,42,100.0,804.0,0.0,19.0,8.22,83.5,17.0,14.1,14.5,12.9147529,74.8877979,-4.8,311.8,6.658,0
08:23:57.480,42,100.0,804.0,0.0,19.0,8.22,83.5,17.0,14.1,14.5,12.9147564,74.8877939,-4.7,311.8,6.665,0
08:23:57.569,42,100.0,804.0,0.0,19.0,8.22,83.5,17.0,14.1,14.5,12.9147599,74.8877901,-4.6,311.7,6.672,0
08:23:57.659,42,100.0,804.0,0.0,19.0,8.22,83.5,17.0,14.1,14.5,12.9147634,74.8877862,-4.5,311.7,6.678,0
08:23:57.748,42,100.0,804.0,0.0,19.0,8.22,83.5,17.0,14.1,14.5,12.9147668,74.8877824,-4.4,311.7,6.685,0
08:23:57.839,42,100.0,804.0,0.0,19.0,8.22,83.5,17.0,14.1,14.1,12.9147703,74.8877785,-4.3,311.7,6.692,0
08:23:57.928,42,100.0,804.0,0.0,19.0,8.22,83.5,17.0,14.1,14.1,12.9147738,74.8877747,-4.2,311.7,6.699,0
08:23:58.020,42,100.0,804.0,0.0,19.0,8.22,83.5,17.0,14.1,14.1,12.9147774,74.8877707,-4.1,311.7,6.706,0
08:23:58.111,42,100.0,804.0,0.0,19.0,8.22,83.5,17.0,14.1,14.1,12.9147809,74.8877668,-4.0,311.6,6.713,0
08:23:58.198,42,100.0,804.0,0.0,19.0,8.22,83.5,17.0,14.1,14.1,12.9147842,74.8877631,-3.9,311.6,6.72,0
08:23:58.288,42,100.0,804.0,0.0,19.0,8.22,83.5,17.0,14.1,14.1,12.9147877,74.8877592,-3.8,311.6,6.726,0
08:23:58.379,42,100.0,804.0,0.0,19.0,8.33,83.5,17.0,14.1,14.1,12.9147913,74.8877553,-3.7,311.6,6.733,0
08:23:58.468,42,100.0,804.0,0.0,19.0,8.33,83.5,17.0,14.1,14.1,12.9147947,74.8877515,-3.6,311.6,6.74,0
08:23:58.562,42,100.0,804.0,0.0,19.0,8.33,83.5,17.0,14.1,14.1,12.9147983,74.8877474,-3.5,311.6,6.747,0
08:23:58.648,42,100.0,804.0,0.0,19.0,8.33,83.5,17.0,14.1,14.1,12.9148017,74.8877437,-3.4,311.5,6.754,0
08:23:58.738,42,100.0,804.0,0.0,19.0,8.33,83.5,17.0,14.1,14.5,12.9148052,74.8877399,-3.3,311.5,6.761,0
08:23:58.828,42,100.0,804.0,0.0,19.0,8.33,83.5,17.0,14.1,14.5,12.9148086,74.887736,-3.2,311.5,6.768,0
08:23:58.920,42,100.0,804.0,0.0,19.0,8.33,83.5,17.0,14.1,14.5,12.9148122,74.8877321,-3.1,311.5,6.775,0
08:23:59.009,42,100.0,802.0,0.0,19.0,8.33,83.5,17.0,14.1,14.5,12.9148156,74.8877282,-3.0,311.5,6.782,0
08:23:59.098,42,100.0,802.0,0.0,19.0,8.33,83.5,17.0,14.1,14.5,12.9148191,74.8877244,-2.9,311.5,6.788,0
08:23:59.188,42,100.0,802.0,0.0,19.0,8.33,83.5,17.0,14.1,14.5,12.9148226,74.8877206,-2.8,311.4,6.795,0
08:23:59.278,42,100.0,802.0,0.0,19.0,8.22,83.5,17.0,14.1,14.5,12.9148261,74.8877167,-2.7,311.4,6.802,0
08:23:59.368,42,100.0,802.0,0.0,19.0,8.22,83.5,17.0,14.1,14.5,12.9148295,74.8877128,-2.6,311.4,6.809,0
08:23:59.459,42,100.0,802.0,0.0,19.0,8.22,83.5,17.0,14.1,14.5,12.9148331,74.8877089,-2.5,311.4,6.816,0
08:23:59.549,42,100.0,802.0,0.0,19.0,8.22,83.5,17.0,14.1,14.5,12.9148366,74.8877051,-2.3,311.4,6.823,0
08:23:59.640,42,100.0,802.0,0.0,19.0,8.22,83.5,17.0,14.1,14.5,12.9148401,74.8877011,-2.2,311.4,6.83,0
08:23:59.728,42,100.0,802.0,0.0,19.0,8.22,83.5,17.0,14.1,14.5,12.9148435,74.8876974,-2.1,311.3,6.837,0
08:23:59.819,42,100.0,802.0,0.0,19.0,8.22,83.5,17.0,14.1,14.5,12.914847,74.8876935,-2.0,311.3,6.843,0
08:23:59.908,42,100.0,803.0,0.0,19.0,8.22,83.5,17.0,14.1,14.5,12.9148505,74.8876896,-1.9,311.3,6.85,0
08:24:00.000,42,100.0,803.0,0.0,19.0,8.22,83.5,17.0,14.1,14.5,12.914854,74.8876857,-1.8,311.3,6.857,0
08:24:00.118,42,100.0,803.0,0.0,19.0,8.22,83.5,17.0,14.1,14.5,12.9148586,74.8876806,-1.7,311.3,6.866,0
08:24:00.208,42,100.0,803.0,0.0,19.0,8.33,83.5,17.0,14.1,14.5,12.9148621,74.8876767,-1.6,311.3,6.873,0
08:24:00.299,42,100.0,803.0,0.0,19.0,8.33,83.5,17.0,14.1,14.5,12.9148656,74.8876728,-1.5,311.2,6.88,0
08:24:00.388,42,100.0,803.0,0.0,19.0,8.33,83.5,17.0,14.1,14.5,12.914869,74.887669,-1.4,311.2,6.887,0
08:24:00.480,42,100.0,803.0,0.0,19.0,8.33,83.5,17.0,14.1,14.5,12.9148726,74.8876651,-1.3,311.2,6.894,0
08:24:00.599,42,100.0,803.0,0.0,19.0,8.33,83.5,17.0,14.1,14.5,12.9148772,74.88766,-1.1,311.2,6.903,0
08:24:00.689,42,100.0,803.0,0.0,19.0,8.33,83.5,17.0,14.1,14.5,12.9148807,74.8876561,-1.0,311.2,6.91,0
08:24:00.779,42,100.0,803.0,0.0,19.0,8.33,83.5,17.0,14.1,14.5,12.9148842,74.8876522,-0.9,311.2,6.917,0
08:24:00.869,42,100.0,802.0,0.0,19.0,8.33,83.5,17.0,14.1,14.5,12.9148877,74.8876484,-0.8,311.1,6.924,0
08:24:00.961,42,100.0,802.0,0.0,19.0,8.33,83.5,17.0,14.1,14.5,12.9148912,74.8876444,-0.7,311.1,6.931,0
08:24:01.055,42,100.0,802.0,0.0,19.0,8.33,83.5,17.0,14.1,14.5,12.9148949,74.8876404,-0.6,311.1,6.938,0
08:24:01.138,42,100.0,802.0,0.0,19.0,8.33,83.5,17.0,14.1,14.5,12.9148981,74.8876368,-0.5,311.1,6.944,0
08:24:01.228,42,100.0,802.0,0.0,19.0,8.33,83.5,17.0,14.1,14.5,12.9149016,74.8876329,-0.4,311.1,6.951,0
08:24:01.318,42,100.0,802.0,0.0,19.0,8.33,83.5,17.0,14.1,14.5,12.914905,74.8876291,-0.3,311.1,6.958,0
08:24:01.409,42,100.0,802.0,0.0,19.0,8.33,83.5,17.0,14.1,14.5,12.9149086,74.8876252,-0.2,311.0,6.965,0
08:24:01.499,42,100.0,802.0,0.0,19.0,8.33,83.5,17.0,14.1,14.1,12.9149121,74.8876213,-0.1,311.0,6.972,0
08:24:01.588,42,100.0,802.0,0.0,19.0,8.33,83.5,17.0,14.1,14.1,12.9149155,74.8876175,-0.0,311.0,6.979,0
08:24:01.679,42,100.0,802.0,0.0,19.0,8.33,83.5,17.0,14.1,14.1,12.914919,74.887608,-0.1,310.8,7.007,0
08:24:01.768,42,100.0,803.0,0.0,19.0,8.33,83.5,17.0,14.1,14.1,12.9149224,74.8875976,-0.2,310.5,7.039,0
08:24:01.861,42,100.0,803.0,0.0,19.0,8.33,83.5,17.0,14.1,14.1,12.914926,74.8875866,-0.4,310.2,7.073,0
08:24:01.948,42,100.0,803.0,0.0,19.0,8.33,83.5,17.0,14.1,14.1,12.9149294,74.8875763,-0.5,309.9,7.105,0
08:24:02.040,42,100.0,803.0,0.0,19.0,8.11,83.5,17.0,14.1,14.1,12.9149329,74.8875655,-0.7,309.6,7.139,0
08:24:02.128,42,100.0,803.0,0.0,19.0,8.11,83.5,17.0,14.1,14.1,12.9149363,74.8875551,-0.8,309.3,7.171,0
08:24:02.218,42,100.0,803.0,0.0,19.0,8.11,83.5,17.0,14.1,14.1,12.9149398,74.8875445,-0.9,309.0,7.204,0
08:24:02.308,42,100.0,803.0,0.0,19.0,8.11,83.5,17.0,14.1,14.1,12.9149433,74.8875339,-1.1,308.7,7.237,0
08:24:02.399,42,100.0,803.0,0.0,19.0,8.11,83.5,17.0,14.1,14.5,12.9149468,74.8875232,-1.2,308.4,7.27,0
08:24:02.488,42,100.0,803.0,0.0,19.0,8.11,83.5,17.0,14.1,14.5,12.9149502,74.8875127,-1.3,308.1,7.302,0
08:24:02.579,42,100.0,803.0,0.0,19.0,8.11,83.5,17.0,14.1,14.5,12.9149537,74.887502,-1.5,307.8,7.336,0
08:24:02.668,42,100.0,801.0,0.0,19.0,8.11,83.5,17.0,14.1,14.5,12.9149572,74.8874915,-1.6,307.5,7.368,0
08:24:02.760,42,100.0,801.0,0.0,19.0,8.11,83.5,17.0,14.1,14.5,12.9149607,74.8874807,-1.7,307.2,7.402,0
08:24:02.849,42,100.0,801.0,0.0,19.0,8.11,83.5,17.0,14.1,14.5,12.9149641,74.8874702,-1.9,306.9,7.434,0
08:24:02.941,42,100.0,801.0,0.0,19.0,8.08,83.5,17.0,14.1,14.5,12.9149677,74.8874593,-2.0,306.6,7.468,0
08:24:03.028,42,100.0,801.0,0.0,19.0,8.08,83.5,17.0,14.1,14.5,12.9149711,74.8874491,-2.1,306.4,7.499,0
08:24:03.118,42,100.0,801.0,0.0,19.0,8.08,83.5,17.0,14.1,14.5,12.9149745,74.8874385,-2.3,306.1,7.532,0
08:24:03.208,42,100.0,801.0,0.0,19.0,8.08,83.5,17.0,14.1,14.5,12.914978,74.8874279,-2.4,305.8,7.565,0
08:24:03.298,42,100.0,801.0,0.0,19.0,8.08,83.5,17.0,14.1,14.5,12.9149815,74.8874173,-2.5,305.5,7.598,0
08:24:03.388,42,100.0,801.0,0.0,19.0,8.08,83.5,17.0,14.1,14.5,12.9149849,74.8874067,-2.7,305.2,7.631,0
08:24:03.480,42,100.0,801.0,0.0,19.0,8.08,83.5,17.0,14.1,14.5,12.9149885,74.8873958,-2.8,304.9,7.664,0
08:24:03.568,42,100.0,803.0,0.0,19.0,8.08,83.5,17.0,14.1,14.5,12.9149919,74.8873855,-2.9,304.6,7.696,0
08:24:03.659,42,100.0,803.0,0.0,19.0,8.08,83.5,17.0,14.1,14.5,12.9149954,74.8873747,-3.1,304.3,7.73,0
08:24:03.749,42,100.0,803.0,0.0,19.0,8.08,83.5,17.0,14.1,14.5,12.9149989,74.8873641,-3.2,304.0,7.763,0
08:24:03.839,42,100.0,803.0,0.0,19.0,8.19,83.5,17.0,14.1,14.5,12.9150023,74.8873535,-3.4,303.7,7.795,0
08:24:03.929,42,100.0,803.0,0.0,19.0,8.19,83.5,17.0,14.1,14.5,12.9150058,74.8873429,-3.5,303.4,7.828,0
08:24:04.019,42,100.0,803.0,0.0,19.0,8.19,83.5,17.0,14.1,14.5,12.9150093,74.8873323,-3.6,303.1,7.861,0
08:24:04.108,42,100.0,803.0,0.0,19.0,8.19,83.5,17.0,14.1,14.5,12.9150127,74.8873218,-3.8,302.8,7.894,0
08:24:04.198,42,100.0,803.0,0.0,19.0,8.19,83.5,17.0,14.1,14.5,12.9150162,74.8873112,-3.9,302.6,7.926,0
08:24:04.288,42,100.0,803.0,0.0,19.0,8.19,83.5,17.0,14.1,14.5,12.9150197,74.8873006,-4.0,302.3,7.959,0
08:24:04.380,42,100.0,803.0,0.0,19.0,8.19,83.5,17.0,14.1,14.5,12.9150232,74.8872898,-4.2,302.0,7.993,0
08:24:04.468,42,100.0,801.0,0.0,19.0,8.19,83.5,17.0,14.1,14.5,12.9150266,74.8872794,-4.3,301.7,8.025,0
08:24:04.559,42,100.0,801.0,0.0,19.0,8.19,83.5,17.0,14.1,14.5,12.9150301,74.8872687,-4.4,301.4,8.058,0
08:24:04.648,42,100.0,801.0,0.0,19.0,8.19,83.5,17.0,14.1,14.5,12.9150335,74.8872582,-4.6,301.1,8.091,0
08:24:04.740,42,100.0,801.0,0.0,19.0,8.02,83.5,17.0,14.1,14.5,12.9150371,74.8872474,-4.7,300.8,8.124,0
08:24:04.829,42,100.0,801.0,0.0,19.0,8.02,83.5,17.0,14.1,14.5,12.9150405,74.8872369,-4.8,300.5,8.157,0
08:24:04.919,42,100.0,801.0,0.0,19.0,8.02,83.5,17.0,14.1,14.5,12.915044,74.8872263,-5.0,300.2,8.19,0
08:24:05.008,42,100.0,801.0,0.0,19.0,8.02,83.5,17.0,14.1,14.5,12.9150474,74.8872158,-5.1,299.9,8.222,0
08:24:05.098,42,100.0,801.0,0.0,19.0,8.02,83.5,17.0,14.1,14.5,12.9150509,74.8872052,-5.2,299.6,8.255,0
08:24:05.188,42,100.0,801.0,0.0,19.0,8.02,83.5,17.0,14.1,14.5,12.9150544,74.8871946,-5.4,299.3,8.288,0
08:24:05.278,42,100.0,801.0,0.0,19.0,8.02,83.5,17.0,14.1,14.5,12.9150578,74.887184,-5.5,299.0,8.321,0
08:24:05.368,42,100.0,802.0,0.0,19.0,8.02,83.5,17.0,14.1,14.5,12.9150613,74.8871734,-5.6,298.7,8.353,0
08:24:05.459,42,100.0,802.0,0.0,19.0,8.02,83.5,17.0,14.1,14.5,12.9150648,74.8871627,-5.8,298.5,8.387,0
08:24:05.579,42,100.0,802.0,0.0,19.0,8.02,83.5,17.0,14.1,14.5,12.9150695,74.8871485,-6.0,298.1,8.431,0
08:24:05.669,42,100.0,802.0,0.0,19.0,7.99,83.5,17.0,14.1,14.5,12.9150729,74.8871379,-6.1,297.8,8.463,0
08:24:05.759,42,100.0,802.0,0.0,19.0,7.99,83.5,17.0,14.1,14.5,12.9150764,74.8871273,-6.2,297.5,8.496,0
08:24:05.848,42,100.0,802.0,0.0,19.0,7.99,83.5,17.0,14.1,14.5,12.9150798,74.8871168,-6.4,297.2,8.529,0
08:24:05.940,42,100.0,802.0,0.0,19.0,7.99,83.5,17.0,14.1,14.5,12.9150834,74.887106,-6.5,296.9,8.562,0
08:24:06.028,42,100.0,802.0,0.0,19.0,7.99,83.5,17.0,14.1,14.5,12.9150868,74.8870956,-6.6,296.6,8.594,0
08:24:06.119,42,100.0,802.0,0.0,19.0,7.99,83.5,17.0,14.1,14.5,12.9150903,74.8870849,-6.8,296.3,8.628,0
08:24:06.208,42,100.0,802.0,0.0,19.0,7.99,83.5,17.0,14.1,14.5,12.9150937,74.8870744,-6.9,296.0,8.66,0
08:24:06.299,42,100.0,802.0,0.0,19.0,7.99,83.5,17.0,14.1,14.5,12.9150972,74.8870637,-7.0,295.7,8.693,0
08:24:06.388,42,100.0,802.0,0.0,19.0,7.99,83.5,17.0,14.1,14.5,12.9151007,74.8870532,-7.2,295.4,8.726,0
08:24:06.479,42,100.0,802.0,0.0,19.0,7.99,83.5,17.0,14.1,14.5,12.9151042,74.8870425,-7.3,295.1,8.759,0
08:24:06.568,42,100.0,802.0,0.0,19.0,8.24,83.5,17.0,14.1,14.5,12.9151076,74.887032,-7.4,294.8,8.791,0
08:24:06.660,42,100.0,802.0,0.0,19.0,8.24,83.5,17.0,14.1,14.5,12.9151112,74.8870212,-7.6,294.5,8.825,0
08:24:06.748,42,100.0,802.0,0.0,19.0,8.24,83.5,17.0,14.1,14.5,12.9151146,74.8870108,-7.7,294.3,8.857,0
08:24:06.839,42,100.0,802.0,0.0,19.0,8.24,83.5,17.0,14.1,14.5,12.9151181,74.8870001,-7.9,294.0,8.89,0
08:24:06.928,42,100.0,802.0,0.0,19.0,8.24,83.5,17.0,14.1,14.5,12.9151215,74.8869896,-8.0,293.7,8.923,0
08:24:07.019,42,100.0,802.0,0.0,19.0,8.24,83.5,17.0,14.1,14.5,12.915125,74.8869789,-8.1,293.4,8.956,0
08:24:07.108,42,100.0,802.0,0.0,19.0,8.24,83.5,17.0,14.1,14.5,12.9151284,74.8869684,-8.3,293.1,8.989,0
08:24:07.199,42,100.0,802.0,0.0,19.0,8.24,83.5,17.0,14.1,14.5,12.9151319,74.8869577,-8.4,292.8,9.022,0
08:24:07.288,42,100.0,802.0,1.0,19.0,8.24,83.5,17.0,14.1,14.5,12.9151354,74.8869472,-8.5,292.5,9.054,0
08:24:07.379,42,100.0,802.0,1.0,19.0,8.24,83.5,17.0,14.1,14.5,12.9151389,74.8869364,-8.7,292.2,9.088,0
08:24:07.469,42,100.0,802.0,1.0,19.0,8.66,83.5,17.0,14.1,14.5,12.9151424,74.8869258,-8.8,291.9,9.12,0
08:24:07.560,42,100.0,802.0,1.0,19.0,8.66,83.5,17.0,14.1,14.5,12.9151459,74.8869151,-8.9,291.6,9.154,0
08:24:07.621,42,100.0,802.0,1.0,19.0,8.66,83.5,17.0,14.1,14.5,12.9151482,74.8869079,-9.0,291.4,9.176,0
08:24:07.709,42,100.0,802.0,1.0,19.0,8.66,83.5,17.0,15.7,14.5,12.9151516,74.8868976,-9.2,291.1,9.208,0
08:24:07.799,42,100.0,802.0,1.0,19.0,8.66,83.5,17.0,15.7,15.3,12.9151551,74.886887,-9.3,290.8,9.241,0
08:24:07.890,42,100.0,802.0,1.0,19.0,8.66,83.5,17.0,15.7,15.3,12.9151586,74.8868762,-9.4,290.5,9.274,0
08:24:07.979,42,101.0,802.0,1.0,19.0,8.66,83.5,17.0,15.7,15.3,12.915162,74.8868657,-9.6,290.2,9.307,0
08:24:08.068,42,101.0,891.0,1.0,19.0,8.66,83.5,17.0,15.7,15.3,12.9151655,74.8868553,-9.7,290.0,9.339,0
08:24:08.159,42,101.0,891.0,3.0,19.0,8.66,83.5,17.0,15.7,15.3,12.915169,74.8868445,-9.8,289.7,9.372,0
08:24:08.248,42,101.0,891.0,3.0,20.0,8.66,83.5,17.0,15.7,15.3,12.9151724,74.8868341,-10.0,289.4,9.405,0
08:24:08.339,42,101.0,891.0,3.0,20.0,9.27,83.5,17.0,15.7,15.3,12.9151759,74.8868233,-10.1,289.1,9.438,0
08:24:08.428,42,101.0,891.0,3.0,20.0,9.27,83.5,17.0,15.7,15.3,12.9151794,74.8868128,-10.2,288.8,9.47,0
08:24:08.519,42,101.0,891.0,3.0,20.0,9.27,83.5,17.0,15.7,15.3,12.9151829,74.8868021,-10.4,288.5,9.504,0
08:24:08.609,42,101.0,891.0,3.0,20.0,9.27,83.5,17.0,15.7,15.3,12.9151863,74.8867915,-10.5,288.2,9.536,0
08:24:08.699,42,101.0,891.0,3.0,20.0,9.27,83.5,17.0,15.7,15.3,12.9151898,74.8867809,-10.6,287.9,9.569,0
08:24:08.788,42,101.0,891.0,3.0,20.0,9.27,83.5,17.0,15.7,15.3,12.9151932,74.8867704,-10.8,287.6,9.602,0
08:24:08.879,42,102.0,891.0,3.0,20.0,9.27,83.5,17.0,15.7,15.3,12.9151968,74.8867597,-10.9,287.3,9.635,0
08:24:08.968,42,102.0,950.0,3.0,20.0,9.27,83.5,17.0,15.7,15.3,12.9152002,74.8867492,-11.0,287.0,9.667,0
08:24:09.068,42,102.0,950.0,8.0,20.0,9.27,83.5,17.0,15.7,15.3,12.915204,74.8867374,-11.2,286.7,9.704,0
08:24:09.148,42,102.0,950.0,8.0,22.0,9.27,83.5,17.0,15.7,15.3,12.9152071,74.886728,-11.3,286.4,9.733,0
08:24:09.239,42,102.0,950.0,8.0,22.0,13.16,83.5,17.0,15.7,15.3,12.9152106,74.8867173,-11.5,286.1,9.766,0
08:24:09.329,42,102.0,950.0,8.0,22.0,13.16,83.5,17.0,15.7,15.3,12.9152141,74.8867067,-11.6,285.8,9.799,0
08:24:09.419,42,102.0,950.0,8.0,22.0,13.16,83.5,17.0,15.7,15.3,12.9152176,74.8866961,-11.7,285.6,9.832,0
08:24:09.509,42,102.0,950.0,8.0,22.0,13.16,83.5,17.0,22.0,15.3,12.9152211,74.8866855,-11.9,285.3,9.865,0
08:24:09.576,42,102.0,950.0,8.0,22.0,13.16,83.5,17.0,22.0,24.7,12.9152236,74.8866776,-12.0,285.0,9.889,0
08:24:09.659,42,102.0,950.0,8.0,22.0,13.16,83.5,17.0,22.0,24.7,12.9152268,74.8866678,-12.1,284.8,9.92,0
08:24:09.748,42,100.0,950.0,8.0,22.0,13.16,83.5,17.0,22.0,24.7,12.9152303,74.8866573,-12.2,284.5,9.952,0
08:24:09.839,42,100.0,1362.0,8.0,22.0,13.16,83.5,17.0,22.0,24.7,12.9152338,74.8866466,-12.4,284.2,9.985,0
08:24:09.931,42,100.0,1362.0,12.0,22.0,13.16,83.5,17.0,22.0,24.7,12.9152373,74.8866358,-12.5,283.9,10.019,0
08:24:10.020,42,100.0,1362.0,12.0,25.0,13.16,83.5,17.0,22.0,24.7,12.9152408,74.8866253,-12.6,283.6,10.051,0
08:24:10.108,42,100.0,1362.0,12.0,25.0,16.3,83.5,17.0,22.0,24.7,12.9152442,74.8866149,-12.8,283.3,10.084,0
08:24:10.198,42,100.0,1362.0,12.0,25.0,16.3,83.5,17.0,22.0,24.7,12.9152476,74.8866043,-12.9,283.0,10.116,0
08:24:10.288,42,100.0,1362.0,12.0,25.0,16.3,83.5,17.0,22.0,24.7,12.9152511,74.8865937,-13.0,282.7,10.149,0
08:24:10.380,42,100.0,1362.0,12.0,25.0,16.3,83.5,17.0,36.1,24.7,12.9152547,74.8865829,-13.2,282.4,10.183,0
08:24:10.469,42,100.0,1362.0,12.0,25.0,16.3,83.5,17.0,36.1,36.1,12.9152581,74.8865724,-13.3,282.1,10.215,0
08:24:10.588,42,100.0,1362.0,12.0,25.0,16.3,83.5,17.0,36.1,36.1,12.9152627,74.8865583,-13.5,281.7,10.259,0
08:24:10.681,42,108.0,1362.0,12.0,25.0,16.3,83.5,17.0,36.1,36.1,12.9152663,74.8865474,-13.6,281.4,10.293,0
08:24:10.768,42,108.0,1749.0,12.0,25.0,16.3,83.5,17.0,36.1,36.1,12.9152696,74.8865371,-13.7,281.2,10.324,0
08:24:10.860,42,108.0,1749.0,16.0,25.0,16.3,83.5,17.0,36.1,36.1,12.9152732,74.8865263,-13.9,280.9,10.358,0
08:24:10.949,42,108.0,1749.0,16.0,26.0,16.3,83.5,17.0,36.1,36.1,12.9152766,74.8865158,-14.0,280.6,10.391,0
08:24:11.040,42,108.0,1749.0,16.0,26.0,17.66,83.5,17.0,36.1,36.1,12.9152801,74.8865051,-14.2,280.3,10.424,0
08:24:11.129,42,108.0,1749.0,16.0,26.0,17.66,83.5,17.0,36.1,36.1,12.9152835,74.8864946,-14.3,280.0,10.456,0
08:24:11.218,42,108.0,1749.0,16.0,26.0,17.66,83.5,17.0,36.1,36.1,12.915287,74.8864841,-14.4,279.7,10.489,0
08:24:11.308,42,108.0,1749.0,16.0,26.0,17.66,83.5,17.0,14.9,36.1,12.9152905,74.8864735,-14.6,279.4,10.522,0
08:24:11.400,42,108.0,1749.0,16.0,26.0,17.66,83.5,17.0,14.9,17.3,12.915294,74.8864627,-14.7,279.1,10.555,0
08:24:11.488,42,108.0,1749.0,16.0,26.0,17.66,83.5,17.0,14.9,17.3,12.9152974,74.8864523,-14.8,278.8,10.587,0
08:24:11.579,42,109.0,1749.0,16.0,26.0,17.66,83.5,17.0,14.9,17.3,12.9153009,74.8864416,-15.0,278.5,10.621,0
08:24:11.668,42,109.0,1030.0,16.0,26.0,17.66,83.5,17.0,14.9,17.3,12.9153043,74.8864311,-15.1,278.2,10.653,0
08:24:11.761,42,109.0,1030.0,17.0,26.0,17.66,83.5,17.0,14.9,17.3,12.9153079,74.8864201,-15.2,277.9,10.687,0
08:24:11.849,42,109.0,1030.0,17.0,24.0,17.66,83.5,17.0,14.9,17.3,12.9153113,74.8864098,-15.4,277.6,10.719,0
08:24:11.940,42,109.0,1030.0,17.0,24.0,13.27,83.5,17.0,14.9,17.3,12.9153148,74.8863991,-15.5,277.3,10.752,0
08:24:12.028,42,109.0,1030.0,17.0,24.0,13.27,83.5,17.0,14.9,17.3,12.9153182,74.8863887,-15.6,277.1,10.784,0
08:24:12.118,42,109.0,1030.0,17.0,24.0,13.27,83.5,17.0,14.9,17.3,12.9153217,74.8863781,-15.8,276.8,10.817,0
08:24:12.238,42,109.0,1030.0,17.0,24.0,13.27,83.5,17.0,28.2,17.3,12.9153263,74.8863639,-15.9,276.4,10.861,0
08:24:12.329,42,109.0,1030.0,17.0,24.0,13.27,83.5,17.0,28.2,28.2,12.9153298,74.8863532,-16.1,276.1,10.894,0
08:24:12.419,42,109.0,1030.0,17.0,24.0,13.27,83.5,17.0,28.2,28.2,12.9153333,74.8863426,-16.2,275.8,10.927,0
08:24:12.509,42,105.0,1030.0,17.0,24.0,13.27,83.5,17.0,28.2,28.2,12.9153368,74.886332,-16.4,275.5,10.96,0
08:24:12.599,42,105.0,1170.0,17.0,24.0,13.27,83.5,17.0,28.2,28.2,12.9153403,74.8863214,-16.5,275.2,10.993,0
08:24:12.718,42,105.0,1170.0,20.0,24.0,13.27,83.5,17.0,28.2,28.2,12.9153448,74.8863074,-16.7,274.8,11.036,0
08:24:12.808,42,105.0,1170.0,20.0,23.0,13.27,83.5,17.0,28.2,28.2,12.9153483,74.8862968,-16.8,274.5,11.069,0
08:24:12.871,42,105.0,1170.0,20.0,23.0,13.61,83.5,17.0,28.2,28.2,12.9153507,74.8862894,-16.9,274.3,11.092,0
08:24:12.959,42,105.0,1170.0,20.0,23.0,13.61,83.5,17.0,28.2,28.2,12.9153541,74.886279,-17.0,274.0,11.124,0
08:24:13.049,42,105.0,1170.0,20.0,23.0,13.61,83.5,17.0,28.2,28.2,12.9153576,74.8862684,-17.2,273.7,11.157,0
08:24:13.138,42,105.0,1170.0,20.0,23.0,13.61,83.5,17.0,29.4,28.2,12.915361,74.8862579,-17.3,273.4,11.19,0
08:24:13.228,42,105.0,1170.0,20.0,23.0,13.61,83.5,17.0,29.4,29.4,12.9153645,74.8862473,-17.4,273.2,11.222,0
08:24:13.320,42,105.0,1170.0,20.0,23.0,13.61,83.5,17.0,29.4,29.4,12.9153681,74.8862365,-17.6,272.9,11.256,0
08:24:13.409,42,102.0,1170.0,20.0,23.0,13.61,83.5,17.0,29.4,29.4,12.9153715,74.886226,-17.7,272.6,11.288,0
08:24:13.500,42,102.0,1299.0,20.0,23.0,13.61,83.5,17.0,29.4,29.4,12.915375,74.8862152,-17.8,272.3,11.322,0
08:24:13.588,42,102.0,1299.0,22.0,23.0,13.61,83.5,17.0,29.4,29.4,12.9153784,74.8862049,-18.0,272.0,11.354,0
08:24:13.681,42,102.0,1299.0,22.0,24.0,13.61,83.5,17.0,29.4,29.4,12.915382,74.8861939,-18.1,271.7,11.388,0
08:24:13.769,42,102.0,1299.0,22.0,24.0,14.33,83.5,17.0,29.4,29.4,12.9153854,74.8861836,-18.2,271.4,11.42,0
08:24:13.860,42,102.0,1299.0,22.0,24.0,14.33,83.5,17.0,29.4,29.4,12.9153889,74.8861728,-18.4,271.1,11.453,0
08:24:14.128,42,102.0,1299.0,22.0,24.0,14.33,83.5,17.0,29.4,29.4,12.9153992,74.8861413,-18.8,270.2,11.551,0
08:24:14.218,42,102.0,1299.0,22.0,24.0,14.33,83.5,17.0,29.4,29.4,12.9154027,74.8861306,-18.9,269.9,11.584,0
08:24:14.308,42,102.0,1370.0,22.0,24.0,14.33,83.5,17.0,29.4,29.4,12.9154062,74.88612,-19.1,269.6,11.617,0
08:24:14.370,42,102.0,1370.0,23.0,24.0,14.33,83.5,17.0,29.4,29.4,12.9154086,74.8861127,-19.1,269.4,11.639,0
08:24:14.459,42,102.0,1370.0,23.0,24.0,14.33,83.5,17.0,29.4,29.4,12.915412,74.8861023,-19.3,269.1,11.672,0
08:24:14.548,42,102.0,1370.0,23.0,24.0,14.86,83.5,17.0,29.4,29.4,12.9154154,74.8860918,-19.4,268.9,11.704,0
08:24:14.879,42,102.0,1370.0,23.0,24.0,14.86,83.5,17.0,29.4,29.4,12.9154282,74.8860528,-19.9,267.8,11.825,0
08:24:15.097,42,102.0,1370.0,24.0,24.0,14.86,83.5,17.0,29.4,29.4,12.9154366,74.8860271,-20.2,267.1,11.905,0
08:24:15.178,42,102.0,1370.0,24.0,24.0,14.86,83.5,17.0,29.4,29.4,12.9154397,74.8860175,-20.4,266.8,11.934,0
08:24:15.268,42,102.0,1370.0,24.0,24.0,14.88,83.5,17.0,29.4,29.4,12.9154432,74.8860069,-20.5,266.5,11.967,0
08:24:15.359,42,102.0,1370.0,24.0,24.0,14.88,83.5,17.0,29.4,29.4,12.9154467,74.8859962,-20.6,266.2,12.0,0
08:24:15.448,42,102.0,1370.0,24.0,24.0,14.88,83.5,17.0,29.4,29.4,12.9154502,74.8859857,-20.8,265.9,12.033,0
08:24:15.538,42,102.0,1370.0,24.0,24.0,14.88,83.5,17.0,28.2,29.4,12.9154536,74.8859751,-20.9,265.6,12.066,0
08:24:15.661,42,102.0,1370.0,24.0,24.0,14.88,83.5,17.0,28.2,27.8,12.9154584,74.8859606,-21.1,265.2,12.11,0
08:24:15.809,42,104.0,1370.0,24.0,24.0,14.88,83.5,17.0,28.2,27.8,12.9154641,74.8859432,-21.3,264.7,12.164,0
08:24:16.079,42,104.0,1370.0,24.0,24.0,14.3,83.5,17.0,28.2,27.8,12.9154745,74.8859114,-21.7,263.9,12.263,0
08:24:16.169,42,104.0,1370.0,24.0,24.0,14.3,83.5,17.0,28.2,27.8,12.915478,74.8859008,-21.8,263.6,12.296,0
08:24:16.259,42,104.0,1370.0,24.0,24.0,14.3,83.5,17.0,28.2,27.8,12.9154814,74.8858902,-22.0,263.3,12.329,0
08:24:16.319,42,104.0,1370.0,24.0,24.0,14.3,83.5,17.0,25.5,27.8,12.9154838,74.8858831,-22.1,263.1,12.351,0
08:24:16.408,42,104.0,1370.0,24.0,24.0,14.3,83.5,17.0,25.5,25.5,12.9154872,74.8858726,-22.2,262.8,12.383,0
08:24:16.470,42,104.0,1370.0,24.0,24.0,14.3,83.5,17.0,25.5,25.5,12.9154896,74.8858653,-22.3,262.6,12.406,0
08:24:16.559,42,101.0,1370.0,24.0,24.0,14.3,83.5,17.0,25.5,25.5,12.915493,74.8858548,-22.4,262.3,12.438,0
08:24:16.649,42,101.0,1410.0,24.0,24.0,14.3,83.5,17.0,25.5,25.5,12.9154965,74.8858442,-22.6,262.0,12.471,0
08:24:16.739,42,101.0,1410.0,24.0,24.0,14.3,83.5,17.0,25.5,25.5,12.9155,74.8858336,-22.7,261.7,12.504,0
08:24:16.828,42,101.0,1410.0,24.0,23.0,14.3,83.5,17.0,25.5,25.5,12.9155034,74.8858231,-22.8,261.4,12.536,0
08:24:16.919,42,101.0,1410.0,24.0,23.0,13.97,83.5,17.0,25.5,25.5,12.9155069,74.8858124,-23.0,261.1,12.57,0
08:24:17.009,42,101.0,1410.0,24.0,23.0,13.97,83.5,17.0,25.5,25.5,12.9155104,74.8858018,-23.1,260.8,12.602,0
08:24:17.072,42,101.0,1410.0,24.0,23.0,13.97,83.5,17.0,25.5,25.5,12.9155128,74.8857944,-23.2,260.6,12.625,0
08:24:17.158,42,101.0,1410.0,24.0,23.0,13.97,83.5,17.0,27.1,25.5,12.9155161,74.8857842,-23.3,260.4,12.657,0
08:24:17.220,42,101.0,1410.0,24.0,23.0,13.97,83.5,17.0,27.1,27.5,12.9155185,74.8857769,-23.4,260.2,12.679,0
08:24:17.309,42,101.0,1410.0,24.0,23.0,13.97,83.5,17.0,27.1,27.5,12.9155219,74.8857665,-23.6,259.9,12.712,0
08:24:17.399,42,100.0,1410.0,24.0,23.0,13.97,83.5,17.0,27.1,27.5,12.9155254,74.8857559,-23.7,259.6,12.745,0
08:24:17.489,42,100.0,1413.0,24.0,23.0,13.97,83.5,17.0,27.1,27.5,12.9155289,74.8857452,-23.8,259.3,12.778,0
08:24:17.580,42,100.0,1413.0,24.0,23.0,13.97,83.5,17.0,27.1,27.5,12.9155324,74.8857345,-24.0,259.0,12.811,0
08:24:17.668,42,100.0,1413.0,24.0,23.0,13.97,83.5,17.0,27.1,27.5,12.9155321,74.8857245,-23.9,259.2,12.803,0
08:24:17.759,42,100.0,1413.0,24.0,23.0,15.24,83.5,17.0,27.1,27.5,12.9155302,74.8857143,-23.8,259.6,12.779,0
08:24:17.822,42,100.0,1413.0,24.0,23.0,15.24,83.5,17.0,27.1,27.5,12.9155289,74.8857072,-23.8,259.9,12.762,0
08:24:17.908,42,100.0,1413.0,24.0,23.0,15.24,83.5,17.0,27.1,27.5,12.9155271,74.8856976,-23.7,260.2,12.739,0
08:24:17.970,42,100.0,1413.0,24.0,23.0,15.24,83.5,17.0,29.8,27.5,12.9155258,74.8856906,-23.6,260.5,12.723,0
08:24:18.060,42,100.0,1413.0,24.0,23.0,15.24,83.5,17.0,29.8,29.8,12.9155239,74.8856805,-23.5,260.9,12.699,0
08:24:18.148,42,100.0,1413.0,24.0,23.0,15.24,83.5,17.0,29.8,29.8,12.9155221,74.8856707,-23.5,261.3,12.675,0
08:24:18.239,42,104.0,1413.0,24.0,23.0,15.24,83.5,17.0,29.8,29.8,12.9155202,74.8856605,-23.4,261.7,12.651,0
08:24:18.328,42,104.0,1450.0,24.0,23.0,15.24,83.5,17.0,29.8,29.8,12.9155184,74.8856505,-23.3,262.1,12.627,0
08:24:18.419,42,104.0,1450.0,25.0,23.0,15.24,83.5,17.0,29.8,29.8,12.9155165,74.8856403,-23.2,262.5,12.603,0
08:24:18.509,42,104.0,1450.0,25.0,23.0,15.24,83.5,17.0,29.8,29.8,12.9155146,74.8856302,-23.1,262.9,12.579,0
08:24:18.599,42,104.0,1450.0,25.0,23.0,15.19,83.5,17.0,29.8,29.8,12.9155127,74.8856201,-23.0,263.3,12.555,0
08:24:18.688,42,104.0,1450.0,25.0,23.0,15.19,83.5,17.0,29.8,29.8,12.9155109,74.8856101,-22.9,263.7,12.531,0
08:24:18.780,42,104.0,1450.0,25.0,23.0,15.19,83.5,17.0,29.8,29.8,12.915509,74.8855998,-22.8,264.1,12.507,0
08:24:18.868,42,104.0,1450.0,25.0,23.0,15.19,83.5,17.0,33.3,29.8,12.9155072,74.8855899,-22.7,264.5,12.484,0
08:24:18.962,42,104.0,1450.0,25.0,23.0,15.19,83.5,17.0,33.3,36.1,12.9155052,74.8855793,-22.6,264.9,12.458,0
08:24:19.021,42,104.0,1450.0,25.0,23.0,15.19,83.5,17.0,33.3,36.1,12.915504,74.8855727,-22.6,265.1,12.443,0
08:24:19.108,42,108.0,1450.0,25.0,23.0,15.19,83.5,17.0,33.3,36.1,12.9155022,74.885563,-22.5,265.5,12.42,0
08:24:19.169,42,108.0,1512.0,25.0,23.0,15.19,83.5,17.0,33.3,36.1,12.9155009,74.8855561,-22.4,265.8,12.403,0
08:24:19.259,42,108.0,1512.0,26.0,23.0,15.19,83.5,17.0,33.3,36.1,12.9154991,74.885546,-22.3,266.2,12.379,0
08:24:19.348,42,108.0,1512.0,26.0,23.0,15.19,83.5,17.0,33.3,36.1,12.9154972,74.885536,-22.3,266.6,12.356,0
08:24:19.440,42,108.0,1512.0,26.0,23.0,20.33,83.5,17.0,33.3,36.1,12.9154953,74.8855257,-22.2,267.0,12.331,0
08:24:19.528,42,108.0,1512.0,26.0,23.0,20.33,83.5,17.0,33.3,36.1,12.9154935,74.8855158,-22.1,267.4,12.308,0
08:24:19.619,42,108.0,1512.0,26.0,23.0,20.33,83.5,17.0,33.3,36.1,12.9154916,74.8855056,-22.0,267.8,12.283,0
08:24:19.708,42,108.0,1512.0,26.0,23.0,20.33,83.5,17.0,41.6,36.1,12.9154897,74.8854956,-21.9,268.2,12.26,0
08:24:19.769,42,108.0,1512.0,26.0,23.0,20.33,83.5,17.0,41.6,43.1,12.9154885,74.8854888,-21.8,268.4,12.243,0
08:24:19.859,42,108.0,1512.0,26.0,23.0,20.33,83.5,17.0,41.6,43.1,12.9154866,74.8854787,-21.7,268.8,12.219,0
08:24:19.921,42,124.0,1512.0,26.0,23.0,20.33,83.5,17.0,41.6,43.1,12.9154853,74.8854717,-21.7,269.1,12.203,0
08:24:20.008,42,124.0,1655.0,26.0,23.0,20.33,83.5,17.0,41.6,43.1,12.9154835,74.885462,-21.6,269.5,12.18,0
08:24:20.069,42,124.0,1655.0,28.0,23.0,20.33,83.5,17.0,41.6,43.1,12.9154823,74.8854551,-21.5,269.8,12.164,0
08:24:20.158,42,124.0,1655.0,28.0,25.0,20.33,83.5,17.0,41.6,43.1,12.9154804,74.8854452,-21.4,270.2,12.14,0
08:24:20.219,42,124.0,1655.0,28.0,25.0,31.8,83.5,17.0,41.6,43.1,12.9154791,74.8854383,-21.4,270.4,12.124,0
08:24:20.308,42,124.0,1655.0,28.0,25.0,31.8,83.5,17.0,41.6,43.1,12.9154773,74.8854283,-21.3,270.8,12.1,0
08:24:20.369,42,124.0,1655.0,28.0,25.0,31.8,83.5,17.0,41.6,43.1,12.915476,74.8854215,-21.2,271.1,12.084,0
08:24:20.459,42,124.0,1655.0,28.0,25.0,31.8,83.5,17.0,45.9,43.1,12.9154742,74.8854114,-21.1,271.5,12.06,0
08:24:20.579,42,124.0,1655.0,28.0,25.0,31.8,83.5,17.0,45.9,46.3,12.9154717,74.8853979,-21.0,272.0,12.028,0
08:24:20.699,42,124.0,1655.0,28.0,25.0,31.8,83.5,17.0,45.9,46.3,12.9154692,74.8853845,-20.9,272.5,11.996,0
08:24:20.792,42,155.0,1655.0,28.0,25.0,31.8,83.5,17.0,45.9,46.3,12.9154673,74.885374,-20.8,272.9,11.971,0
08:24:20.878,42,155.0,1895.0,28.0,25.0,31.8,83.5,17.0,45.9,46.3,12.9154655,74.8853644,-20.7,273.3,11.948,0
08:24:20.968,42,155.0,1895.0,33.0,25.0,31.8,83.5,17.0,45.9,46.3,12.9154636,74.8853543,-20.6,273.7,11.924,0
08:24:21.059,42,155.0,1895.0,33.0,26.0,31.8,83.5,17.0,45.9,46.3,12.9154617,74.8853441,-20.5,274.1,11.9,0
08:24:21.118,42,155.0,1895.0,33.0,26.0,22.86,83.5,17.0,45.9,46.3,12.9154605,74.8853375,-20.5,274.4,11.884,0
08:24:21.208,42,155.0,1895.0,33.0,26.0,22.86,76.5,17.0,45.9,46.3,12.9154586,74.8853274,-20.4,274.8,11.86,0
08:24:21.269,42,155.0,1895.0,33.0,26.0,22.86,76.5,17.0,45.9,46.3,12.9154574,74.8853205,-20.3,275.0,11.844,0
08:24:21.359,42,155.0,1895.0,33.0,26.0,22.86,76.5,17.0,14.1,46.3,12.9154555,74.8853104,-20.2,275.4,11.82,0
08:24:21.420,42,155.0,1895.0,33.0,26.0,22.86,76.5,17.0,14.1,14.5,12.9154542,74.8853036,-20.2,275.7,11.804,0
08:24:21.508,42,155.0,1895.0,33.0,26.0,22.86,76.5,17.0,14.1,14.5,12.9154524,74.8852937,-20.1,276.1,11.78,0
08:24:21.569,42,100.0,1895.0,33.0,26.0,22.86,76.5,17.0,14.1,14.5,12.9154511,74.8852869,-20.0,276.4,11.764,0
08:24:21.659,42,100.0,1372.0,33.0,26.0,22.86,76.5,17.0,14.1,14.5,12.9154493,74.8852768,-19.9,276.8,11.74,0
08:24:21.748,42,100.0,1372.0,33.0,26.0,22.86,76.5,17.0,14.1,14.5,12.9154474,74.8852668,-19.9,277.2,11.716,0
08:24:21.810,42,100.0,1372.0,33.0,25.0,22.86,76.5,17.0,14.1,14.5,12.9154461,74.8852598,-19.8,277.4,11.7,0
08:24:21.869,42,100.0,1372.0,33.0,25.0,25.22,76.5,17.0,14.1,14.5,12.9154449,74.8852532,-19.7,277.7,11.684,0
08:24:21.959,42,100.0,1372.0,33.0,25.0,25.22,63.5,17.0,14.1,14.5,12.9154431,74.8852431,-19.6,278.1,11.66,0
08:24:22.019,42,100.0,1372.0,33.0,25.0,25.22,63.5,17.0,14.1,14.5,12.9154418,74.8852364,-19.6,278.4,11.644,0
08:24:22.107,42,100.0,1372.0,33.0,25.0,25.22,63.5,17.0,51.4,14.5,12.91544,74.8852265,-19.5,278.7,11.621,0
08:24:22.169,42,100.0,1372.0,33.0,25.0,25.22,63.5,17.0,51.4,54.5,12.9154387,74.8852195,-19.4,279.0,11.604,0
08:24:22.260,42,100.0,1372.0,33.0,25.0,25.22,63.5,17.0,51.4,54.5,12.9154368,74.8852093,-19.3,279.4,11.58,0
08:24:22.320,42,114.0,1372.0,33.0,25.0,25.22,63.5,17.0,51.4,54.5,12.9154356,74.8852026,-19.3,279.7,11.564,0
08:24:22.408,42,114.0,1332.0,33.0,25.0,25.22,63.5,17.0,51.4,54.5,12.9154337,74.8851927,-19.2,280.1,11.54,0
08:24:22.469,42,114.0,1332.0,36.0,25.0,25.22,63.5,17.0,51.4,54.5,12.9154325,74.8851859,-19.1,280.3,11.524,0
08:24:22.561,42,114.0,1332.0,36.0,24.0,25.22,63.5,17.0,51.4,54.5,12.9154306,74.8851756,-19.0,280.7,11.5,0
08:24:22.620,42,114.0,1332.0,36.0,24.0,27.97,63.5,17.0,51.4,54.5,12.9154293,74.8851689,-19.0,281.0,11.484,0
08:24:22.710,42,114.0,1332.0,36.0,24.0,27.97,83.5,17.0,51.4,54.5,12.9154275,74.8851588,-18.9,281.4,11.46,0
08:24:22.769,42,114.0,1332.0,36.0,24.0,27.97,83.5,17.0,51.4,54.5,12.9154262,74.8851522,-18.8,281.7,11.444,0
08:24:22.858,42,114.0,1332.0,36.0,24.0,27.97,83.5,17.0,56.9,54.5,12.9154244,74.8851422,-18.7,282.1,11.42,0
08:24:22.920,42,114.0,1332.0,36.0,24.0,27.97,83.5,17.0,56.9,57.6,12.9154231,74.8851353,-18.7,282.3,11.404,0
08:24:23.008,42,114.0,1332.0,36.0,24.0,27.97,83.5,17.0,56.9,57.6,12.9154213,74.8851254,-18.6,282.7,11.38,0
08:24:23.069,42,138.0,1332.0,36.0,24.0,27.97,83.5,17.0,56.9,57.6,12.91542,74.8851186,-18.5,283.0,11.364,0
08:24:23.159,42,138.0,1477.0,36.0,24.0,27.97,83.5,17.0,56.9,57.6,12.9154182,74.8851085,-18.4,283.4,11.34,0
08:24:23.219,42,138.0,1477.0,40.0,24.0,27.97,83.5,17.0,56.9,57.6,12.9154169,74.8851017,-18.4,283.6,11.324,0
08:24:23.308,42,138.0,1477.0,40.0,24.0,27.97,83.5,17.0,56.9,57.6,12.9154151,74.8850918,-18.3,284.0,11.301,0
08:24:23.369,42,138.0,1477.0,40.0,24.0,39.08,83.5,17.0,56.9,57.6,12.9154138,74.8850849,-18.2,284.3,11.284,0
08:24:23.459,42,138.0,1477.0,40.0,24.0,39.08,83.5,17.0,56.9,57.6,12.9154119,74.8850748,-18.1,284.7,11.26,0
08:24:23.519,42,138.0,1477.0,40.0,24.0,39.08,83.5,17.0,56.9,57.6,12.9154107,74.8850681,-18.1,285.0,11.244,0
08:24:23.608,42,138.0,1477.0,40.0,24.0,39.08,83.5,17.0,56.9,57.6,12.9154088,74.8850581,-18.0,285.4,11.221,0
08:24:23.670,42,138.0,1477.0,40.0,24.0,39.08,83.5,17.0,56.9,57.3,12.9154076,74.8850511,-17.9,285.6,11.204,0
08:24:23.759,42,138.0,1477.0,40.0,24.0,39.08,83.5,17.0,56.9,57.3,12.9154057,74.8850412,-17.8,286.0,11.18,0
08:24:23.821,42,184.0,1477.0,40.0,24.0,39.08,83.5,17.0,56.9,57.3,12.9154044,74.8850342,-17.8,286.3,11.164,0
08:24:23.908,42,184.0,1673.0,40.0,24.0,39.08,83.5,17.0,56.9,57.3,12.9154026,74.8850244,-17.7,286.7,11.141,0
08:24:23.970,42,184.0,1673.0,45.0,24.0,39.08,83.5,17.0,56.9,57.3,12.9154013,74.8850175,-17.6,287.0,11.124,0
08:24:24.059,42,184.0,1673.0,45.0,25.0,39.08,83.5,17.0,56.9,57.3,12.9153995,74.8850075,-17.5,287.3,11.1,0
08:24:24.118,42,184.0,1673.0,45.0,25.0,55.69,83.5,17.0,56.9,57.3,12.9153983,74.8850009,-17.5,287.6,11.085,0
08:24:24.208,42,184.0,1673.0,45.0,25.0,55.69,83.5,17.0,56.9,57.3,12.9153964,74.8849908,-17.4,288.0,11.061,0
08:24:24.299,42,184.0,1673.0,45.0,25.0,55.69,83.5,17.0,56.9,57.3,12.9153945,74.8849806,-17.3,288.4,11.037,0
08:24:24.389,42,184.0,1673.0,45.0,25.0,55.69,83.5,17.0,38.0,57.3,12.9153926,74.8849705,-17.2,288.8,11.013,0
08:24:24.479,42,184.0,1673.0,45.0,25.0,55.69,83.5,17.0,38.0,21.2,12.9153908,74.8849604,-17.1,289.2,10.989,0
08:24:24.568,42,184.0,1673.0,45.0,25.0,55.69,83.5,17.0,38.0,21.2,12.9153889,74.8849504,-17.0,289.6,10.965,0
08:24:24.660,42,132.0,1673.0,45.0,25.0,55.69,83.5,17.0,38.0,21.2,12.915387,74.8849401,-16.9,290.0,10.94,0
08:24:24.749,42,132.0,1508.0,45.0,25.0,55.69,83.5,17.0,38.0,21.2,12.9153852,74.8849301,-16.9,290.4,10.917,0
08:24:24.839,42,132.0,1508.0,48.0,25.0,55.69,83.5,17.0,38.0,21.2,12.9153833,74.88492,-16.8,290.8,10.893,0
08:24:24.928,42,132.0,1508.0,48.0,27.0,55.69,83.5,17.0,38.0,21.2,12.9153815,74.88491,-16.7,291.2,10.869,0
08:24:25.019,42,132.0,1508.0,48.0,27.0,23.3,83.5,17.0,38.0,21.2,12.9153796,74.8848998,-16.6,291.6,10.845,0
08:24:25.108,42,132.0,1508.0,48.0,27.0,23.3,31.0,17.0,38.0,21.2,12.9153777,74.8848898,-16.5,292.0,10.821,0
08:24:25.198,42,132.0,1508.0,48.0,27.0,23.3,31.0,17.0,38.0,21.2,12.9153759,74.8848797,-16.4,292.4,10.797,0
08:24:25.288,42,132.0,1508.0,48.0,27.0,23.3,31.0,17.0,27.1,21.2,12.915374,74.8848696,-16.3,292.8,10.773,0
08:24:25.379,42,132.0,1508.0,48.0,27.0,23.3,31.0,17.0,27.1,27.5,12.9153721,74.8848594,-16.2,293.2,10.749,0
08:24:25.469,42,132.0,1508.0,48.0,27.0,23.3,31.0,17.0,27.1,27.5,12.9153702,74.8848493,-16.1,293.6,10.725,0
08:24:25.559,42,108.0,1508.0,48.0,27.0,23.3,31.0,17.0,27.1,27.5,12.9153684,74.8848392,-16.0,294.0,10.701,0
08:24:25.708,42,108.0,1508.0,49.0,27.0,23.3,31.0,17.0,27.1,27.5,12.9153653,74.8848225,-15.9,294.6,10.661,0
08:24:25.799,42,108.0,1508.0,49.0,24.0,23.3,31.0,17.0,27.1,27.5,12.9153634,74.8848123,-15.8,295.0,10.637,0
08:24:25.868,42,108.0,1508.0,49.0,24.0,12.44,31.0,17.0,27.1,27.5,12.915362,74.8848045,-15.7,295.3,10.619,0
08:24:25.948,42,108.0,1508.0,49.0,24.0,12.44,83.5,17.0,27.1,27.5,12.9153603,74.8847956,-15.7,295.7,10.597,0
08:24:26.039,42,108.0,1508.0,49.0,24.0,12.44,83.5,17.0,27.1,27.5,12.9153584,74.8847854,-15.6,296.1,10.573,0
08:24:26.130,42,108.0,1508.0,49.0,24.0,12.44,83.5,17.0,14.5,27.5,12.9153565,74.8847751,-15.5,296.5,10.549,0
08:24:26.219,42,108.0,1508.0,49.0,24.0,12.44,83.5,17.0,14.5,14.5,12.9153547,74.8847652,-15.4,296.9,10.525,0
08:24:26.308,42,108.0,1508.0,49.0,24.0,12.44,83.5,17.0,14.5,14.5,12.9153528,74.8847552,-15.3,297.3,10.501,0
08:24:26.399,42,101.0,1508.0,49.0,24.0,12.44,83.5,17.0,14.5,14.5,12.915351,74.884745,-15.2,297.7,10.477,0
08:24:26.519,42,101.0,1259.0,49.0,24.0,12.44,83.5,17.0,14.5,14.5,12.9153485,74.8847315,-15.1,298.2,10.445,0
08:24:26.609,42,101.0,1259.0,49.0,24.0,12.44,83.5,17.0,14.5,14.5,12.9153466,74.8847214,-15.0,298.6,10.421,0
08:24:26.699,42,101.0,1259.0,49.0,20.0,12.44,83.5,17.0,14.5,14.5,12.9153447,74.8847113,-14.9,299.0,10.397,0
08:24:26.788,42,101.0,1259.0,49.0,20.0,11.88,83.5,17.0,14.5,14.5,12.9153429,74.8847013,-14.8,299.4,10.373,0
08:24:26.879,42,101.0,1259.0,49.0,20.0,11.88,83.5,17.0,14.5,14.5,12.915341,74.8846911,-14.7,299.8,10.349,0
08:24:26.971,42,101.0,1259.0,49.0,20.0,11.88,83.5,17.0,14.5,14.5,12.9153391,74.8846808,-14.6,300.2,10.325,0
08:24:27.059,42,101.0,1259.0,49.0,20.0,11.88,83.5,17.0,14.1,14.5,12.9153373,74.8846709,-14.5,300.6,10.301,0
08:24:27.148,42,101.0,1259.0,49.0,20.0,11.88,83.5,17.0,14.1,14.5,12.9153354,74.8846609,-14.5,301.0,10.277,0
08:24:27.239,43,101.0,1259.0,49.0,20.0,11.88,83.5,17.0,14.1,14.5,12.9153335,74.8846507,-14.4,301.4,10.253,0
08:24:27.328,43,104.0,1259.0,49.0,20.0,11.88,83.5,17.0,14.1,14.5,12.9153317,74.8846407,-14.3,301.8,10.23,0
08:24:27.419,43,104.0,1258.0,49.0,20.0,11.88,83.5,17.0,14.1,14.5,12.9153298,74.8846305,-14.2,302.2,10.205,0
08:24:27.508,43,104.0,1258.0,49.0,20.0,11.88,83.5,17.0,14.1,14.5,12.915328,74.8846205,-14.1,302.5,10.182,0
08:24:27.600,43,104.0,1258.0,49.0,19.0,11.88,83.5,17.0,14.1,14.5,12.915326,74.8846102,-14.0,302.9,10.157,0
08:24:27.689,43,104.0,1258.0,49.0,19.0,12.94,83.5,17.0,14.1,14.5,12.9153242,74.8846002,-13.9,303.3,10.133,0
08:24:27.779,43,104.0,1258.0,49.0,19.0,12.94,83.5,17.0,14.1,14.5,12.9153223,74.8845901,-13.8,303.7,10.109,0
08:24:27.868,43,104.0,1258.0,49.0,19.0,12.94,83.5,17.0,14.1,14.5,12.9153205,74.8845802,-13.7,304.1,10.086,0
08:24:27.959,43,104.0,1258.0,49.0,19.0,12.94,83.5,17.0,14.1,14.5,12.9153186,74.8845699,-13.6,304.5,10.061,0
08:24:28.049,43,104.0,1258.0,49.0,19.0,12.94,83.5,17.0,14.1,14.5,12.9153167,74.8845599,-13.6,304.9,10.037,0
08:24:28.169,43,104.0,1258.0,49.0,19.0,12.94,83.5,17.0,14.1,14.5,12.9153142,74.8845464,-13.4,305.5,10.005,0
08:24:28.259,43,106.0,1258.0,49.0,19.0,12.94,83.5,17.0,14.1,14.5,12.9153124,74.8845363,-13.3,305.9,9.981,0
08:24:28.348,43,106.0,1256.0,49.0,19.0,12.94,83.5,17.0,14.1,14.5,12.9153105,74.8845263,-13.3,306.2,9.958,0
08:24:28.439,43,106.0,1256.0,49.0,19.0,12.94,83.5,17.0,14.1,14.5,12.9153086,74.8845161,-13.2,306.6,9.934,0
08:24:28.528,43,106.0,1256.0,49.0,20.0,12.94,83.5,17.0,14.1,14.5,12.9153068,74.8845061,-13.1,307.0,9.91,0
08:24:28.619,43,106.0,1256.0,49.0,20.0,12.99,83.5,17.0,14.1,14.5,12.9153049,74.8844959,-13.0,307.4,9.886,0
08:24:28.711,43,106.0,1256.0,49.0,20.0,12.99,83.5,17.0,14.1,14.5,12.915303,74.8844856,-12.9,307.8,9.861,0
08:24:28.799,43,106.0,1256.0,49.0,20.0,12.99,83.5,17.0,14.1,14.5,12.9153012,74.8844757,-12.8,308.2,9.838,0
08:24:28.888,43,106.0,1256.0,49.0,20.0,12.99,83.5,17.0,14.1,14.5,12.9152993,74.8844657,-12.7,308.6,9.814,0
08:24:28.980,43,106.0,1256.0,49.0,20.0,12.99,83.5,17.0,14.1,14.5,12.9152974,74.8844554,-12.6,309.0,9.789,0
08:24:29.068,43,106.0,1256.0,49.0,20.0,12.99,83.5,17.0,14.1,14.5,12.9152956,74.8844455,-12.5,309.4,9.766,0
08:24:29.159,43,106.0,1256.0,49.0,20.0,12.99,83.5,17.0,14.1,14.5,12.9152937,74.8844353,-12.4,309.8,9.742,0
08:24:29.249,43,106.0,1253.0,49.0,20.0,12.99,83.5,17.0,14.1,14.5,12.9152918,74.8844252,-12.4,310.2,9.718,0
08:24:29.309,43,106.0,1253.0,49.0,20.0,12.99,83.5,17.0,14.1,14.5,12.9152906,74.8844185,-12.3,310.5,9.702,0
08:24:29.400,43,106.0,1253.0,49.0,20.0,12.99,83.5,17.0,14.1,14.5,12.9152887,74.8844083,-12.2,310.9,9.677,0
08:24:29.463,43,106.0,1253.0,49.0,20.0,13.19,83.5,17.0,14.1,14.5,12.9152874,74.8844012,-12.1,311.2,9.661,0
08:24:29.548,43,106.0,1253.0,49.0,20.0,13.19,83.5,17.0,14.1,14.5,12.9152856,74.8843917,-12.1,311.5,9.638,0
08:24:29.639,43,106.0,1253.0,49.0,20.0,13.19,83.5,17.0,14.1,14.5,12.9152838,74.8843815,-12.0,311.9,9.614,0
08:24:29.728,43,106.0,1253.0,49.0,20.0,13.19,83.5,17.0,14.1,14.5,12.9152819,74.8843715,-11.9,312.3,9.59,0
08:24:29.819,43,106.0,1253.0,49.0,20.0,13.19,83.5,17.0,14.1,14.5,12.91528,74.8843613,-11.8,312.7,9.566,0
08:24:29.909,43,106.0,1253.0,49.0,20.0,13.19,83.5,17.0,14.1,14.5,12.9152781,74.8843512,-11.7,313.1,9.542,0
08:24:29.999,43,106.0,1253.0,49.0,20.0,13.19,83.5,17.0,14.1,14.5,12.9152763,74.8843411,-11.6,313.5,9.518,0
08:24:30.061,43,106.0,1260.0,49.0,20.0,13.19,83.5,17.0,14.1,14.5,12.915275,74.8843341,-11.5,313.8,9.501,0
08:24:30.148,43,106.0,1260.0,49.0,20.0,13.19,83.5,17.0,14.1,14.5,12.9152732,74.8843244,-11.5,314.2,9.478,0
08:24:30.209,43,106.0,1260.0,49.0,20.0,13.19,83.5,17.0,14.1,14.5,12.9152719,74.8843175,-11.4,314.4,9.462,0
08:24:30.299,43,106.0,1260.0,49.0,20.0,12.97,83.5,17.0,14.1,14.5,12.9152701,74.8843074,-11.3,314.8,9.438,0
08:24:30.389,43,106.0,1260.0,49.0,20.0,12.97,83.5,17.0,14.1,14.5,12.9152682,74.8842973,-11.2,315.2,9.414,0
08:24:30.480,43,106.0,1260.0,49.0,20.0,12.97,83.5,17.0,14.1,14.5,12.9152663,74.8842871,-11.1,315.6,9.39,0
08:24:30.568,43,106.0,1260.0,49.0,20.0,12.97,83.5,17.0,14.1,14.5,12.9152645,74.8842772,-11.0,316.0,9.366,0
08:24:30.659,43,106.0,1260.0,49.0,20.0,12.97,83.5,17.0,14.1,14.5,12.9152626,74.884267,-10.9,316.4,9.342,0
08:24:30.748,43,106.0,1260.0,49.0,20.0,12.97,83.5,17.0,14.1,14.5,12.9152607,74.884257,-10.9,316.8,9.318,0
08:24:30.839,43,106.0,1260.0,49.0,20.0,12.97,83.5,17.0,14.1,14.5,12.9152589,74.8842468,-10.8,317.2,9.294,0
08:24:30.929,43,106.0,1269.0,49.0,20.0,12.97,83.5,17.0,14.1,14.5,12.915257,74.8842367,-10.7,317.6,9.27,0
08:24:31.019,43,106.0,1269.0,50.0,20.0,12.97,83.5,17.0,14.1,14.5,12.9152551,74.8842266,-10.6,318.0,9.246,0
08:24:31.108,43,106.0,1269.0,50.0,20.0,12.97,83.5,17.0,14.1,14.5,12.9152533,74.8842167,-10.5,318.4,9.222,0
08:24:31.198,43,106.0,1269.0,50.0,20.0,13.13,83.5,17.0,14.1,14.5,12.9152514,74.8842066,-10.4,318.8,9.198,0
08:24:31.259,43,106.0,1269.0,50.0,20.0,13.13,83.5,17.0,14.1,14.5,12.9152501,74.8841997,-10.3,319.1,9.182,0
08:24:31.348,43,106.0,1269.0,50.0,20.0,13.13,83.5,17.0,14.1,14.5,12.9152483,74.8841897,-10.3,319.5,9.158,0
08:24:31.409,43,106.0,1269.0,50.0,20.0,13.13,83.5,17.0,14.1,14.5,12.915247,74.8841829,-10.2,319.7,9.142,0
08:24:31.499,43,106.0,1269.0,50.0,20.0,13.13,83.5,17.0,14.1,14.5,12.9152452,74.8841728,-10.1,320.1,9.118,0
08:24:31.589,43,106.0,1269.0,50.0,20.0,13.13,83.5,17.0,14.1,14.5,12.9152433,74.8841627,-10.0,320.5,9.094,0
08:24:31.682,43,106.0,1269.0,50.0,20.0,13.13,83.5,17.0,14.1,14.5,12.9152454,74.884157,-10.1,320.3,9.081,0
08:24:31.769,43,106.0,1277.0,50.0,20.0,13.13,83.5,17.0,14.1,14.5,12.9152481,74.8841526,-10.2,319.9,9.07,0
08:24:31.860,43,106.0,1277.0,50.0,20.0,13.13,83.5,17.0,14.1,14.5,12.915251,74.8841481,-10.2,319.4,9.059,0
08:24:31.948,43,106.0,1277.0,50.0,21.0,13.13,83.5,17.0,14.1,14.5,12.9152538,74.8841436,-10.3,319.1,9.048,0
08:24:32.010,43,106.0,1277.0,50.0,21.0,13.19,83.5,17.0,14.1,14.5,12.9152557,74.8841405,-10.4,318.8,9.041,0
08:24:32.097,43,106.0,1277.0,50.0,21.0,13.19,83.5,17.0,14.1,14.5,12.9152585,74.8841361,-10.5,318.4,9.03,0
08:24:32.159,43,106.0,1277.0,50.0,21.0,13.19,83.5,17.0,14.1,14.5,12.9152604,74.884133,-10.5,318.1,9.023,0
08:24:32.248,43,106.0,1277.0,50.0,21.0,13.19,83.5,17.0,14.1,14.5,12.9152633,74.8841285,-10.6,317.7,9.012,0
08:24:32.340,43,106.0,1277.0,50.0,21.0,13.19,83.5,17.0,14.1,14.5,12.9152662,74.8841239,-10.7,317.3,9.001,0
08:24:32.428,43,106.0,1277.0,50.0,21.0,13.19,83.5,17.0,14.1,14.5,12.9152689,74.8841194,-10.8,316.9,8.99,0
08:24:32.519,43,106.0,1277.0,50.0,21.0,13.19,83.5,17.0,14.1,14.5,12.9152718,74.8841149,-10.9,316.5,8.979,0
08:24:32.608,43,106.0,1285.0,50.0,21.0,13.19,83.5,17.0,14.1,14.5,12.9152746,74.8841104,-10.9,316.1,8.968,0
08:24:32.701,43,106.0,1285.0,50.0,21.0,13.19,83.5,17.0,14.1,14.5,12.9152775,74.8841057,-11.0,315.7,8.957,0
08:24:32.789,43,106.0,1285.0,50.0,21.0,13.19,83.5,17.0,14.1,14.5,12.9152803,74.8841013,-11.1,315.3,8.946,0
08:24:32.880,43,106.0,1285.0,50.0,21.0,13.49,83.5,17.0,14.1,14.5,12.9152832,74.8840967,-11.2,314.8,8.935,0
08:24:32.968,43,106.0,1285.0,50.0,21.0,13.49,83.5,17.0,14.1,14.5,12.915286,74.8840923,-11.3,314.4,8.925,0
08:24:33.063,43,106.0,1285.0,50.0,21.0,13.49,83.5,17.0,14.1,14.5,12.915289,74.8840875,-11.4,314.0,8.913,0
08:24:33.148,43,106.0,1285.0,50.0,21.0,13.49,83.5,17.0,14.1,14.5,12.9152916,74.8840832,-11.4,313.6,8.903,0
08:24:33.209,43,106.0,1285.0,50.0,21.0,13.49,83.5,17.0,14.1,14.5,12.9152936,74.8840801,-11.5,313.4,8.895,0
08:24:33.299,43,106.0,1285.0,50.0,21.0,13.49,83.5,17.0,14.1,14.5,12.9152964,74.8840756,-11.6,313.0,8.884,0
08:24:33.361,43,106.0,1285.0,50.0,21.0,13.49,83.5,17.0,14.1,14.5,12.9152984,74.8840725,-11.6,312.7,8.877,0
08:24:33.448,43,106.0,1298.0,50.0,21.0,13.49,83.5,17.0,14.1,14.5,12.9153011,74.8840681,-11.7,312.3,8.866,0
08:24:33.540,43,106.0,1298.0,50.0,21.0,13.49,83.5,17.0,14.1,14.5,12.915304,74.8840634,-11.8,311.9,8.855,0
08:24:33.629,43,106.0,1298.0,50.0,21.0,13.49,83.5,17.0,14.1,14.5,12.9153068,74.884059,-11.9,311.5,8.844,0
08:24:33.720,43,106.0,1298.0,50.0,21.0,13.44,83.5,17.0,14.1,14.5,12.9153097,74.8840544,-12.0,311.1,8.833,0
08:24:33.808,43,106.0,1298.0,50.0,21.0,13.44,83.5,17.0,14.1,14.5,12.9153124,74.8840499,-12.1,310.7,8.823,0
08:24:33.899,43,106.0,1298.0,50.0,21.0,13.44,83.5,17.0,14.1,14.5,12.9153153,74.8840454,-12.1,310.2,8.812,0
08:24:33.988,43,106.0,1298.0,50.0,21.0,13.44,83.5,17.0,14.1,14.5,12.9153181,74.8840409,-12.2,309.8,8.801,0
08:24:34.088,43,106.0,1298.0,50.0,21.0,13.44,83.5,17.0,14.1,14.5,12.9153213,74.8840358,-12.3,309.4,8.789,0
08:24:34.168,43,106.0,1298.0,50.0,21.0,13.44,83.5,17.0,14.1,14.5,12.9153238,74.8840318,-12.4,309.0,8.779,0
08:24:34.259,43,106.0,1298.0,50.0,21.0,13.44,83.5,17.0,14.1,14.5,12.9153267,74.8840272,-12.5,308.6,8.768,0
08:24:34.351,43,106.0,1324.0,50.0,21.0,13.44,83.5,17.0,14.1,14.5,12.9153296,74.8840226,-12.6,308.2,8.757,0
08:24:34.410,43,106.0,1324.0,51.0,21.0,13.44,83.5,17.0,14.1,14.5,12.9153314,74.8840196,-12.6,307.9,8.75,0
08:24:34.499,43,106.0,1324.0,51.0,21.0,13.44,83.5,17.0,14.1,14.5,12.9153342,74.8840151,-12.7,307.5,8.739,0
08:24:34.564,43,106.0,1324.0,51.0,21.0,13.47,83.5,17.0,14.1,14.5,12.9153363,74.8840119,-12.8,307.2,8.731,0
08:24:34.679,43,106.0,1324.0,51.0,21.0,13.47,83.5,17.0,14.1,14.5,12.9153399,74.8840061,-12.9,306.7,8.717,0
08:24:34.769,43,106.0,1324.0,51.0,21.0,13.47,83.5,17.0,14.1,14.5,12.9153428,74.8840015,-13.0,306.3,8.706,0
08:24:34.859,43,106.0,1324.0,51.0,21.0,13.47,83.5,17.0,14.1,14.5,12.9153456,74.883997,-13.0,305.9,8.695,0
08:24:34.948,43,106.0,1324.0,51.0,21.0,13.47,83.5,17.0,14.1,14.5,12.9153484,74.8839925,-13.1,305.5,8.684,0
08:24:35.011,43,106.0,1324.0,51.0,21.0,13.47,83.5,17.0,14.1,14.5,12.9153504,74.8839894,-13.2,305.2,8.677,0
08:24:35.098,43,106.0,1324.0,51.0,21.0,13.47,83.5,17.0,14.1,14.5,12.9153531,74.883985,-13.3,304.8,8.666,0
08:24:35.160,43,106.0,1334.0,51.0,21.0,13.47,83.5,17.0,14.1,14.5,12.9153551,74.8839819,-13.3,304.6,8.659,0
08:24:35.248,43,106.0,1334.0,52.0,21.0,13.47,83.5,17.0,14.1,14.5,12.9153579,74.8839774,-13.4,304.2,8.648,0
08:24:35.309,43,106.0,1334.0,52.0,21.0,13.47,83.5,17.0,14.1,14.5,12.9153598,74.8839743,-13.5,303.9,8.641,0
08:24:35.400,43,106.0,1334.0,52.0,21.0,13.83,83.5,17.0,14.1,14.5,12.9153627,74.8839698,-13.5,303.5,8.63,0
08:24:35.462,43,106.0,1334.0,52.0,21.0,13.83,83.5,17.0,14.1,14.5,12.9153646,74.8839666,-13.6,303.2,8.622,0
08:24:35.549,43,106.0,1334.0,52.0,21.0,13.83,83.5,17.0,14.1,14.5,12.9153674,74.8839623,-13.7,302.8,8.611,0
08:24:35.668,43,106.0,1334.0,52.0,21.0,13.83,83.5,17.0,14.1,14.5,12.9153711,74.8839563,-13.8,302.3,8.597,0
08:24:35.759,43,106.0,1334.0,52.0,21.0,13.83,83.5,17.0,14.1,14.5,12.915374,74.8839517,-13.9,301.9,8.586,0
08:24:35.848,43,106.0,1334.0,52.0,21.0,13.83,83.5,17.0,14.1,14.5,12.9153768,74.8839472,-14.0,301.4,8.575,0
08:24:35.940,43,106.0,1334.0,52.0,21.0,13.83,83.5,17.0,14.1,14.5,12.9153797,74.8839426,-14.0,301.0,8.564,0
08:24:36.029,43,106.0,1345.0,52.0,21.0,13.83,83.5,17.0,14.1,14.5,12.9153825,74.8839381,-14.1,300.6,8.553,0
08:24:36.118,43,106.0,1345.0,52.0,21.0,13.83,83.5,17.0,14.1,14.5,12.9153853,74.8839336,-14.2,300.2,8.542,0
08:24:36.208,43,106.0,1345.0,52.0,21.0,13.83,83.5,17.0,14.1,14.5,12.9153881,74.8839291,-14.3,299.8,8.532,0
08:24:36.299,43,106.0,1345.0,52.0,21.0,13.86,83.5,17.0,14.1,14.5,12.915391,74.8839245,-14.4,299.4,8.52,0
08:24:36.361,43,106.0,1345.0,52.0,21.0,13.86,83.5,17.0,14.1,14.5,12.915393,74.8839214,-14.4,299.1,8.513,0
08:24:36.448,43,106.0,1345.0,52.0,21.0,13.86,83.5,17.0,14.1,14.5,12.9153957,74.883917,-14.5,298.7,8.502,0
08:24:36.510,43,106.0,1345.0,52.0,21.0,13.86,83.5,17.0,14.1,14.5,12.9153977,74.8839139,-14.6,298.5,8.495,0
08:24:36.599,43,106.0,1345.0,52.0,21.0,13.86,83.5,17.0,14.1,14.5,12.9154005,74.8839094,-14.7,298.1,8.484,0
08:24:36.660,43,106.0,1345.0,52.0,21.0,13.86,83.5,17.0,14.1,14.5,12.9154024,74.8839063,-14.7,297.8,8.477,0
08:24:36.748,43,106.0,1345.0,52.0,21.0,13.86,83.5,17.0,14.1,14.5,12.9154052,74.8839019,-14.8,297.4,8.466,0
08:24:36.810,43,106.0,1356.0,52.0,21.0,13.86,83.5,17.0,14.1,14.5,12.9154071,74.8838988,-14.9,297.1,8.458,0
08:24:36.901,43,106.0,1356.0,53.0,21.0,13.86,83.5,17.0,14.1,14.5,12.91541,74.8838942,-14.9,296.7,8.447,0
08:24:36.961,43,106.0,1356.0,53.0,21.0,13.86,83.5,17.0,14.1,14.5,12.9154119,74.8838911,-15.0,296.4,8.44,0
08:24:37.048,43,106.0,1356.0,53.0,21.0,13.97,83.5,17.0,14.1,14.5,12.9154146,74.8838868,-15.1,296.0,8.43,0
08:24:37.138,43,106.0,1356.0,53.0,21.0,13.97,83.5,17.0,14.1,14.5,12.9154175,74.8838822,-15.2,295.6,8.419,0
08:24:37.199,43,106.0,1356.0,53.0,21.0,13.97,83.5,17.0,14.1,14.5,12.9154194,74.8838792,-15.2,295.4,8.411,0
08:24:37.260,43,106.0,1356.0,53.0,21.0,13.97,83.5,17.0,14.1,14.5,12.9154213,74.8838761,-15.3,295.1,8.404,0
08:24:37.350,43,106.0,1356.0,53.0,21.0,13.97,83.5,17.0,14.1,14.5,12.9154242,74.8838716,-15.4,294.7,8.393,0
08:24:37.410,44,106.0,1356.0,53.0,21.0,13.97,83.5,17.0,14.1,14.5,12.9154261,74.8838685,-15.4,294.4,8.386,0
08:24:37.500,44,107.0,1356.0,53.0,21.0,13.97,83.5,17.0,14.1,14.5,12.9154289,74.883864,-15.5,294.0,8.375,0
08:24:37.562,44,107.0,1376.0,53.0,21.0,13.97,83.5,17.0,14.1,14.5,12.9154308,74.8838609,-15.6,293.7,8.367,0
08:24:37.648,44,107.0,1376.0,53.0,21.0,13.97,83.5,17.0,14.1,14.5,12.9154336,74.8838565,-15.6,293.3,8.357,0
08:24:37.710,44,107.0,1376.0,53.0,21.0,13.97,83.5,17.0,14.1,14.5,12.9154355,74.8838534,-15.7,293.0,8.349,0
08:24:37.799,44,107.0,1376.0,53.0,21.0,14.05,83.5,17.0,14.1,14.5,12.9154383,74.8838489,-15.8,292.6,8.338,0
08:24:37.861,44,107.0,1376.0,53.0,21.0,14.05,83.5,17.0,14.1,14.5,12.9154403,74.8838458,-15.8,292.4,8.331,0
08:24:37.949,44,107.0,1376.0,53.0,21.0,14.05,83.5,17.0,14.1,14.5,12.915443,74.8838414,-15.9,292.0,8.32,0
08:24:38.010,44,107.0,1376.0,53.0,21.0,14.05,83.5,17.0,14.1,14.5,12.915445,74.8838383,-16.0,291.7,8.313,0
08:24:38.100,44,107.0,1376.0,53.0,21.0,14.05,83.5,17.0,14.1,14.5,12.9154478,74.8838338,-16.1,291.3,8.302,0
08:24:38.160,44,107.0,1376.0,53.0,21.0,14.05,83.5,17.0,14.1,14.5,12.9154497,74.8838308,-16.1,291.0,8.295,0
08:24:38.248,44,107.0,1376.0,53.0,21.0,14.05,83.5,17.0,14.1,14.5,12.9154525,74.8838263,-16.2,290.6,8.284,0
08:24:38.309,44,107.0,1389.0,53.0,21.0,14.05,83.5,17.0,14.1,14.5,12.9154544,74.8838233,-16.3,290.3,8.277,0
08:24:38.400,44,107.0,1389.0,54.0,21.0,14.05,83.5,17.0,14.1,14.5,12.9154573,74.8838187,-16.3,289.9,8.266,0
08:24:38.461,44,107.0,1389.0,54.0,21.0,14.05,83.5,17.0,14.1,14.5,12.9154592,74.8838156,-16.4,289.7,8.258,0
08:24:38.548,44,107.0,1389.0,54.0,21.0,14.41,83.5,17.0,14.1,14.5,12.9154619,74.8838112,-16.5,289.3,8.248,0
08:24:38.610,44,107.0,1389.0,54.0,21.0,14.41,83.5,17.0,14.1,14.5,12.9154639,74.8838081,-16.5,289.0,8.24,0
08:24:38.699,44,107.0,1389.0,54.0,21.0,14.41,83.5,17.0,14.1,14.5,12.9154667,74.8838036,-16.6,288.6,8.229,0
08:24:38.764,44,107.0,1389.0,54.0,21.0,14.41,83.5,17.0,14.1,14.5,12.9154688,74.8838003,-16.7,288.3,8.221,0
08:24:38.849,44,107.0,1389.0,54.0,21.0,14.41,83.5,17.0,14.1,14.5,12.9154714,74.8837961,-16.8,287.9,8.211,0
08:24:38.911,44,107.0,1389.0,54.0,21.0,14.41,83.5,17.0,14.1,14.5,12.9154734,74.8837929,-16.8,287.6,8.204,0
08:24:38.999,44,107.0,1389.0,54.0,21.0,14.41,83.5,17.0,14.1,14.5,12.9154762,74.8837885,-16.9,287.2,8.193,0
08:24:39.061,44,107.0,1386.0,54.0,21.0,14.41,83.5,17.0,14.1,14.5,12.9154781,74.8837854,-17.0,286.9,8.185,0
08:24:39.148,44,107.0,1386.0,54.0,21.0,14.41,83.5,17.0,14.1,14.5,12.9154809,74.883781,-17.0,286.6,8.175,0
08:24:39.210,44,107.0,1386.0,54.0,21.0,14.41,83.5,17.0,14.1,14.5,12.9154828,74.8837779,-17.1,286.3,8.167,0
08:24:39.299,44,107.0,1386.0,54.0,21.0,14.44,83.5,17.0,14.1,14.5,12.9154856,74.8837734,-17.2,285.9,8.156,0
08:24:39.359,44,107.0,1386.0,54.0,21.0,14.44,83.5,17.0,14.1,14.5,12.9154875,74.8837704,-17.2,285.6,8.149,0
08:24:39.448,44,107.0,1386.0,54.0,21.0,14.44,83.5,17.0,14.1,14.5,12.9154903,74.8837659,-17.3,285.2,8.138,0
08:24:39.509,44,107.0,1386.0,54.0,21.0,14.44,83.5,17.0,14.1,14.5,12.9154922,74.8837628,-17.4,284.9,8.131,0
08:24:39.599,44,107.0,1386.0,54.0,21.0,14.44,83.5,17.0,14.1,14.5,12.9154951,74.8837583,-17.5,284.5,8.12,0
08:24:39.661,44,107.0,1386.0,54.0,21.0,14.44,83.5,17.0,14.1,14.5,12.915497,74.8837552,-17.5,284.2,8.113,0
08:24:39.748,44,107.0,1386.0,54.0,21.0,14.44,83.5,17.0,14.1,14.5,12.9154998,74.8837508,-17.6,283.8,8.102,0
08:24:39.811,44,107.0,1395.0,54.0,21.0,14.44,83.5,17.0,14.1,14.5,12.9155018,74.8837476,-17.7,283.6,8.094,0
08:24:39.899,44,107.0,1395.0,55.0,21.0,14.44,83.5,17.0,14.1,14.5,12.9155045,74.8837432,-17.7,283.2,8.084,0
08:24:39.968,44,107.0,1395.0,55.0,21.0,14.44,83.5,17.0,14.1,14.5,12.9155067,74.8837397,-17.8,282.9,8.075,0
08:24:40.049,44,107.0,1395.0,55.0,21.0,14.61,83.5,17.0,14.1,14.5,12.9155093,74.8837356,-17.9,282.5,8.065,0
08:24:40.108,44,107.0,1395.0,55.0,21.0,14.61,83.5,17.0,14.1,14.5,12.9155111,74.8837327,-17.9,282.2,8.058,0
08:24:40.199,44,107.0,1395.0,55.0,21.0,14.61,83.5,17.0,14.1,14.5,12.915514,74.8837281,-18.0,281.8,8.047,0
08:24:40.289,44,107.0,1395.0,55.0,21.0,14.61,83.5,17.0,14.1,14.5,12.9155168,74.8837235,-18.1,281.4,8.036,0
08:24:40.350,44,107.0,1395.0,55.0,21.0,14.61,83.5,17.0,14.1,14.5,12.9155188,74.8837205,-18.2,281.1,8.029,0
08:24:40.409,44,107.0,1395.0,55.0,21.0,14.61,83.5,17.0,14.1,14.5,12.9155206,74.8837175,-18.2,280.9,8.022,0
08:24:40.499,44,107.0,1395.0,55.0,21.0,14.61,83.5,17.0,14.1,14.5,12.9155235,74.883713,-18.3,280.5,8.011,0
08:24:40.620,44,107.0,1405.0,55.0,21.0,14.61,83.5,17.0,14.1,14.5,12.9155273,74.8837069,-18.4,279.9,7.996,0
08:24:40.711,44,107.0,1405.0,55.0,21.0,14.61,83.5,17.0,14.1,14.5,12.9155302,74.8837023,-18.5,279.5,7.985,0
08:24:40.800,44,107.0,1405.0,55.0,21.0,14.61,83.5,17.0,14.1,14.5,12.915533,74.8836978,-18.6,279.1,7.974,0
08:24:40.862,44,107.0,1405.0,55.0,21.0,14.69,83.5,17.0,14.1,14.5,12.9155349,74.8836947,-18.6,278.8,7.967,0
08:24:40.948,44,107.0,1405.0,55.0,21.0,14.69,83.5,17.0,14.1,14.5,12.9155376,74.8836903,-18.7,278.4,7.956,0
08:24:41.009,44,107.0,1405.0,55.0,21.0,14.69,83.5,17.0,14.1,14.5,12.9155396,74.8836873,-18.8,278.2,7.949,0
08:24:41.099,44,107.0,1405.0,55.0,21.0,14.69,83.5,17.0,14.1,14.5,12.9155424,74.8836827,-18.9,277.8,7.938,0
08:24:41.160,44,107.0,1405.0,55.0,21.0,14.69,83.5,17.0,14.1,14.5,12.9155443,74.8836797,-18.9,277.5,7.931,0
08:24:41.248,44,107.0,1405.0,55.0,21.0,14.69,83.5,17.0,14.1,14.5,12.9155471,74.8836752,-19.0,277.1,7.92,0
08:24:41.309,44,107.0,1405.0,55.0,21.0,14.69,83.5,17.0,14.1,14.5,12.915549,74.8836722,-19.1,276.8,7.913,0
08:24:41.399,44,107.0,1417.0,55.0,21.0,14.69,83.5,17.0,14.1,14.5,12.9155519,74.8836676,-19.1,276.4,7.902,0
08:24:41.461,44,107.0,1417.0,55.0,21.0,14.69,83.5,17.0,14.1,14.5,12.9155538,74.8836645,-19.2,276.1,7.894,0
08:24:41.549,44,107.0,1417.0,55.0,21.0,14.69,83.5,17.0,14.1,14.5,12.9155566,74.8836601,-19.3,275.7,7.883,0
08:24:41.610,44,107.0,1417.0,55.0,21.0,14.72,83.5,17.0,14.1,14.5,12.9155585,74.883657,-19.3,275.4,7.876,0
08:24:41.699,44,107.0,1417.0,55.0,21.0,14.72,83.5,17.0,14.1,14.5,12.9155613,74.8836525,-19.4,275.0,7.865,0
08:24:41.760,44,107.0,1417.0,55.0,21.0,14.72,83.5,17.0,14.1,14.5,12.9155632,74.8836494,-19.5,274.8,7.858,0
08:24:41.848,44,107.0,1417.0,55.0,21.0,14.72,83.5,17.0,14.1,14.5,12.915566,74.883645,-19.6,274.4,7.847,0
08:24:41.909,44,107.0,1417.0,55.0,21.0,14.72,83.5,17.0,14.1,14.5,12.9155679,74.8836419,-19.6,274.1,7.84,0
08:24:42.000,44,107.0,1417.0,55.0,21.0,14.72,83.5,17.0,14.1,14.5,12.9155708,74.8836374,-19.7,273.7,7.829,0
08:24:42.062,44,107.0,1417.0,55.0,21.0,14.72,83.5,17.0,14.1,14.5,12.9155728,74.8836342,-19.8,273.4,7.821,0
08:24:42.148,44,107.0,1419.0,55.0,21.0,14.72,83.5,17.0,14.1,14.5,12.9155755,74.8836299,-19.8,273.0,7.811,0
08:24:42.209,44,107.0,1419.0,55.0,21.0,14.72,83.5,17.0,14.1,14.5,12.9155774,74.8836268,-19.9,272.7,7.803,0
08:24:42.328,44,107.0,1419.0,55.0,21.0,14.72,83.5,17.0,14.1,14.5,12.9155812,74.8836208,-20.0,272.2,7.789,0
08:24:42.420,44,107.0,1419.0,55.0,21.0,14.91,83.5,17.0,14.1,14.5,12.9155841,74.8836162,-20.1,271.8,7.778,0
08:24:42.508,44,107.0,1419.0,55.0,21.0,14.91,83.5,17.0,14.1,14.5,12.9155868,74.8836118,-20.2,271.4,7.767,0
08:24:42.599,44,107.0,1419.0,55.0,21.0,14.91,83.5,17.0,14.1,14.5,12.9155897,74.8836072,-20.3,271.0,7.756,0
08:24:42.660,44,107.0,1419.0,55.0,21.0,14.91,83.5,17.0,14.1,14.5,12.9155916,74.8836041,-20.3,270.7,7.749,0
08:24:42.748,44,107.0,1419.0,55.0,21.0,14.91,83.5,17.0,14.1,14.5,12.9155944,74.8835997,-20.4,270.3,7.738,0
08:24:42.809,44,107.0,1419.0,55.0,21.0,14.91,83.5,17.0,14.1,14.5,12.9155963,74.8835966,-20.5,270.0,7.731,0
08:24:42.899,44,108.0,1419.0,55.0,21.0,14.91,83.5,17.0,14.1,14.5,12.9155992,74.8835921,-20.5,269.6,7.72,0
08:24:42.961,44,108.0,1435.0,55.0,21.0,14.91,83.5,17.0,14.1,14.5,12.9156011,74.883589,-20.6,269.3,7.712,0
08:24:43.048,44,108.0,1435.0,56.0,21.0,14.91,83.5,17.0,14.1,14.5,12.9156039,74.8835846,-20.7,269.0,7.702,0
08:24:43.109,44,108.0,1435.0,56.0,21.0,14.91,83.5,17.0,14.1,14.5,12.9156058,74.8835815,-20.7,268.7,7.694,0
08:24:43.198,44,108.0,1435.0,56.0,21.0,14.86,83.5,17.0,14.1,14.5,12.9156086,74.883577,-20.8,268.3,7.683,0
08:24:43.260,44,108.0,1435.0,56.0,21.0,14.86,83.5,17.0,14.1,14.5,12.9156105,74.8835739,-20.9,268.0,7.676,0
08:24:43.348,44,108.0,1435.0,56.0,21.0,14.86,83.5,17.0,14.1,14.5,12.9156133,74.8835695,-21.0,267.6,7.665,0
08:24:43.410,44,108.0,1435.0,56.0,21.0,14.86,83.5,17.0,14.1,14.5,12.9156153,74.8835663,-21.0,267.3,7.658,0
08:24:43.499,44,108.0,1435.0,56.0,21.0,14.86,83.5,17.0,14.1,14.5,12.9156181,74.8835619,-21.1,266.9,7.647,0
08:24:43.560,44,108.0,1435.0,56.0,21.0,14.86,83.5,17.0,14.1,14.5,12.91562,74.8835588,-21.2,266.6,7.639,0
08:24:43.648,44,108.0,1435.0,56.0,21.0,14.86,83.5,17.0,14.1,14.5,12.9156228,74.8835544,-21.2,266.2,7.629,0
08:24:43.710,44,108.0,1438.0,56.0,21.0,14.86,83.5,17.0,14.1,14.5,12.9156247,74.8835512,-21.3,266.0,7.621,0
08:24:43.799,44,108.0,1438.0,56.0,21.0,14.86,83.5,17.0,14.1,14.5,12.9156275,74.8835468,-21.4,265.6,7.61,0
08:24:43.862,44,108.0,1438.0,56.0,22.0,14.86,83.5,17.0,14.1,14.5,12.9156295,74.8835436,-21.4,265.3,7.603,0
08:24:43.948,44,108.0,1438.0,56.0,22.0,15.02,83.5,17.0,14.1,14.5,12.9156322,74.8835393,-21.5,264.9,7.592,0
08:24:44.011,44,108.0,1438.0,56.0,22.0,15.02,83.5,17.0,14.1,14.5,12.9156342,74.8835361,-21.6,264.6,7.585,0
08:24:44.098,44,108.0,1438.0,56.0,22.0,15.02,83.5,17.0,14.1,14.5,12.915637,74.8835317,-21.7,264.2,7.574,0
08:24:44.159,44,108.0,1438.0,56.0,22.0,15.02,83.5,17.0,14.1,14.5,12.9156389,74.8835286,-21.7,263.9,7.567,0
08:24:44.248,44,108.0,1438.0,56.0,22.0,15.02,83.5,17.0,14.1,14.5,12.9156417,74.8835241,-21.8,263.5,7.556,0
08:24:44.310,44,108.0,1438.0,56.0,22.0,15.02,83.5,17.0,14.1,14.5,12.9156437,74.883521,-21.9,263.3,7.548,0
08:24:44.399,44,108.0,1438.0,56.0,22.0,15.02,83.5,17.0,14.1,14.5,12.9156465,74.8835165,-21.9,262.9,7.538,0
08:24:44.462,44,108.0,1444.0,56.0,22.0,15.02,83.5,17.0,14.1,14.5,12.9156485,74.8835134,-22.0,262.6,7.53,0
08:24:44.548,44,108.0,1444.0,56.0,22.0,15.02,83.5,17.0,14.1,14.5,12.9156512,74.883509,-22.1,262.2,7.52,0
08:24:44.609,44,108.0,1444.0,56.0,22.0,15.02,83.5,17.0,14.1,14.5,12.9156531,74.883506,-22.1,261.9,7.512,0
08:24:44.702,44,108.0,1444.0,56.0,22.0,15.05,83.5,17.0,14.1,14.5,12.915656,74.8835013,-22.2,261.5,7.501,0
08:24:44.761,44,108.0,1444.0,56.0,22.0,15.05,83.5,17.0,14.1,14.5,12.9156579,74.8834983,-22.3,261.2,7.494,0
08:24:44.848,44,108.0,1444.0,56.0,22.0,15.05,83.5,17.0,14.1,14.5,12.9156606,74.8834939,-22.4,260.8,7.483,0
08:24:44.910,44,108.0,1444.0,56.0,22.0,15.05,83.5,17.0,14.1,14.5,12.9156626,74.8834908,-22.4,260.6,7.476,0
08:24:45.000,44,108.0,1444.0,56.0,22.0,15.05,83.5,17.0,14.1,14.5,12.9156654,74.8834863,-22.5,260.1,7.465,0
08:24:45.070,44,108.0,1444.0,56.0,22.0,15.05,83.5,17.0,14.1,14.5,12.9156676,74.8834827,-22.6,259.8,7.456,0
08:24:45.148,44,108.0,1444.0,56.0,22.0,15.05,83.5,17.0,14.1,14.5,12.9156701,74.8834788,-22.6,259.5,7.447,0
08:24:45.209,44,108.0,1446.0,56.0,22.0,15.05,83.5,17.0,14.1,14.5,12.915672,74.8834757,-22.7,259.2,7.439,0
08:24:45.298,44,108.0,1446.0,56.0,22.0,15.05,83.5,17.0,14.1,14.5,12.9156748,74.8834713,-22.8,258.8,7.429,0
08:24:45.389,44,108.0,1446.0,56.0,21.0,15.05,83.5,17.0,14.1,14.5,12.9156777,74.8834667,-22.9,258.4,7.418,0
08:24:45.449,44,108.0,1446.0,56.0,21.0,15.02,83.5,17.0,14.1,14.5,12.9156796,74.8834637,-22.9,258.1,7.41,0
08:24:45.509,44,108.0,1446.0,56.0,21.0,15.02,83.5,17.0,14.1,14.5,12.9156815,74.8834606,-23.0,257.8,7.403,0
08:24:45.628,44,108.0,1446.0,56.0,21.0,15.02,83.5,17.0,14.1,14.5,12.9156852,74.8834546,-23.1,257.3,7.389,0
08:24:45.721,44,108.0,1446.0,56.0,21.0,15.02,83.5,17.0,14.1,14.5,12.9156882,74.88345,-23.2,256.9,7.377,0
08:24:45.808,44,108.0,1446.0,56.0,21.0,15.02,83.5,17.0,14.1,14.5,12.9156909,74.8834456,-23.3,256.5,7.367,0
08:24:45.900,44,108.0,1446.0,56.0,21.0,15.02,83.5,17.0,14.1,14.5,12.9156938,74.8834409,-23.3,256.1,7.356,0
08:24:45.961,44,108.0,1446.0,56.0,21.0,15.02,83.5,17.0,14.1,14.5,12.9156957,74.8834379,-23.4,255.8,7.348,0
08:24:46.049,44,108.0,1455.0,56.0,21.0,15.02,83.5,17.0,14.1,14.5,12.9156985,74.8834334,-23.5,255.4,7.337,0
08:24:46.109,44,108.0,1455.0,56.0,21.0,15.02,83.5,17.0,14.1,14.5,12.9157004,74.8834304,-23.5,255.1,7.33,0
08:24:46.199,44,108.0,1455.0,56.0,22.0,15.02,83.5,17.0,14.1,14.5,12.9157032,74.8834259,-23.6,254.7,7.319,0
08:24:46.260,44,108.0,1455.0,56.0,22.0,15.24,83.5,17.0,14.1,14.5,12.9157052,74.8834228,-23.7,254.5,7.312,0
08:24:46.350,44,108.0,1455.0,56.0,22.0,15.24,83.5,17.0,14.1,14.5,12.915708,74.8834183,-23.8,254.1,7.301,0
08:24:46.411,44,108.0,1455.0,56.0,22.0,15.24,83.5,17.0,14.1,14.5,12.9157099,74.8834152,-23.8,253.8,7.294,0
08:24:46.499,44,108.0,1455.0,56.0,22.0,15.24,83.5,17.0,14.1,14.5,12.9157127,74.8834108,-23.9,253.4,7.283,0
08:24:46.561,44,108.0,1455.0,56.0,22.0,15.24,83.5,17.0,14.1,14.5,12.9157147,74.8834077,-24.0,253.1,7.275,0
08:24:46.648,44,108.0,1455.0,56.0,22.0,15.24,83.5,17.0,14.1,14.5,12.9157159,74.8834023,-24.1,252.9,7.277,0
08:24:46.710,44,108.0,1455.0,56.0,22.0,15.24,83.5,17.0,14.1,14.5,12.9157158,74.8833978,-24.2,253.0,7.286,0
08:24:46.800,44,108.0,1462.0,56.0,22.0,15.24,83.5,17.0,14.1,14.5,12.9157156,74.8833913,-24.3,253.1,7.3,0
08:24:46.862,44,108.0,1462.0,57.0,22.0,15.24,83.5,17.0,14.1,14.5,12.9157154,74.8833868,-24.4,253.1,7.31,0
08:24:46.948,44,108.0,1462.0,57.0,21.0,15.24,83.5,17.0,14.1,14.5,12.9157152,74.8833805,-24.5,253.2,7.323,0
08:24:47.010,44,108.0,1462.0,57.0,21.0,14.97,83.5,17.0,14.1,14.5,12.9157151,74.883376,-24.6,253.2,7.333,0
08:24:47.098,44,108.0,1462.0,57.0,21.0,14.97,83.5,17.0,14.1,14.5,12.9157149,74.8833697,-24.8,253.3,7.347,0
08:24:47.159,44,108.0,1462.0,57.0,21.0,14.97,83.5,17.0,14.1,14.5,12.9157148,74.8833652,-24.9,253.4,7.356,0
08:24:47.249,44,108.0,1462.0,57.0,21.0,14.97,83.5,17.0,14.1,14.5,12.9157145,74.8833587,-25.0,253.5,7.37,0
08:24:47.310,44,108.0,1462.0,57.0,21.0,14.97,83.5,17.0,14.1,14.5,12.9157144,74.8833543,-25.1,253.5,7.38,0
08:24:47.399,44,108.0,1462.0,57.0,21.0,14.97,83.5,17.0,14.1,14.5,12.9157142,74.8833478,-25.3,253.6,7.394,0
08:24:47.461,44,108.0,1462.0,57.0,21.0,14.97,83.5,17.0,14.1,14.5,12.9157141,74.8833433,-25.4,253.6,7.403,0
08:24:47.549,44,108.0,1457.0,57.0,21.0,14.97,83.5,17.0,14.1,14.5,12.9157138,74.8833369,-25.5,253.7,7.417,0
08:24:47.610,44,108.0,1457.0,57.0,21.0,14.97,83.5,17.0,14.1,14.5,12.9157137,74.8833325,-25.6,253.8,7.427,0
08:24:47.700,44,108.0,1457.0,57.0,21.0,14.97,83.5,17.0,14.1,14.5,12.9157135,74.883326,-25.7,253.8,7.441,0
08:24:47.761,44,108.0,1457.0,57.0,21.0,14.99,83.5,17.0,14.1,14.5,12.9157134,74.8833216,-25.8,253.9,7.45,0
08:24:47.848,44,108.0,1457.0,57.0,21.0,14.99,83.5,17.0,14.1,14.5,12.9157132,74.8833152,-26.0,254.0,7.464,0
08:24:47.910,44,108.0,1457.0,57.0,21.0,14.99,83.5,17.0,14.1,14.5,12.915713,74.8833107,-26.1,254.0,7.473,0
08:24:48.000,44,108.0,1457.0,57.0,21.0,14.99,83.5,17.0,14.1,14.5,12.9157128,74.8833042,-26.2,254.1,7.487,0
08:24:48.064,44,108.0,1457.0,57.0,21.0,14.99,83.5,17.0,14.1,14.5,12.9157126,74.8832996,-26.3,254.1,7.497,0
08:24:48.148,44,108.0,1457.0,57.0,21.0,14.99,83.5,17.0,14.1,14.5,12.9157125,74.8832935,-26.5,254.2,7.51,0
08:24:48.209,44,108.0,1457.0,57.0,21.0,14.99,83.5,17.0,14.1,14.5,12.9157123,74.883289,-26.6,254.3,7.52,0
08:24:48.299,44,108.0,1467.0,57.0,21.0,14.99,83.5,17.0,14.1,14.5,12.9157121,74.8832825,-26.7,254.3,7.534,0
08:24:48.361,44,108.0,1467.0,57.0,21.0,14.99,83.5,17.0,14.1,14.5,12.915712,74.883278,-26.8,254.4,7.544,0
08:24:48.449,44,108.0,1467.0,57.0,21.0,14.99,83.5,17.0,14.1,14.5,12.9157118,74.8832716,-26.9,254.5,7.557,0
08:24:48.510,44,108.0,1467.0,57.0,21.0,15.02,83.5,17.0,14.1,14.5,12.9157116,74.8832672,-27.0,254.5,7.567,0
08:24:48.600,44,108.0,1467.0,57.0,21.0,15.02,83.5,17.0,14.1,14.5,12.9157114,74.8832607,-27.2,254.6,7.581,0
08:24:48.662,44,108.0,1467.0,57.0,21.0,15.02,83.5,17.0,14.1,14.5,12.9157113,74.8832562,-27.3,254.7,7.591,0
08:24:48.749,44,108.0,1467.0,57.0,21.0,15.02,83.5,17.0,14.1,14.5,12.9157111,74.8832499,-27.4,254.7,7.604,0
08:24:48.810,44,108.0,1467.0,57.0,21.0,15.02,83.5,17.0,14.1,14.5,12.9157109,74.8832454,-27.5,254.8,7.614,0
08:24:48.899,44,108.0,1467.0,57.0,21.0,15.02,83.5,17.0,14.1,14.5,12.9157107,74.883239,-27.7,254.9,7.627,0
08:24:48.959,44,108.0,1467.0,57.0,21.0,15.02,83.5,17.0,14.1,14.5,12.9157106,74.8832346,-27.8,254.9,7.637,0
08:24:49.048,44,108.0,1474.0,57.0,21.0,15.02,83.5,17.0,14.1,14.5,12.9157104,74.8832282,-27.9,255.0,7.651,0
08:24:49.109,44,108.0,1474.0,57.0,21.0,15.02,83.5,17.0,14.1,14.5,12.9157102,74.8832237,-28.0,255.0,7.66,0
08:24:49.198,44,108.0,1474.0,57.0,21.0,15.02,83.5,17.0,14.1,14.5,12.91571,74.8832173,-28.1,255.1,7.674,0
08:24:49.259,44,108.0,1474.0,57.0,21.0,15.44,83.5,17.0,14.1,14.5,12.9157099,74.8832129,-28.2,255.2,7.684,0
08:24:49.349,44,108.0,1474.0,57.0,21.0,15.44,83.5,17.0,14.1,14.5,12.9157097,74.8832063,-28.4,255.2,7.698,0
08:24:49.409,44,108.0,1474.0,57.0,21.0,15.44,83.5,17.0,14.1,14.5,12.9157095,74.883202,-28.5,255.3,7.707,0
08:24:49.499,44,108.0,1474.0,57.0,21.0,15.44,83.5,17.0,14.1,14.5,12.9157093,74.8831954,-28.6,255.4,7.721,0
08:24:49.562,44,108.0,1474.0,57.0,21.0,15.44,83.5,17.0,14.1,14.5,12.9157092,74.8831909,-28.7,255.4,7.731,0
08:24:49.648,45,108.0,1474.0,57.0,21.0,15.44,83.5,17.0,14.1,14.5,12.915709,74.8831846,-28.9,255.5,7.744,0
08:24:49.709,45,108.0,1474.0,57.0,21.0,15.44,83.5,17.0,14.1,14.5,12.9157088,74.8831802,-29.0,255.6,7.754,0
08:24:49.799,45,108.0,1464.0,57.0,21.0,15.44,83.5,17.0,14.1,14.5,12.9157086,74.8831737,-29.1,255.6,7.768,0
08:24:49.860,45,108.0,1464.0,57.0,21.0,15.44,83.5,17.0,14.1,14.5,12.9157085,74.8831693,-29.2,255.7,7.777,0
08:24:49.948,45,108.0,1464.0,57.0,21.0,15.44,83.5,17.0,14.1,14.5,12.9157083,74.8831629,-29.3,255.8,7.791,0
08:24:50.010,45,108.0,1464.0,57.0,21.0,15.13,83.5,17.0,14.1,14.5,12.9157081,74.8831584,-29.4,255.8,7.801,0
08:24:50.099,45,108.0,1464.0,57.0,21.0,15.13,83.5,17.0,14.1,14.5,12.9157079,74.8831519,-29.6,255.9,7.814,0
08:24:50.159,45,108.0,1464.0,57.0,21.0,15.13,83.5,17.0,14.1,14.5,12.9157078,74.8831476,-29.7,255.9,7.824,0
08:24:50.248,45,108.0,1464.0,57.0,21.0,15.13,83.5,17.0,14.1,14.5,12.9157076,74.8831411,-29.8,256.0,7.838,0
08:24:50.309,45,108.0,1464.0,57.0,21.0,15.13,83.5,17.0,14.1,14.5,12.9157074,74.8831367,-29.9,256.1,7.847,0
08:24:50.399,45,108.0,1464.0,57.0,21.0,15.13,83.5,17.0,14.1,14.5,12.9157072,74.8831301,-30.1,256.1,7.861,0
08:24:50.464,45,108.0,1464.0,57.0,21.0,15.13,83.5,17.0,14.1,14.5,12.9157071,74.8831254,-30.2,256.2,7.871,0
08:24:50.550,45,108.0,1456.0,57.0,21.0,15.13,83.5,17.0,14.1,14.5,12.9157069,74.8831192,-30.3,256.3,7.885,0
08:24:50.669,45,108.0,1456.0,57.0,21.0,15.13,83.5,17.0,14.1,14.5,12.9157066,74.8831105,-30.5,256.4,7.903,0
08:24:50.759,45,108.0,1456.0,57.0,21.0,15.13,83.5,17.0,14.1,14.5,12.9157064,74.883104,-30.6,256.5,7.917,0
08:24:50.848,45,108.0,1456.0,57.0,21.0,15.24,83.5,17.0,14.1,14.5,12.9157062,74.8830976,-30.8,256.5,7.931,0
08:24:50.911,45,108.0,1456.0,57.0,21.0,15.24,83.5,17.0,14.1,14.5,12.915706,74.883093,-30.9,256.6,7.941,0
08:24:51.001,45,108.0,1456.0,57.0,21.0,15.24,83.5,17.0,14.1,14.5,12.9157058,74.8830865,-31.0,256.7,7.955,0
08:24:51.061,45,108.0,1456.0,57.0,21.0,15.24,83.5,17.0,14.1,14.5,12.9157057,74.8830821,-31.1,256.7,7.964,0
08:24:51.148,45,108.0,1456.0,57.0,21.0,15.24,83.5,17.0,14.1,14.5,12.9157055,74.8830758,-31.3,256.8,7.978,0
08:24:51.209,45,108.0,1456.0,57.0,21.0,15.24,83.5,17.0,14.1,14.5,12.9157053,74.8830714,-31.4,256.8,7.987,0
08:24:51.299,45,108.0,1456.0,57.0,21.0,15.24,83.5,17.0,14.1,14.5,12.9157051,74.8830648,-31.5,256.9,8.001,0
08:24:51.360,45,108.0,1452.0,57.0,21.0,15.24,83.5,17.0,14.1,14.5,12.915705,74.8830604,-31.6,257.0,8.011,0
08:24:51.448,45,108.0,1452.0,56.0,21.0,15.24,83.5,17.0,14.1,14.5,12.9157048,74.883054,-31.7,257.0,8.025,0
08:24:51.510,45,108.0,1452.0,56.0,21.0,15.24,83.5,17.0,14.1,14.5,12.9157046,74.8830495,-31.8,257.1,8.034,0
08:24:51.600,45,108.0,1452.0,56.0,21.0,13.61,83.5,17.0,14.1,14.5,12.9157044,74.883043,-32.0,257.2,8.048,0
08:24:51.661,45,108.0,1452.0,56.0,21.0,13.61,83.5,17.0,14.1,14.5,12.9157043,74.8830386,-32.1,257.2,8.058,0
08:24:51.749,45,108.0,1452.0,56.0,21.0,13.61,83.5,17.0,14.1,14.5,12.9157041,74.8830322,-32.2,257.3,8.072,0
08:24:51.809,45,108.0,1452.0,56.0,21.0,13.61,83.5,17.0,14.1,14.5,12.9157039,74.8830278,-32.3,257.3,8.081,0
08:24:51.898,45,108.0,1452.0,56.0,21.0,13.61,83.5,17.0,14.1,14.5,12.9157037,74.8830214,-32.5,257.4,8.095,0
08:24:51.960,45,108.0,1452.0,56.0,21.0,13.61,83.5,17.0,14.1,14.5,12.9157036,74.8830169,-32.6,257.5,8.104,0
08:24:52.048,45,108.0,1452.0,56.0,21.0,13.61,83.5,17.0,14.1,14.5,12.9157034,74.8830105,-32.7,257.6,8.118,0
08:24:52.109,45,108.0,921.0,56.0,21.0,13.61,83.5,17.0,14.1,14.5,12.9157032,74.8830061,-32.8,257.6,8.128,0
08:24:52.198,45,108.0,921.0,57.0,21.0,13.61,83.5,17.0,14.1,14.5,12.915703,74.8829996,-32.9,257.7,8.141,0
08:24:52.258,45,108.0,921.0,57.0,20.0,13.61,83.5,17.0,14.1,14.5,12.9157029,74.8829953,-33.0,257.7,8.151,0
08:24:52.348,45,108.0,921.0,57.0,20.0,10.27,83.5,17.0,14.1,14.5,12.9157027,74.8829887,-33.2,257.8,8.165,0
08:24:52.408,45,108.0,921.0,57.0,20.0,10.27,83.5,17.0,14.1,14.5,12.9157025,74.8829844,-33.3,257.9,8.174,0
08:24:52.498,45,108.0,921.0,57.0,20.0,10.27,83.5,17.0,14.1,14.5,12.9157023,74.8829778,-33.4,257.9,8.188,0
08:24:52.559,45,108.0,921.0,57.0,20.0,10.27,83.5,17.0,14.1,14.5,12.9157022,74.8829734,-33.5,258.0,8.198,0
08:24:52.647,45,108.0,921.0,57.0,20.0,10.27,83.5,17.0,14.1,14.5,12.915702,74.882967,-33.7,258.1,8.211,0
08:24:52.708,45,108.0,921.0,57.0,20.0,10.27,83.5,17.0,14.1,14.5,12.9157018,74.8829626,-33.8,258.1,8.221,0
08:24:52.798,45,103.0,921.0,57.0,20.0,10.27,83.5,17.0,14.1,14.5,12.9157016,74.8829561,-33.9,258.2,8.235,0
08:24:52.858,45,103.0,1637.0,57.0,20.0,10.27,83.5,17.0,14.1,14.5,12.9157015,74.8829517,-34.0,258.2,8.244,0
08:24:52.947,45,103.0,1637.0,55.0,20.0,10.27,83.5,17.0,14.1,14.5,12.9157013,74.8829453,-34.1,258.3,8.258,0
08:24:53.009,45,103.0,1637.0,55.0,19.0,10.27,83.5,17.0,14.1,14.5,12.9157011,74.8829408,-34.2,258.4,8.268,0
08:24:53.097,45,103.0,1637.0,55.0,19.0,21.05,83.5,17.0,14.1,14.5,12.9157009,74.8829344,-34.4,258.5,8.282,0
08:24:53.158,45,103.0,1637.0,55.0,19.0,21.05,83.5,17.0,14.1,14.5,12.9157008,74.8829299,-34.5,258.5,8.291,0
08:24:53.247,45,103.0,1637.0,55.0,19.0,21.05,83.5,17.0,14.1,14.5,12.9157006,74.8829235,-34.6,258.6,8.305,0
08:24:53.309,45,103.0,1637.0,55.0,19.0,21.05,83.5,17.0,14.1,14.5,12.9157004,74.882919,-34.7,258.6,8.315,0
08:24:53.398,45,103.0,1637.0,55.0,19.0,21.05,83.5,17.0,14.1,14.5,12.9157002,74.8829125,-34.9,258.7,8.328,0
08:24:53.459,45,103.0,1637.0,55.0,19.0,21.05,83.5,17.0,14.1,14.5,12.9157001,74.8829081,-35.0,258.8,8.338,0
08:24:53.548,45,109.0,1637.0,55.0,19.0,21.05,83.5,17.0,14.1,14.5,12.9156999,74.8829016,-35.1,258.8,8.352,0
08:24:53.609,45,109.0,2047.0,55.0,19.0,21.05,83.5,17.0,14.1,14.5,12.9156997,74.8828972,-35.2,258.9,8.361,0
08:24:53.698,45,109.0,2047.0,55.0,19.0,21.05,83.5,17.0,14.1,14.5,12.9156995,74.8828908,-35.3,259.0,8.375,0
08:24:53.759,45,109.0,2047.0,55.0,23.0,21.05,83.5,17.0,14.1,14.5,12.9156994,74.8828863,-35.4,259.0,8.385,0
08:24:53.848,45,109.0,2047.0,55.0,23.0,23.05,83.5,17.0,14.1,14.5,12.9156992,74.8828799,-35.6,259.1,8.399,0
08:24:53.909,45,109.0,2047.0,55.0,23.0,23.05,83.5,17.0,14.1,14.5,12.915699,74.8828755,-35.7,259.1,8.408,0
08:24:53.998,45,109.0,2047.0,55.0,23.0,23.05,83.5,17.0,14.1,14.5,12.9156988,74.882869,-35.8,259.2,8.422,0
08:24:54.059,45,109.0,2047.0,55.0,23.0,23.05,83.5,17.0,14.1,14.5,12.9156987,74.8828646,-35.9,259.3,8.431,0
08:24:54.178,45,109.0,2047.0,55.0,23.0,23.05,83.5,17.0,14.1,14.5,12.9156984,74.8828559,-36.1,259.4,8.45,0
08:24:54.239,45,109.0,2047.0,55.0,23.0,23.05,83.5,17.0,14.1,14.5,12.9156983,74.8828515,-36.2,259.4,8.459,0
08:24:54.299,45,114.0,2047.0,55.0,23.0,23.05,83.5,17.0,14.1,14.5,12.9156981,74.8828472,-36.3,259.5,8.469,0
08:24:54.359,45,114.0,1986.0,55.0,23.0,23.05,83.5,17.0,14.1,14.5,12.915698,74.8828428,-36.4,259.5,8.478,0
08:24:54.447,45,114.0,1986.0,53.0,23.0,23.05,83.5,17.0,14.1,14.5,12.9156978,74.8828364,-36.5,259.6,8.492,0
08:24:54.508,45,114.0,1986.0,53.0,23.0,23.05,83.5,17.0,14.1,14.5,12.9156977,74.882832,-36.6,259.7,8.501,0
08:24:54.598,45,114.0,1986.0,53.0,23.0,21.74,83.5,17.0,14.1,14.5,12.9156974,74.8828255,-36.8,259.7,8.515,0
08:24:54.659,45,114.0,1986.0,53.0,23.0,21.74,83.5,17.0,14.1,14.5,12.9156973,74.882821,-36.9,259.8,8.525,0
08:24:54.747,45,114.0,1986.0,53.0,23.0,21.74,83.5,17.0,14.1,14.5,12.9156971,74.8828146,-37.0,259.9,8.539,0
08:24:54.837,45,114.0,1986.0,53.0,23.0,21.74,83.5,17.0,14.1,14.5,12.9156969,74.8828081,-37.2,259.9,8.553,0
08:24:54.928,45,114.0,1986.0,53.0,23.0,21.74,83.5,17.0,14.1,14.5,12.9156967,74.8828015,-37.3,260.0,8.567,0
08:24:54.989,45,114.0,1986.0,53.0,23.0,21.74,83.5,17.0,14.1,14.5,12.9156965,74.8827971,-37.4,260.1,8.576,0
08:24:55.048,45,114.0,1986.0,53.0,23.0,21.74,83.5,17.0,14.1,14.5,12.9156964,74.8827928,-37.5,260.1,8.586,0
08:24:55.109,45,114.0,1813.0,53.0,23.0,21.74,83.5,17.0,14.1,14.5,12.9156963,74.8827884,-37.6,260.2,8.595,0
08:24:55.198,45,114.0,1813.0,48.0,23.0,21.74,83.5,17.0,14.1,14.5,12.915696,74.8827819,-37.7,260.2,8.609,0
08:24:55.259,45,114.0,1813.0,48.0,23.0,21.74,83.5,17.0,14.1,14.5,12.9156959,74.8827775,-37.8,260.3,8.618,0
08:24:55.348,45,114.0,1813.0,48.0,23.0,18.83,83.5,17.0,14.1,14.5,12.9156957,74.882771,-38.0,260.4,8.632,0
08:24:55.438,45,114.0,1813.0,48.0,23.0,18.83,83.5,17.0,14.1,14.5,12.9156955,74.8827645,-38.1,260.5,8.646,0
08:24:55.498,45,114.0,1813.0,48.0,23.0,18.83,83.5,17.0,14.1,14.5,12.9156953,74.8827602,-38.2,260.5,8.656,0
08:24:55.588,45,114.0,1813.0,48.0,23.0,18.83,83.5,17.0,14.1,14.5,12.9156951,74.8827536,-38.4,260.6,8.67,0
08:24:55.649,45,114.0,1813.0,48.0,23.0,18.83,83.5,17.0,14.1,14.5,12.915695,74.8827492,-38.5,260.6,8.679,0
08:24:55.738,45,114.0,1813.0,48.0,23.0,18.83,83.5,17.0,14.1,14.5,12.9156948,74.8827427,-38.6,260.7,8.693,0
08:24:55.799,45,114.0,1813.0,48.0,23.0,18.83,83.5,17.0,14.1,14.5,12.9156946,74.8827383,-38.7,260.8,8.703,0
08:24:55.888,45,114.0,1548.0,48.0,23.0,18.83,83.5,17.0,14.1,14.5,12.9156944,74.8827319,-38.8,260.8,8.716,0
08:24:55.948,45,114.0,1548.0,42.0,23.0,18.83,83.5,17.0,14.1,14.5,12.9156943,74.8827275,-38.9,260.9,8.726,0
08:24:56.038,45,114.0,1548.0,42.0,22.0,18.83,83.5,17.0,14.1,14.5,12.9156941,74.882721,-39.1,261.0,8.74,0
08:24:56.099,45,114.0,1548.0,42.0,22.0,15.47,83.5,17.0,14.1,14.5,12.9156939,74.8827165,-39.2,261.0,8.749,0
08:24:56.188,45,114.0,1548.0,42.0,22.0,15.47,83.5,17.0,14.1,14.5,12.9156937,74.8827101,-39.3,261.1,8.763,0
08:24:56.249,45,114.0,1548.0,42.0,22.0,15.47,83.5,17.0,14.1,14.5,12.9156936,74.8827057,-39.4,261.1,8.773,0
08:24:56.338,45,114.0,1548.0,42.0,22.0,15.47,83.5,17.0,14.1,14.5,12.9156934,74.8826992,-39.6,261.2,8.787,0
08:24:56.399,45,114.0,1548.0,42.0,22.0,15.47,83.5,17.0,14.1,14.5,12.9156933,74.8826948,-39.7,261.3,8.796,0
08:24:56.488,45,114.0,1548.0,42.0,22.0,15.47,83.5,17.0,14.1,14.5,12.915693,74.8826883,-39.8,261.3,8.81,0
08:24:56.548,45,112.0,1548.0,42.0,22.0,15.47,83.5,17.0,14.1,14.5,12.9156929,74.882684,-39.9,261.4,8.819,0
08:24:56.638,45,112.0,1088.0,42.0,22.0,15.47,83.5,17.0,14.1,14.5,12.9156927,74.8826774,-40.0,261.5,8.833,0
08:24:56.699,45,112.0,1088.0,35.0,22.0,15.47,83.5,17.0,14.1,14.5,12.9156926,74.882673,-40.1,261.5,8.843,0
08:24:56.788,45,112.0,1088.0,35.0,21.0,15.47,83.5,17.0,14.1,14.5,12.9156923,74.8826666,-40.3,261.6,8.857,0
08:24:56.849,45,112.0,1088.0,35.0,21.0,8.36,83.5,17.0,14.1,14.5,12.9156922,74.8826621,-40.4,261.7,8.866,0
08:24:56.938,45,112.0,1088.0,35.0,21.0,8.36,83.5,17.0,14.1,14.5,12.915692,74.8826557,-40.5,261.7,8.88,0
08:24:56.999,45,112.0,1088.0,35.0,21.0,8.36,83.5,17.0,14.1,14.5,12.9156919,74.8826512,-40.6,261.8,8.89,0
08:24:57.087,45,112.0,1088.0,35.0,21.0,8.36,83.5,17.0,14.1,14.5,12.9156916,74.8826449,-40.8,261.9,8.903,0
08:24:57.149,45,112.0,1088.0,35.0,21.0,8.36,83.5,17.0,14.1,14.5,12.9156915,74.8826404,-40.9,261.9,8.913,0
08:24:57.238,45,112.0,1088.0,35.0,21.0,8.36,83.5,17.0,14.1,14.5,12.9156913,74.8826339,-41.0,262.0,8.927,0
08:24:57.299,45,107.0,1088.0,35.0,21.0,8.36,83.5,17.0,14.1,14.5,12.9156912,74.8826295,-41.1,262.0,8.936,0
08:24:57.388,45,107.0,914.0,35.0,21.0,8.36,83.5,17.0,14.1,14.5,12.9156909,74.882623,-41.2,262.1,8.95,0
08:24:57.448,45,107.0,914.0,30.0,21.0,8.36,83.5,17.0,14.1,14.5,12.9156908,74.8826187,-41.3,262.2,8.959,0
08:24:57.538,45,107.0,914.0,30.0,19.0,8.36,83.5,17.0,14.1,14.5,12.9156906,74.8826121,-41.5,262.2,8.974,0
08:24:57.599,45,107.0,914.0,30.0,19.0,9.83,83.5,17.0,14.1,14.5,12.9156905,74.8826077,-41.6,262.3,8.983,0
08:24:57.688,45,107.0,914.0,30.0,19.0,9.83,83.5,17.0,14.1,14.5,12.9156903,74.8826012,-41.7,262.4,8.997,0
08:24:57.748,45,107.0,914.0,30.0,19.0,9.83,83.5,17.0,14.1,14.5,12.9156901,74.8825969,-41.8,262.4,9.006,0
08:24:57.838,45,107.0,914.0,30.0,19.0,9.83,83.5,17.0,14.1,14.5,12.9156899,74.8825904,-42.0,262.5,9.02,0
08:24:57.899,45,107.0,914.0,30.0,19.0,9.83,83.5,17.0,14.1,14.5,12.9156898,74.8825859,-42.0,262.6,9.03,0
08:24:57.988,45,107.0,914.0,30.0,19.0,9.83,83.5,17.0,14.1,14.5,12.9156896,74.8825795,-42.2,262.6,9.044,0
08:24:58.049,45,104.0,914.0,30.0,19.0,9.83,83.5,17.0,14.1,14.5,12.9156894,74.8825751,-42.3,262.7,9.053,0
08:24:58.138,45,104.0,907.0,30.0,19.0,9.83,83.5,17.0,14.1,14.5,12.9156892,74.8825686,-42.4,262.8,9.067,0
08:24:58.199,45,104.0,907.0,25.0,19.0,9.83,83.5,17.0,14.1,14.5,12.9156891,74.8825642,-42.5,262.8,9.076,0
08:24:58.288,45,104.0,907.0,25.0,18.0,9.83,83.5,17.0,14.1,14.5,12.9156889,74.8825577,-42.7,262.9,9.09,0
08:24:58.348,45,104.0,907.0,25.0,18.0,9.22,83.5,17.0,14.1,14.5,12.9156887,74.8825534,-42.8,262.9,9.1,0
08:24:58.438,45,104.0,907.0,25.0,18.0,9.22,83.5,17.0,14.1,14.5,12.9156885,74.8825468,-42.9,263.0,9.114,0
08:24:58.499,45,104.0,907.0,25.0,18.0,9.22,83.5,17.0,14.1,14.5,12.9156884,74.8825424,-43.0,263.1,9.123,0
08:24:58.588,45,104.0,907.0,25.0,18.0,9.22,83.5,17.0,14.1,14.5,12.9156882,74.8825359,-43.1,263.1,9.137,0
08:24:58.649,45,104.0,907.0,25.0,18.0,9.22,83.5,17.0,14.1,14.5,12.915688,74.8825315,-43.2,263.2,9.147,0
08:24:58.738,45,104.0,907.0,25.0,18.0,9.22,83.5,17.0,14.1,14.5,12.9156878,74.8825251,-43.4,263.3,9.16,0
08:24:58.799,45,103.0,907.0,25.0,18.0,9.22,83.5,17.0,14.1,14.5,12.9156877,74.8825206,-43.5,263.3,9.17,0
08:24:58.888,45,103.0,904.0,25.0,18.0,9.22,83.5,17.0,14.1,14.5,12.9156875,74.8825142,-43.6,263.4,9.184,0
08:24:58.948,45,103.0,904.0,20.0,18.0,9.22,83.5,17.0,14.1,14.5,12.9156873,74.8825098,-43.7,263.5,9.193,0
08:24:59.037,45,103.0,904.0,20.0,18.0,9.22,83.5,17.0,14.1,14.5,12.9156871,74.8825034,-43.9,263.5,9.207,0
08:24:59.098,45,103.0,904.0,20.0,18.0,8.97,83.5,17.0,14.1,14.5,12.915687,74.8824989,-44.0,263.6,9.217,0
08:24:59.188,45,103.0,904.0,20.0,18.0,8.97,83.5,17.0,14.1,14.5,12.9156873,74.8824928,-43.8,264.0,9.233,0
08:24:59.249,45,103.0,904.0,20.0,18.0,8.97,83.5,17.0,14.1,14.5,12.9156876,74.8824888,-43.7,264.3,9.244,0
08:24:59.338,45,103.0,904.0,20.0,18.0,8.97,83.5,17.0,14.1,14.5,12.9156881,74.8824829,-43.5,264.8,9.261,0
08:24:59.399,45,103.0,904.0,20.0,18.0,8.97,83.5,17.0,14.1,14.5,12.9156884,74.8824789,-43.4,265.2,9.273,0
08:24:59.488,45,103.0,904.0,20.0,18.0,8.97,83.5,17.0,14.1,14.5,12.9156888,74.882473,-43.2,265.7,9.29,0
08:24:59.549,45,103.0,904.0,20.0,18.0,8.97,83.5,17.0,14.1,14.5,12.9156892,74.8824689,-43.0,266.0,9.301,0
08:24:59.638,45,103.0,906.0,20.0,18.0,8.97,83.5,17.0,14.1,14.5,12.9156896,74.882463,-42.8,266.5,9.318,0
08:24:59.699,45,103.0,906.0,14.0,18.0,8.97,83.5,17.0,14.1,14.5,12.9156899,74.882459,-42.7,266.9,9.329,0
08:24:59.788,45,103.0,906.0,14.0,18.0,8.97,83.5,17.0,14.1,14.5,12.9156904,74.8824531,-42.5,267.4,9.346,0
08:24:59.849,45,103.0,906.0,14.0,18.0,8.97,83.5,17.0,14.1,14.5,12.9156907,74.8824491,-42.4,267.7,9.358,0
08:24:59.938,45,103.0,906.0,14.0,18.0,8.97,83.5,17.0,14.1,14.5,12.9156912,74.8824432,-42.2,268.2,9.375,0
08:24:59.999,45,103.0,906.0,14.0,18.0,8.97,83.5,17.0,14.1,14.5,12.9156915,74.8824391,-42.0,268.6,9.386,0
08:25:00.088,45,103.0,906.0,14.0,18.0,8.97,83.5,17.0,14.1,14.5,12.915692,74.8824332,-41.8,269.1,9.403,0
08:25:00.149,45,103.0,906.0,14.0,18.0,8.97,83.5,17.0,14.1,14.5,12.9156923,74.8824292,-41.7,269.4,9.415,0
08:25:00.238,45,103.0,906.0,14.0,18.0,8.97,83.5,17.0,14.1,14.5,12.9156927,74.8824233,-41.5,269.9,9.431,0
08:25:00.299,45,103.0,906.0,14.0,18.0,8.97,83.5,17.0,14.1,14.5,12.9156931,74.8824193,-41.4,270.3,9.443,0
08:25:00.388,45,103.0,904.0,14.0,18.0,8.97,83.5,17.0,14.1,14.5,12.9156935,74.8824134,-41.2,270.8,9.46,0
08:25:00.449,45,103.0,904.0,11.0,18.0,8.97,83.5,17.0,14.1,14.5,12.9156938,74.8824093,-41.0,271.1,9.471,0
08:25:00.538,45,103.0,904.0,11.0,18.0,8.97,83.5,17.0,14.1,14.5,12.9156943,74.8824034,-40.8,271.6,9.488,0
08:25:00.658,45,103.0,904.0,11.0,18.0,8.74,83.5,17.0,14.1,14.5,12.9156949,74.8823955,-40.6,272.3,9.511,0
08:25:00.748,45,103.0,904.0,11.0,18.0,8.74,83.5,17.0,14.1,14.5,12.9156954,74.8823895,-40.4,272.8,9.528,0
08:25:00.838,45,103.0,904.0,11.0,18.0,8.74,83.5,17.0,14.1,14.5,12.9156959,74.8823836,-40.2,273.3,9.545,0
08:25:00.899,45,103.0,904.0,11.0,18.0,8.74,83.5,17.0,21.6,14.5,12.9156962,74.8823795,-40.0,273.7,9.556,0
08:25:00.988,45,103.0,904.0,11.0,18.0,8.74,83.5,17.0,21.6,23.1,12.9156967,74.8823736,-39.8,274.2,9.573,0
08:25:01.049,45,103.0,904.0,11.0,18.0,8.74,83.5,17.0,21.6,23.1,12.915697,74.8823696,-39.7,274.5,9.585,0
08:25:01.138,45,103.0,904.0,11.0,18.0,8.74,83.5,17.0,21.6,23.1,12.9156974,74.8823637,-39.5,275.0,9.602,0
08:25:01.199,45,103.0,1029.0,11.0,18.0,8.74,83.5,17.0,21.6,23.1,12.9156978,74.8823597,-39.4,275.4,9.613,0
08:25:01.287,45,103.0,1029.0,13.0,18.0,8.74,83.5,17.0,21.6,23.1,12.9156982,74.8823538,-39.2,275.9,9.63,0
08:25:01.348,45,103.0,1029.0,13.0,18.0,8.74,83.5,17.0,21.6,23.1,12.9156985,74.8823498,-39.0,276.2,9.641,0
08:25:01.438,45,103.0,1029.0,13.0,18.0,13.49,83.5,17.0,21.6,23.1,12.915699,74.8823438,-38.8,276.7,9.658,0
08:25:01.499,45,103.0,1029.0,13.0,18.0,13.49,83.5,17.0,21.6,23.1,12.9156993,74.8823398,-38.7,277.1,9.67,0
08:25:01.588,45,103.0,1029.0,13.0,18.0,13.49,83.5,17.0,21.6,23.1,12.9156998,74.8823339,-38.5,277.6,9.687,0
08:25:01.649,45,103.0,1029.0,13.0,18.0,13.49,83.5,17.0,31.8,23.1,12.9157001,74.8823299,-38.4,277.9,9.698,0
08:25:01.738,45,103.0,1029.0,13.0,18.0,13.49,83.5,17.0,31.8,32.2,12.9157006,74.882324,-38.2,278.4,9.715,0
08:25:01.799,45,103.0,1029.0,13.0,18.0,13.49,83.5,17.0,31.8,32.2,12.9157009,74.8823199,-38.0,278.8,9.727,0
08:25:01.888,45,106.0,1029.0,13.0,18.0,13.49,83.5,17.0,31.8,32.2,12.9157014,74.882314,-37.8,279.3,9.743,0
08:25:01.948,45,106.0,989.0,13.0,18.0,13.49,83.5,17.0,31.8,32.2,12.9157017,74.8823101,-37.7,279.6,9.755,0
08:25:02.038,45,106.0,989.0,17.0,18.0,13.49,83.5,17.0,31.8,32.2,12.9157021,74.8823041,-37.5,280.1,9.772,0
08:25:02.099,45,106.0,989.0,17.0,21.0,13.49,83.5,17.0,31.8,32.2,12.9157025,74.8823001,-37.4,280.5,9.783,0
08:25:02.188,45,106.0,989.0,17.0,21.0,17.63,83.5,17.0,31.8,32.2,12.9157029,74.8822942,-37.2,281.0,9.8,0
08:25:02.249,45,106.0,989.0,17.0,21.0,17.63,83.5,17.0,31.8,32.2,12.9157032,74.8822901,-37.0,281.3,9.812,0
08:25:02.338,45,106.0,989.0,17.0,21.0,17.63,83.5,17.0,31.8,32.2,12.9157037,74.8822842,-36.8,281.8,9.829,0
08:25:02.399,45,106.0,989.0,17.0,21.0,17.63,83.5,17.0,51.0,32.2,12.915704,74.8822802,-36.7,282.2,9.84,0
08:25:02.488,45,106.0,989.0,17.0,21.0,17.63,83.5,17.0,51.0,52.2,12.9157045,74.8822743,-36.5,282.7,9.857,0
08:25:02.549,45,106.0,989.0,17.0,21.0,17.63,83.5,17.0,51.0,52.2,12.9157048,74.8822703,-36.4,283.0,9.868,0
08:25:02.638,45,112.0,989.0,17.0,21.0,17.63,83.5,17.0,51.0,52.2,12.9157053,74.8822644,-36.2,283.5,9.885,0
08:25:02.699,45,112.0,1308.0,17.0,21.0,17.63,83.5,17.0,51.0,52.2,12.9157056,74.8822603,-36.0,283.9,9.897,0
08:25:02.788,45,112.0,1308.0,22.0,21.0,17.63,83.5,17.0,51.0,52.2,12.915706,74.8822544,-35.8,284.4,9.914,0
08:25:02.849,45,112.0,1308.0,22.0,23.0,17.63,83.5,17.0,51.0,52.2,12.9157064,74.8822504,-35.7,284.7,9.925,0
08:25:02.938,45,112.0,1308.0,22.0,23.0,27.19,83.5,17.0,51.0,52.2,12.9157068,74.8822445,-35.5,285.2,9.942,0
08:25:02.999,45,112.0,1308.0,22.0,23.0,27.19,83.5,17.0,51.0,52.2,12.9157071,74.8822405,-35.4,285.5,9.954,0
08:25:03.088,45,112.0,1308.0,22.0,23.0,27.19,83.5,17.0,51.0,52.2,12.9157076,74.8822346,-35.2,286.1,9.97,0
08:25:03.149,45,112.0,1308.0,22.0,23.0,27.19,83.5,17.0,44.3,52.2,12.9157079,74.8822305,-35.0,286.4,9.982,0
08:25:03.238,45,112.0,1308.0,22.0,23.0,27.19,83.5,17.0,44.3,41.2,12.9157084,74.8822246,-34.8,286.9,9.999,0
08:25:03.299,45,112.0,1308.0,22.0,23.0,27.19,83.5,17.0,44.3,41.2,12.9157087,74.8822206,-34.7,287.2,10.01,0
08:25:03.388,45,132.0,1308.0,22.0,23.0,27.19,83.5,17.0,44.3,41.2,12.9157092,74.8822147,-34.5,287.7,10.027,0
08:25:03.449,45,132.0,1567.0,22.0,23.0,27.19,83.5,17.0,44.3,41.2,12.9157095,74.8822107,-34.4,288.1,10.039,0
08:25:03.538,45,132.0,1567.0,28.0,23.0,27.19,83.5,17.0,44.3,41.2,12.91571,74.8822048,-34.2,288.6,10.055,0
08:25:03.599,45,132.0,1567.0,28.0,23.0,27.19,83.5,17.0,44.3,41.2,12.9157103,74.8822007,-34.0,288.9,10.067,0
08:25:03.688,45,132.0,1567.0,28.0,23.0,26.02,83.5,17.0,44.3,41.2,12.9157107,74.8821948,-33.8,289.4,10.084,0
08:25:03.749,45,132.0,1567.0,28.0,23.0,26.02,31.0,17.0,44.3,41.2,12.9157111,74.8821908,-33.7,289.8,10.095,0
08:25:03.838,45,132.0,1567.0,28.0,23.0,26.02,31.0,17.0,44.3,41.2,12.9157115,74.8821849,-33.5,290.3,10.112,0
08:25:03.899,45,132.0,1567.0,28.0,23.0,26.02,31.0,17.0,14.1,41.2,12.9157118,74.8821809,-33.4,290.6,10.124,0
08:25:03.988,45,132.0,1567.0,28.0,23.0,26.02,31.0,17.0,14.1,14.5,12.9157123,74.882175,-33.2,291.1,10.141,0
08:25:04.049,45,132.0,1567.0,28.0,23.0,26.02,31.0,17.0,14.1,14.5,12.9157126,74.8821709,-33.0,291.5,10.152,0
08:25:04.138,45,105.0,1567.0,28.0,23.0,26.02,31.0,17.0,14.1,14.5,12.9157131,74.882165,-32.8,292.0,10.169,0
08:25:04.199,45,105.0,907.0,28.0,23.0,26.02,31.0,17.0,14.1,14.5,12.9157134,74.882161,-32.7,292.3,10.18,0
08:25:04.288,45,105.0,907.0,28.0,23.0,26.02,31.0,17.0,14.1,14.5,12.9157139,74.8821551,-32.5,292.8,10.197,0
08:25:04.349,45,105.0,907.0,28.0,25.0,26.02,31.0,17.0,14.1,14.5,12.9157142,74.8821511,-32.4,293.2,10.209,0
08:25:04.438,45,105.0,907.0,28.0,25.0,8.55,31.0,17.0,14.1,14.5,12.9157147,74.8821452,-32.2,293.7,10.226,0
08:25:04.500,45,105.0,907.0,28.0,25.0,8.55,83.5,17.0,14.1,14.5,12.915715,74.8821411,-32.0,294.0,10.237,0
08:25:04.588,45,105.0,907.0,28.0,25.0,8.55,83.5,17.0,14.1,14.5,12.9157154,74.8821352,-31.8,294.5,10.254,0
08:25:04.648,45,105.0,907.0,28.0,25.0,8.55,83.5,17.0,14.1,14.5,12.9157157,74.8821313,-31.7,294.9,10.265,0
08:25:04.738,45,105.0,907.0,28.0,25.0,8.55,83.5,17.0,14.1,14.5,12.9157162,74.8821253,-31.5,295.4,10.282,0
08:25:04.799,45,105.0,907.0,28.0,25.0,8.55,83.5,17.0,14.1,14.5,12.9157165,74.8821213,-31.4,295.7,10.294,0
08:25:04.888,45,106.0,907.0,28.0,25.0,8.55,83.5,17.0,14.1,14.5,12.915717,74.8821154,-31.2,296.2,10.311,0
08:25:04.949,45,106.0,908.0,28.0,25.0,8.55,83.5,17.0,14.1,14.5,12.9157173,74.8821113,-31.0,296.6,10.322,0
08:25:05.038,45,106.0,908.0,29.0,25.0,8.55,83.5,17.0,14.1,14.5,12.9157178,74.8821054,-30.8,297.1,10.339,0
08:25:05.099,45,106.0,908.0,29.0,21.0,8.55,83.5,17.0,14.1,14.5,12.9157181,74.8821014,-30.7,297.4,10.351,0
08:25:05.188,45,106.0,908.0,29.0,21.0,9.66,83.5,17.0,14.1,14.5,12.9157186,74.8820955,-30.5,297.9,10.367,0
08:25:05.249,45,106.0,908.0,29.0,21.0,9.66,83.5,17.0,14.1,14.5,12.9157189,74.8820915,-30.4,298.3,10.379,0
08:25:05.338,45,106.0,908.0,29.0,21.0,9.66,83.5,17.0,14.1,14.5,12.9157193,74.8820856,-30.2,298.8,10.396,0
08:25:05.399,45,106.0,908.0,29.0,21.0,9.66,83.5,17.0,14.1,14.5,12.9157197,74.8820815,-30.0,299.1,10.407,0
08:25:05.488,45,106.0,908.0,29.0,21.0,9.66,83.5,17.0,14.1,14.5,12.9157201,74.8820756,-29.8,299.6,10.424,0
08:25:05.549,45,106.0,908.0,29.0,21.0,9.66,83.5,17.0,14.1,14.5,12.9157204,74.8820716,-29.7,300.0,10.436,0
08:25:05.639,45,105.0,908.0,29.0,21.0,9.66,83.5,17.0,14.1,14.5,12.9157209,74.8820656,-29.5,300.5,10.453,0
08:25:05.700,45,105.0,908.0,29.0,21.0,9.66,83.5,17.0,14.1,14.5,12.9157212,74.8820616,-29.4,300.8,10.464,0
08:25:05.788,45,105.0,908.0,30.0,21.0,9.66,83.5,17.0,14.1,14.5,12.9157217,74.8820558,-29.2,301.3,10.481,0
08:25:05.849,45,105.0,908.0,30.0,18.0,9.66,83.5,17.0,14.1,14.5,12.915722,74.8820517,-29.0,301.7,10.492,0
08:25:05.938,45,105.0,908.0,30.0,18.0,9.16,83.5,17.0,14.1,14.5,12.9157225,74.8820458,-28.8,302.2,10.509,0
08:25:05.999,45,105.0,908.0,30.0,18.0,9.16,83.5,17.0,14.1,14.5,12.9157228,74.8820418,-28.7,302.5,10.521,0
08:25:06.088,45,105.0,908.0,30.0,18.0,9.16,83.5,17.0,14.1,14.5,12.9157233,74.8820359,-28.5,303.0,10.538,0
08:25:06.149,45,105.0,908.0,30.0,18.0,9.16,83.5,17.0,14.1,14.5,12.9157236,74.8820319,-28.4,303.4,10.549,0
08:25:06.238,45,105.0,908.0,30.0,18.0,9.16,83.5,17.0,14.1,14.5,12.915724,74.882026,-28.2,303.9,10.566,0
08:25:06.299,46,105.0,908.0,30.0,18.0,9.16,83.5,17.0,14.1,14.5,12.9157244,74.8820219,-28.0,304.2,10.578,0
08:25:06.388,46,104.0,908.0,30.0,18.0,9.16,83.5,17.0,14.1,14.5,12.9157248,74.882016,-27.8,304.7,10.594,0
08:25:06.449,46,104.0,904.0,30.0,18.0,9.16,83.5,17.0,14.1,14.5,12.9157251,74.882012,-27.7,305.1,10.606,0
08:25:06.538,46,104.0,904.0,30.0,18.0,9.16,83.5,17.0,14.1,14.5,12.9157256,74.8820061,-27.5,305.6,10.623,0
08:25:06.599,46,104.0,904.0,30.0,18.0,9.16,83.5,17.0,14.1,14.5,12.9157259,74.8820021,-27.4,305.9,10.634,0
08:25:06.688,46,104.0,904.0,30.0,18.0,9.08,83.5,17.0,14.1,14.5,12.9157264,74.8819962,-27.2,306.4,10.651,0
08:25:06.749,46,104.0,904.0,30.0,18.0,9.08,83.5,17.0,14.1,14.5,12.9157267,74.8819921,-27.0,306.8,10.663,0
08:25:06.868,46,104.0,904.0,30.0,18.0,9.08,83.5,17.0,14.1,14.5,12.9157273,74.8819842,-26.8,307.4,10.685,0
08:25:06.958,46,104.0,904.0,30.0,18.0,9.08,83.5,17.0,14.1,14.5,12.9157278,74.8819783,-26.6,307.9,10.702,0
08:25:07.048,46,104.0,904.0,30.0,18.0,9.08,83.5,17.0,14.1,14.5,12.9157283,74.8819723,-26.4,308.5,10.719,0
08:25:07.138,46,104.0,904.0,30.0,18.0,9.08,83.5,17.0,14.1,14.5,12.9157287,74.8819664,-26.2,309.0,10.736,0
08:25:07.199,46,103.0,904.0,30.0,18.0,9.08,83.5,17.0,14.1,14.5,12.9157291,74.8819623,-26.0,309.3,10.748,0
08:25:07.288,46,103.0,905.0,30.0,18.0,9.08,83.5,17.0,14.1,14.5,12.9157295,74.8819564,-25.8,309.8,10.765,0
08:25:07.349,46,103.0,905.0,31.0,18.0,9.08,83.5,17.0,14.1,14.5,12.9157298,74.8819524,-25.7,310.2,10.776,0
08:25:07.438,46,103.0,905.0,31.0,18.0,9.08,83.5,17.0,14.1,14.5,12.9157303,74.8819465,-25.5,310.7,10.793,0
08:25:07.499,46,103.0,905.0,31.0,18.0,9.02,83.5,17.0,14.1,14.5,12.9157306,74.8819425,-25.4,311.0,10.804,0
08:25:07.588,46,103.0,905.0,31.0,18.0,9.02,83.5,17.0,14.1,14.5,12.9157311,74.8819366,-25.2,311.5,10.821,0
08:25:07.649,46,103.0,905.0,31.0,18.0,9.02,83.5,17.0,14.1,14.5,12.9157314,74.8819325,-25.0,311.9,10.833,0
08:25:07.738,46,103.0,905.0,31.0,18.0,9.02,83.5,17.0,14.1,14.5,12.9157319,74.8819266,-24.8,312.4,10.85,0
08:25:07.828,46,103.0,905.0,31.0,18.0,9.02,83.5,17.0,14.1,14.5,12.9157323,74.8819207,-24.6,312.9,10.867,0
08:25:07.918,46,103.0,905.0,31.0,18.0,9.02,83.5,17.0,14.1,14.5,12.9157328,74.8819147,-24.4,313.4,10.884,0
08:25:08.008,46,103.0,905.0,31.0,18.0,9.02,83.5,17.0,14.1,14.5,12.9157333,74.8819088,-24.2,313.9,10.901,0
08:25:08.097,46,103.0,905.0,31.0,18.0,9.02,83.5,17.0,14.1,14.5,12.9157337,74.8819029,-24.0,314.4,10.918,0
08:25:08.188,46,103.0,905.0,30.0,18.0,9.02,83.5,17.0,14.1,14.5,12.9157342,74.8818968,-23.8,314.9,10.935,0
08:25:08.249,46,103.0,905.0,30.0,18.0,9.02,83.5,17.0,14.1,14.5,12.9157345,74.8818928,-23.7,315.3,10.946,0
08:25:08.338,46,103.0,905.0,30.0,18.0,9.05,83.5,17.0,14.1,14.5,12.915735,74.8818869,-23.5,315.8,10.963,0
08:25:08.399,46,103.0,905.0,30.0,18.0,9.05,83.5,17.0,14.1,14.5,12.9157353,74.8818829,-23.4,316.1,10.975,0
08:25:08.488,46,103.0,905.0,30.0,18.0,9.05,83.5,17.0,14.1,14.5,12.9157358,74.881877,-23.2,316.6,10.991,0
08:25:08.549,46,103.0,905.0,30.0,18.0,9.05,83.5,17.0,14.1,14.5,12.9157361,74.8818729,-23.0,317.0,11.003,0
08:25:08.638,46,103.0,905.0,30.0,18.0,9.05,83.5,17.0,14.1,14.5,12.9157366,74.881867,-22.8,317.5,11.02,0
08:25:08.699,46,103.0,905.0,30.0,18.0,9.05,83.5,17.0,14.1,14.5,12.9157369,74.881863,-22.7,317.8,11.031,0
08:25:08.788,46,103.0,905.0,30.0,18.0,9.05,83.5,17.0,14.1,14.5,12.9157373,74.8818571,-22.5,318.3,11.048,0
08:25:08.849,46,103.0,906.0,30.0,18.0,9.05,83.5,17.0,14.1,14.5,12.9157377,74.8818531,-22.4,318.6,11.06,0
08:25:08.938,46,103.0,906.0,27.0,18.0,9.05,83.5,17.0,14.1,14.5,12.9157381,74.8818472,-22.2,319.2,11.077,0
08:25:08.999,46,103.0,906.0,27.0,18.0,9.05,83.5,17.0,14.1,14.5,12.9157384,74.8818431,-22.0,319.5,11.088,0
08:25:09.088,46,103.0,906.0,27.0,18.0,9.02,83.5,17.0,14.1,14.5,12.9157389,74.8818372,-21.8,320.0,11.105,0
08:25:09.148,46,103.0,906.0,27.0,18.0,9.02,83.5,17.0,14.1,14.5,12.9157392,74.8818333,-21.7,320.3,11.116,0
08:25:09.238,46,103.0,906.0,27.0,18.0,9.02,83.5,17.0,14.1,14.5,12.9157397,74.8818273,-21.5,320.8,11.133,0
08:25:09.299,46,103.0,906.0,27.0,18.0,9.02,83.5,17.0,14.1,14.5,12.91574,74.8818233,-21.4,321.2,11.145,0
08:25:09.388,46,103.0,906.0,27.0,18.0,9.02,83.5,17.0,14.1,14.5,12.9157405,74.8818174,-21.2,321.7,11.162,0
08:25:09.449,46,103.0,906.0,27.0,18.0,9.02,83.5,17.0,14.1,14.5,12.9157408,74.8818133,-21.0,322.0,11.173,0
08:25:09.538,46,103.0,906.0,27.0,18.0,9.02,83.5,17.0,14.1,14.5,12.9157412,74.8818074,-20.8,322.5,11.19,0
08:25:09.599,46,103.0,905.0,27.0,18.0,9.02,83.5,17.0,14.1,14.5,12.9157416,74.8818034,-20.7,322.9,11.202,0
08:25:09.688,46,103.0,905.0,24.0,18.0,9.02,83.5,17.0,14.1,14.5,12.915742,74.8817975,-20.5,323.4,11.218,0
08:25:09.749,46,103.0,905.0,24.0,18.0,9.02,83.5,17.0,14.1,14.5,12.9157423,74.8817935,-20.4,323.7,11.23,0
08:25:09.838,46,103.0,905.0,24.0,18.0,9.02,83.5,17.0,14.1,14.5,12.9157428,74.8817876,-20.2,324.2,11.247,0
08:25:09.899,46,103.0,905.0,24.0,18.0,9.02,83.5,17.0,14.1,14.5,12.9157431,74.8817835,-20.0,324.6,11.258,0
08:25:09.987,46,103.0,905.0,24.0,18.0,9.02,83.5,17.0,14.1,14.5,12.9157436,74.8817777,-19.8,325.1,11.275,0
08:25:10.049,46,103.0,905.0,24.0,18.0,9.02,83.5,17.0,14.1,14.5,12.9157439,74.8817736,-19.7,325.4,11.287,0
08:25:10.138,46,103.0,905.0,24.0,18.0,9.02,83.5,17.0,14.1,14.5,12.9157444,74.8817677,-19.5,325.9,11.303,0
08:25:10.199,46,103.0,905.0,24.0,18.0,9.02,83.5,17.0,14.1,14.5,12.9157447,74.8817637,-19.4,326.3,11.315,0
08:25:10.288,46,103.0,905.0,24.0,18.0,9.02,83.5,17.0,14.1,14.5,12.9157452,74.8817578,-19.2,326.8,11.332,0
08:25:10.349,46,103.0,906.0,24.0,18.0,9.02,83.5,17.0,14.1,14.5,12.9157455,74.8817537,-19.0,327.1,11.343,0
08:25:10.438,46,103.0,906.0,22.0,18.0,9.02,83.5,17.0,14.1,14.5,12.9157459,74.8817478,-18.8,327.6,11.36,0
08:25:10.499,46,103.0,906.0,22.0,18.0,9.02,83.5,17.0,14.1,14.5,12.9157463,74.8817438,-18.7,328.0,11.372,0
08:25:10.588,46,103.0,906.0,22.0,18.0,8.83,83.5,17.0,14.1,14.5,12.9157467,74.8817379,-18.5,328.5,11.389,0
08:25:10.648,46,103.0,906.0,22.0,18.0,8.83,83.5,17.0,14.1,14.5,12.915747,74.8817339,-18.4,328.8,11.4,0
08:25:10.738,46,103.0,906.0,22.0,18.0,8.83,83.5,17.0,14.1,14.5,12.9157475,74.881728,-18.2,329.3,11.417,0
08:25:10.799,46,103.0,906.0,22.0,18.0,8.83,83.5,17.0,14.1,14.5,12.9157478,74.8817239,-18.0,329.7,11.428,0
08:25:10.888,46,103.0,906.0,22.0,18.0,8.83,83.5,17.0,14.1,14.5,12.9157483,74.881718,-17.8,330.2,11.445,0
08:25:10.949,46,103.0,906.0,22.0,18.0,8.83,83.5,17.0,14.1,14.5,12.9157486,74.881714,-17.7,330.5,11.457,0
08:25:11.038,46,103.0,906.0,22.0,18.0,8.83,83.5,17.0,14.1,14.5,12.9157491,74.8817081,-17.5,331.0,11.474,0
08:25:11.099,46,103.0,906.0,22.0,18.0,8.83,83.5,17.0,14.1,14.5,12.9157494,74.8817041,-17.4,331.4,11.485,0
08:25:11.188,46,103.0,906.0,19.0,18.0,8.83,83.5,17.0,14.1,14.5,12.9157499,74.8816982,-17.2,331.9,11.502,0
08:25:11.249,46,103.0,906.0,19.0,18.0,8.83,83.5,17.0,14.1,14.5,12.9157502,74.8816941,-17.0,332.2,11.514,0
08:25:11.338,46,103.0,906.0,19.0,18.0,8.97,83.5,17.0,14.1,14.5,12.9157506,74.8816882,-16.8,332.7,11.53,0
08:25:11.399,46,103.0,906.0,19.0,18.0,8.97,83.5,17.0,14.1,14.5,12.915751,74.8816842,-16.7,333.1,11.542,0
08:25:11.488,46,103.0,906.0,19.0,18.0,8.97,83.5,17.0,14.1,14.5,12.9157514,74.8816783,-16.5,333.6,11.559,0
08:25:11.549,46,103.0,906.0,19.0,18.0,8.97,83.5,17.0,14.1,14.5,12.9157517,74.8816743,-16.3,333.9,11.57,0
08:25:11.638,46,103.0,906.0,19.0,18.0,8.97,83.5,17.0,14.1,14.5,12.9157522,74.8816684,-16.2,334.4,11.587,0
08:25:11.699,46,103.0,906.0,19.0,18.0,8.97,83.5,17.0,14.1,14.5,12.9157525,74.8816643,-16.0,334.8,11.599,0
08:25:11.788,46,103.0,906.0,19.0,18.0,8.97,83.5,17.0,14.1,14.5,12.915753,74.8816584,-15.8,335.3,11.616,0
08:25:11.849,46,103.0,906.0,19.0,18.0,8.97,83.5,17.0,14.1,14.5,12.9157533,74.8816544,-15.7,335.6,11.627,0
08:25:11.938,46,103.0,906.0,16.0,18.0,8.97,83.5,17.0,14.1,14.5,12.9157538,74.8816485,-15.5,336.1,11.644,0
08:25:11.999,46,103.0,906.0,16.0,18.0,8.97,83.5,17.0,14.1,14.5,12.9157541,74.8816445,-15.3,336.5,11.655,0
08:25:12.090,46,103.0,906.0,16.0,18.0,8.74,83.5,17.0,14.1,14.5,12.9157546,74.8816384,-15.1,337.0,11.673,0
08:25:12.149,46,103.0,906.0,16.0,18.0,8.74,83.5,17.0,14.1,14.5,12.9157549,74.8816345,-15.0,337.3,11.684,0
08:25:12.238,46,103.0,906.0,16.0,18.0,8.74,83.5,17.0,14.1,14.5,12.9157553,74.8816286,-14.8,337.8,11.701,0
08:25:12.299,46,103.0,906.0,16.0,18.0,8.74,83.5,17.0,14.1,14.5,12.9157556,74.8816246,-14.7,338.2,11.712,0
08:25:12.388,46,103.0,906.0,16.0,18.0,8.74,83.5,17.0,14.1,14.5,12.9157561,74.8816187,-14.5,338.7,11.729,0
08:25:12.449,46,103.0,906.0,16.0,18.0,8.74,83.5,17.0,14.1,14.5,12.9157564,74.8816147,-14.3,339.0,11.741,0
08:25:12.538,46,103.0,906.0,16.0,18.0,8.74,83.5,17.0,14.1,14.5,12.9157569,74.8816088,-14.1,339.5,11.757,0
08:25:12.599,46,103.0,907.0,16.0,18.0,8.74,83.5,17.0,14.1,14.5,12.9157572,74.8816047,-14.0,339.9,11.769,0
08:25:12.688,46,103.0,907.0,12.0,18.0,8.74,83.5,17.0,14.1,14.5,12.9157606,74.8815994,-14.1,339.5,11.761,0
08:25:12.748,46,103.0,907.0,12.0,19.0,8.74,83.5,17.0,14.1,14.5,12.915763,74.8815958,-14.1,339.3,11.755,0
08:25:12.838,46,103.0,907.0,12.0,19.0,8.86,83.5,17.0,14.1,14.5,12.9157666,74.8815904,-14.2,338.9,11.746,0
08:25:12.928,46,103.0,907.0,12.0,19.0,8.86,83.5,17.0,14.1,14.5,12.9157703,74.881585,-14.3,338.5,11.737,0
08:25:12.989,46,103.0,907.0,12.0,19.0,8.86,83.5,17.0,14.1,14.5,12.9157727,74.8815814,-14.4,338.2,11.731,0
08:25:13.049,46,103.0,907.0,12.0,19.0,8.86,83.5,17.0,14.1,14.5,12.9157752,74.8815778,-14.4,337.9,11.724,0
08:25:13.138,46,103.0,907.0,12.0,19.0,8.86,83.5,17.0,14.1,14.5,12.9157787,74.8815724,-14.5,337.5,11.715,0
08:25:13.228,46,103.0,907.0,12.0,19.0,8.86,83.5,17.0,14.1,14.5,12.9157824,74.881567,-14.6,337.1,11.706,0
08:25:13.318,46,103.0,907.0,12.0,19.0,8.86,83.5,17.0,14.1,14.5,12.915786,74.8815617,-14.7,336.7,11.697,0
08:25:13.408,46,103.0,906.0,12.0,19.0,8.86,83.5,17.0,14.1,14.5,12.9157896,74.8815563,-14.7,336.3,11.688,0
08:25:13.498,46,103.0,906.0,5.0,19.0,8.86,83.5,17.0,14.1,14.5,12.9157933,74.8815509,-14.8,335.9,11.678,0
08:25:13.588,46,103.0,906.0,5.0,19.0,8.86,83.5,17.0,14.1,14.5,12.9157969,74.8815455,-14.9,335.5,11.669,0
08:25:13.678,46,103.0,906.0,5.0,19.0,8.94,83.5,17.0,14.1,14.5,12.9158005,74.8815401,-15.0,335.1,11.66,0
08:25:13.768,46,103.0,906.0,5.0,19.0,8.94,83.5,17.0,14.1,14.5,12.9158042,74.8815347,-15.1,334.7,11.651,0
08:25:13.858,46,103.0,906.0,5.0,19.0,8.94,83.5,17.0,14.1,14.5,12.9158078,74.8815293,-15.2,334.3,11.641,0
08:25:13.948,46,103.0,906.0,5.0,19.0,8.94,83.5,17.0,14.1,14.5,12.9158114,74.881524,-15.3,333.9,11.632,0
08:25:14.038,46,103.0,906.0,5.0,19.0,8.94,83.5,17.0,14.1,14.5,12.9158151,74.8815186,-15.3,333.5,11.623,0
08:25:14.128,46,103.0,906.0,5.0,19.0,8.94,83.5,17.0,14.1,14.5,12.9158187,74.8815132,-15.4,333.1,11.614,0
08:25:14.218,46,103.0,906.0,5.0,19.0,8.94,83.5,17.0,14.1,14.5,12.9158223,74.8815078,-15.5,332.7,11.604,0
08:25:14.308,46,103.0,901.0,5.0,19.0,8.94,83.5,17.0,14.1,14.5,12.9158259,74.8815024,-15.6,332.3,11.595,0
08:25:14.428,46,103.0,901.0,3.0,19.0,8.94,83.5,17.0,14.1,14.5,12.9158308,74.8814952,-15.7,331.8,11.583,0
08:25:14.518,46,103.0,901.0,3.0,19.0,8.94,83.5,17.0,14.1,14.5,12.9158344,74.8814898,-15.8,331.4,11.574,0
08:25:14.608,46,103.0,901.0,3.0,19.0,8.74,83.5,17.0,14.1,14.5,12.915838,74.8814845,-15.9,331.0,11.564,0
08:25:14.698,46,103.0,901.0,3.0,19.0,8.74,83.5,17.0,14.1,14.5,12.9158417,74.8814791,-16.0,330.6,11.555,0
08:25:14.788,46,103.0,901.0,3.0,19.0,8.74,83.5,17.0,14.1,14.5,12.9158453,74.8814737,-16.0,330.2,11.546,0
08:25:14.878,46,103.0,901.0,3.0,19.0,8.74,83.5,17.0,15.3,14.5,12.9158489,74.8814683,-16.1,329.8,11.537,0
08:25:14.968,46,103.0,901.0,3.0,19.0,8.74,83.5,17.0,15.3,14.9,12.9158526,74.8814629,-16.2,329.4,11.527,0
08:25:15.058,46,103.0,901.0,3.0,19.0,8.74,83.5,17.0,15.3,14.9,12.9158562,74.8814575,-16.3,329.0,11.518,0
08:25:15.148,46,103.0,901.0,3.0,19.0,8.74,83.5,17.0,15.3,14.9,12.9158598,74.8814521,-16.4,328.6,11.509,0
08:25:15.238,46,103.0,932.0,3.0,19.0,8.74,83.5,17.0,15.3,14.9,12.9158635,74.8814468,-16.5,328.2,11.5,0
08:25:15.328,46,103.0,932.0,4.0,19.0,8.74,83.5,17.0,15.3,14.9,12.9158671,74.8814414,-16.5,327.8,11.49,0
08:25:15.418,46,103.0,932.0,4.0,19.0,8.74,83.5,17.0,15.3,14.9,12.9158707,74.881436,-16.6,327.4,11.481,0
08:25:15.508,46,103.0,932.0,4.0,19.0,9.13,83.5,17.0,15.3,14.9,12.9158744,74.8814306,-16.7,327.0,11.472,0
08:25:15.598,46,103.0,932.0,4.0,19.0,9.13,83.5,17.0,15.3,14.9,12.915878,74.8814252,-16.8,326.6,11.463,0
08:25:15.718,46,103.0,932.0,4.0,19.0,9.13,83.5,17.0,15.3,14.9,12.9158828,74.881418,-16.9,326.0,11.45,0
08:25:15.808,46,103.0,932.0,4.0,19.0,9.13,83.5,17.0,14.1,14.9,12.9158865,74.8814126,-17.0,325.6,11.441,0
08:25:15.898,46,103.0,932.0,4.0,19.0,9.13,83.5,17.0,14.1,14.5,12.9158901,74.8814073,-17.1,325.2,11.432,0
08:25:15.988,46,103.0,932.0,4.0,19.0,9.13,83.5,17.0,14.1,14.5,12.9158937,74.8814019,-17.2,324.8,11.423,0
08:25:16.078,46,103.0,932.0,4.0,19.0,9.13,83.5,17.0,14.1,14.5,12.9158974,74.8813965,-17.2,324.4,11.413,0
08:25:16.168,46,103.0,936.0,4.0,19.0,9.13,83.5,17.0,14.1,14.5,12.915901,74.8813911,-17.3,324.0,11.404,0
08:25:16.258,46,103.0,936.0,5.0,19.0,9.13,83.5,17.0,14.1,14.5,12.9159046,74.8813857,-17.4,323.6,11.395,0
08:25:16.348,46,103.0,936.0,5.0,20.0,9.13,83.5,17.0,14.1,14.5,12.9159082,74.8813803,-17.5,323.2,11.386,0
08:25:16.438,46,103.0,936.0,5.0,20.0,8.91,83.5,17.0,14.1,14.5,12.9159119,74.8813749,-17.6,322.8,11.376,0
08:25:16.528,46,103.0,936.0,5.0,20.0,8.91,83.5,17.0,14.1,14.5,12.9159155,74.8813696,-17.7,322.4,11.367,0
08:25:16.618,46,103.0,936.0,5.0,20.0,8.91,83.5,17.0,14.1,14.5,12.9159191,74.8813642,-17.7,322.0,11.358,0
08:25:16.708,46,103.0,936.0,5.0,20.0,8.91,83.5,17.0,14.1,14.5,12.9159228,74.8813588,-17.8,321.6,11.349,0
08:25:16.798,46,103.0,936.0,5.0,20.0,8.91,83.5,17.0,14.1,14.5,12.9159264,74.8813534,-17.9,321.2,11.34,0
08:25:16.888,46,103.0,936.0,5.0,20.0,8.91,83.5,17.0,14.1,14.5,12.91593,74.881348,-18.0,320.8,11.33,0
08:25:16.978,46,103.0,936.0,5.0,20.0,8.91,83.5,17.0,14.1,14.5,12.9159337,74.8813426,-18.1,320.4,11.321,0
08:25:17.068,46,103.0,885.0,5.0,20.0,8.91,83.5,17.0,14.1,14.5,12.9159373,74.8813372,-18.2,320.0,11.312,0
08:25:17.158,46,103.0,885.0,5.0,20.0,8.91,83.5,17.0,14.1,14.5,12.9159409,74.8813319,-18.2,319.6,11.303,0
08:25:17.248,46,103.0,885.0,5.0,19.0,8.91,83.5,17.0,14.1,14.5,12.9159446,74.8813265,-18.3,319.2,11.293,0
08:25:17.338,46,103.0,885.0,5.0,19.0,8.86,83.5,17.0,14.1,14.5,12.9159482,74.8813211,-18.4,318.8,11.284,0
08:25:17.428,46,103.0,885.0,5.0,19.0,8.86,83.5,17.0,14.1,14.5,12.9159518,74.8813157,-18.5,318.4,11.275,0
08:25:17.518,46,103.0,885.0,5.0,19.0,8.86,83.5,17.0,14.1,14.5,12.9159554,74.8813103,-18.6,318.0,11.266,0
08:25:17.608,46,103.0,885.0,5.0,19.0,8.86,83.5,17.0,14.1,14.5,12.9159591,74.8813049,-18.7,317.6,11.256,0
08:25:17.698,46,103.0,885.0,5.0,19.0,8.86,83.5,17.0,14.1,14.5,12.9159627,74.8812995,-18.8,317.2,11.247,0
08:25:17.788,46,103.0,885.0,5.0,19.0,8.86,83.5,17.0,14.1,14.5,12.9159663,74.8812941,-18.8,316.8,11.238,0
08:25:17.878,46,103.0,885.0,5.0,19.0,8.86,83.5,17.0,14.1,14.5,12.91597,74.8812888,-18.9,316.4,11.229,0
08:25:17.968,46,103.0,902.0,5.0,19.0,8.86,83.5,17.0,14.1,14.5,12.9159736,74.8812834,-19.0,316.0,11.219,0
08:25:18.088,46,103.0,902.0,5.0,19.0,8.86,83.5,17.0,14.1,14.5,12.9159784,74.8812762,-19.1,315.4,11.207,0
08:25:18.178,46,103.0,902.0,5.0,19.0,8.86,83.5,17.0,14.1,14.5,12.9159821,74.8812708,-19.2,315.0,11.198,0
08:25:18.268,46,103.0,902.0,5.0,19.0,9.08,83.5,17.0,14.1,14.5,12.9159857,74.8812654,-19.3,314.6,11.189,0
08:25:18.358,46,103.0,902.0,5.0,19.0,9.08,83.5,17.0,14.1,14.5,12.9159893,74.88126,-19.4,314.2,11.179,0
08:25:18.448,46,103.0,902.0,5.0,19.0,9.08,83.5,17.0,14.1,14.5,12.915993,74.8812546,-19.5,313.8,11.17,0
08:25:18.538,46,103.0,902.0,5.0,19.0,9.08,83.5,17.0,14.1,14.5,12.9159966,74.8812493,-19.5,313.4,11.161,0
08:25:18.629,46,103.0,902.0,5.0,19.0,9.08,83.5,17.0,14.1,14.1,12.9160003,74.8812438,-19.6,313.0,11.152,0
08:25:18.718,46,103.0,902.0,5.0,19.0,9.08,83.5,17.0,14.1,14.1,12.9160039,74.8812385,-19.7,312.6,11.142,0
08:25:18.808,46,103.0,902.0,5.0,19.0,9.08,83.5,17.0,14.1,14.1,12.9160075,74.8812331,-19.8,312.2,11.133,0
08:25:18.898,46,103.0,907.0,5.0,19.0,9.08,83.5,17.0,14.1,14.1,12.9160111,74.8812277,-19.9,311.8,11.124,0
08:25:18.988,46,103.0,907.0,5.0,19.0,9.08,83.5,17.0,14.1,14.1,12.9160147,74.8812223,-20.0,311.4,11.115,0
08:25:19.078,46,103.0,907.0,5.0,19.0,9.08,83.5,17.0,14.1,14.1,12.9160184,74.8812169,-20.0,311.0,11.105,0
08:25:19.168,46,103.0,907.0,5.0,19.0,9.08,83.5,17.0,14.1,14.1,12.916022,74.8812116,-20.1,310.6,11.096,0
08:25:19.258,46,103.0,907.0,5.0,19.0,9.08,83.5,17.0,14.1,14.1,12.9160256,74.8812062,-20.2,310.2,11.087,0
08:25:19.348,46,103.0,907.0,5.0,19.0,9.08,83.5,17.0,14.1,14.1,12.9160293,74.8812008,-20.3,309.8,11.078,0
08:25:19.438,46,103.0,907.0,5.0,19.0,9.08,83.5,17.0,14.1,14.1,12.9160329,74.8811954,-20.4,309.4,11.068,0
08:25:19.528,46,103.0,907.0,5.0,19.0,9.08,83.5,17.0,14.1,14.5,12.9160365,74.88119,-20.5,309.0,11.059,0
08:25:19.618,46,103.0,907.0,5.0,19.0,9.08,83.5,17.0,14.1,14.5,12.9160402,74.8811846,-20.5,308.6,11.05,0
08:25:19.708,46,103.0,907.0,5.0,19.0,9.08,83.5,17.0,14.1,14.5,12.9160438,74.8811792,-20.6,308.2,11.041,0
08:25:19.798,46,103.0,906.0,5.0,19.0,9.08,83.5,17.0,14.1,14.5,12.9160474,74.8811739,-20.7,307.8,11.032,0
08:25:19.918,46,103.0,906.0,5.0,19.0,9.08,83.5,17.0,14.1,14.5,12.9160523,74.8811667,-20.8,307.3,11.019,0
08:25:20.008,46,103.0,906.0,5.0,19.0,9.08,83.5,17.0,14.1,14.5,12.9160559,74.8811613,-20.9,306.9,11.01,0
08:25:20.098,46,103.0,906.0,5.0,19.0,8.97,83.5,17.0,14.1,14.5,12.9160595,74.8811559,-21.0,306.5,11.001,0
08:25:20.188,46,103.0,906.0,5.0,19.0,8.97,83.5,17.0,14.1,14.5,12.9160632,74.8811505,-21.1,306.1,10.991,0
08:25:20.278,46,103.0,906.0,5.0,19.0,8.97,83.5,17.0,14.1,14.5,12.9160668,74.8811451,-21.2,305.7,10.982,0
08:25:20.368,46,103.0,906.0,5.0,19.0,8.97,83.5,17.0,14.1,14.5,12.9160704,74.8811397,-21.2,305.3,10.973,0
08:25:20.458,46,103.0,906.0,5.0,19.0,8.97,83.5,17.0,14.1,14.5,12.916074,74.8811344,-21.3,304.9,10.964,0
08:25:20.548,46,103.0,906.0,5.0,19.0,8.97,83.5,17.0,14.1,14.5,12.9160777,74.881129,-21.4,304.5,10.955,0
08:25:20.638,46,103.0,906.0,5.0,19.0,8.97,83.5,17.0,14.1,14.5,12.9160813,74.8811236,-21.5,304.1,10.945,0
08:25:20.728,46,103.0,910.0,5.0,19.0,8.97,83.5,17.0,14.1,14.5,12.9160849,74.8811182,-21.6,303.7,10.936,0
08:25:20.818,46,103.0,910.0,4.0,19.0,8.97,83.5,17.0,14.1,14.5,12.9160886,74.8811128,-21.7,303.3,10.927,0
08:25:20.908,46,103.0,910.0,4.0,19.0,8.97,83.5,17.0,14.1,14.5,12.9160922,74.8811074,-21.7,302.9,10.918,0
08:25:20.998,46,103.0,910.0,4.0,19.0,9.08,83.5,17.0,14.1,14.5,12.9160958,74.881102,-21.8,302.5,10.908,0
08:25:21.088,46,103.0,910.0,4.0,19.0,9.08,83.5,17.0,14.1,14.5,12.9160995,74.8810967,-21.9,302.1,10.899,0
08:25:21.178,46,103.0,910.0,4.0,19.0,9.08,83.5,17.0,14.1,14.5,12.9161031,74.8810913,-22.0,301.7,10.89,0
08:25:21.268,46,103.0,910.0,4.0,19.0,9.08,83.5,17.0,15.7,14.5,12.9161067,74.8810859,-22.1,301.3,10.881,0
08:25:21.358,46,103.0,910.0,4.0,19.0,9.08,83.5,17.0,15.7,15.3,12.9161104,74.8810805,-22.2,300.9,10.871,0
08:25:21.448,46,103.0,910.0,4.0,19.0,9.08,83.5,17.0,15.7,15.3,12.916114,74.8810751,-22.3,300.5,10.862,0
08:25:21.538,46,103.0,910.0,4.0,19.0,9.08,83.5,17.0,15.7,15.3,12.9161176,74.8810697,-22.3,300.1,10.853,0
08:25:21.628,46,103.0,844.0,4.0,19.0,9.08,83.5,17.0,15.7,15.3,12.9161212,74.8810643,-22.4,299.7,10.844,0
08:25:21.718,46,103.0,844.0,6.0,19.0,9.08,83.5,17.0,15.7,15.3,12.9161249,74.8810589,-22.5,299.3,10.834,0
08:25:21.808,46,103.0,844.0,6.0,19.0,9.08,83.5,17.0,15.7,15.3,12.9161285,74.8810536,-22.6,298.9,10.825,0
08:25:21.898,46,103.0,844.0,6.0,19.0,10.66,83.5,17.0,15.7,15.3,12.9161321,74.8810482,-22.7,298.5,10.816,0
08:25:21.988,46,103.0,844.0,6.0,19.0,10.66,83.5,17.0,15.7,15.3,12.9161358,74.8810428,-22.8,298.1,10.807,0
08:25:22.078,46,103.0,844.0,6.0,19.0,10.66,83.5,17.0,15.7,15.3,12.9161394,74.8810374,-22.8,297.7,10.797,0
08:25:22.168,46,103.0,844.0,6.0,19.0,10.66,83.5,17.0,20.8,15.3,12.916143,74.881032,-22.9,297.2,10.788,0
08:25:22.258,46,103.0,844.0,6.0,19.0,10.66,83.5,17.0,20.8,22.4,12.9161467,74.8810266,-23.0,296.8,10.779,0
08:25:22.348,46,103.0,844.0,6.0,19.0,10.66,83.5,17.0,20.8,22.4,12.9161503,74.8810212,-23.1,296.4,10.77,0
08:25:22.438,46,104.0,844.0,6.0,19.0,10.66,83.5,17.0,20.8,22.4,12.9161539,74.8810159,-23.2,296.0,10.76,0
08:25:22.528,46,104.0,1167.0,6.0,19.0,10.66,83.5,17.0,20.8,22.4,12.9161576,74.8810105,-23.3,295.6,10.751,0
08:25:22.618,46,104.0,1167.0,10.0,19.0,10.66,83.5,17.0,20.8,22.4,12.9161612,74.8810051,-23.3,295.2,10.742,0
08:25:22.708,46,104.0,1167.0,10.0,20.0,10.66,83.5,17.0,20.8,22.4,12.9161648,74.8809997,-23.4,294.8,10.733,0
08:25:22.798,46,104.0,1167.0,10.0,20.0,19.97,83.5,17.0,20.8,22.4,12.9161684,74.8809943,-23.5,294.4,10.724,0
08:25:22.918,46,104.0,1167.0,10.0,20.0,19.97,83.5,17.0,20.8,22.4,12.9161733,74.8809871,-23.6,293.9,10.711,0
08:25:23.008,46,104.0,1167.0,10.0,20.0,19.97,83.5,17.0,20.8,22.4,12.9161769,74.8809817,-23.7,293.5,10.702,0
08:25:23.098,46,104.0,1167.0,10.0,20.0,19.97,83.5,17.0,47.8,22.4,12.9161806,74.8809764,-23.8,293.1,10.693,0
08:25:23.188,46,104.0,1167.0,10.0,20.0,19.97,83.5,17.0,47.8,48.6,12.9161842,74.880971,-23.9,292.7,10.683,0
08:25:23.278,47,104.0,1167.0,10.0,20.0,19.97,83.5,17.0,47.8,48.6,12.9161878,74.8809656,-24.0,292.3,10.674,0
08:25:23.369,47,123.0,1167.0,10.0,20.0,19.97,83.5,17.0,47.8,48.6,12.9161915,74.8809601,-24.0,291.9,10.665,0
08:25:23.459,47,123.0,1962.0,10.0,20.0,19.97,83.5,17.0,47.8,48.6,12.9161951,74.8809548,-24.1,291.5,10.656,0
08:25:23.549,47,123.0,1962.0,17.0,20.0,19.97,83.5,17.0,47.8,48.6,12.9161987,74.8809494,-24.2,291.1,10.646,0
08:25:23.638,47,123.0,1962.0,17.0,24.0,19.97,83.5,17.0,47.8,48.6,12.9162023,74.880944,-24.3,290.7,10.637,0
08:25:23.730,47,123.0,1962.0,17.0,24.0,47.3,83.5,17.0,47.8,48.6,12.916206,74.8809385,-24.4,290.3,10.628,0
08:25:23.822,47,123.0,1962.0,17.0,24.0,47.3,83.5,17.0,47.8,48.6,12.9162098,74.880933,-24.5,289.9,10.618,0
08:25:23.908,47,123.0,1962.0,17.0,24.0,47.3,83.5,17.0,47.8,48.6,12.9162132,74.8809279,-24.5,289.5,10.61,0
08:25:23.999,47,123.0,1962.0,17.0,24.0,47.3,83.5,17.0,14.1,48.6,12.9162169,74.8809224,-24.6,289.1,10.6,0
08:25:24.088,47,123.0,1962.0,17.0,24.0,47.3,83.5,17.0,14.1,14.5,12.9162205,74.8809171,-24.7,288.7,10.591,0
08:25:24.179,47,123.0,1962.0,17.0,24.0,47.3,83.5,17.0,14.1,14.5,12.9162242,74.8809117,-24.8,288.3,10.582,0
08:25:24.269,47,97.0,1962.0,17.0,24.0,47.3,83.5,17.0,14.1,14.5,12.9162278,74.8809063,-24.9,287.9,10.572,0
08:25:24.360,47,97.0,1900.0,17.0,24.0,47.3,83.5,17.0,14.1,14.5,12.9162315,74.8809008,-25.0,287.5,10.563,0
08:25:24.449,47,97.0,1900.0,21.0,24.0,47.3,83.5,17.0,14.1,14.5,12.9162351,74.8808955,-25.1,287.1,10.554,0
08:25:24.539,47,97.0,1900.0,21.0,28.0,47.3,83.5,17.0,14.1,14.5,12.9162387,74.8808901,-25.1,286.7,10.545,0
08:25:24.659,47,97.0,1900.0,21.0,28.0,26.72,83.5,17.0,14.1,14.5,12.9162435,74.8808829,-25.3,286.1,10.532,0
08:25:24.749,47,97.0,1900.0,21.0,28.0,26.72,31.0,17.0,14.1,14.5,12.9162472,74.8808776,-25.3,285.7,10.523,0
08:25:24.839,47,97.0,1900.0,21.0,28.0,26.72,31.0,17.0,14.1,14.5,12.9162508,74.8808722,-25.4,285.3,10.514,0
08:25:24.928,47,97.0,1900.0,21.0,28.0,26.72,31.0,17.0,47.1,14.5,12.9162544,74.8808668,-25.5,284.9,10.505,0
08:25:25.019,47,97.0,1900.0,21.0,28.0,26.72,31.0,17.0,47.1,51.4,12.916258,74.8808614,-25.6,284.5,10.495,0
08:25:25.108,47,97.0,1900.0,21.0,28.0,26.72,31.0,17.0,47.1,51.4,12.9162616,74.8808561,-25.7,284.1,10.486,0
08:25:25.199,47,116.0,1900.0,21.0,28.0,26.72,31.0,17.0,47.1,51.4,12.9162653,74.8808506,-25.8,283.7,10.477,0
08:25:25.289,47,116.0,1511.0,21.0,28.0,26.72,31.0,17.0,47.1,51.4,12.9162689,74.8808452,-25.8,283.3,10.468,0
08:25:25.378,47,116.0,1511.0,26.0,28.0,26.72,31.0,17.0,47.1,51.4,12.9162725,74.8808399,-25.9,282.9,10.459,0
08:25:25.469,47,116.0,1511.0,26.0,26.0,26.72,31.0,17.0,47.1,51.4,12.9162762,74.8808345,-26.0,282.5,10.449,0
08:25:25.559,47,116.0,1511.0,26.0,26.0,36.08,31.0,17.0,47.1,51.4,12.9162798,74.8808291,-26.1,282.1,10.44,0
08:25:25.649,47,116.0,1511.0,26.0,26.0,36.08,83.5,17.0,47.1,51.4,12.9162835,74.8808237,-26.2,281.7,10.431,0
08:25:25.739,47,116.0,1511.0,26.0,26.0,36.08,83.5,17.0,47.1,51.4,12.9162871,74.8808183,-26.3,281.3,10.422,0
08:25:25.829,47,116.0,1511.0,26.0,26.0,36.08,83.5,17.0,58.4,51.4,12.9162907,74.8808129,-26.3,280.9,10.412,0
08:25:25.919,47,116.0,1511.0,26.0,26.0,36.08,83.5,17.0,58.4,58.8,12.9162944,74.8808075,-26.4,280.5,10.403,0
08:25:26.009,47,116.0,1511.0,26.0,26.0,36.08,83.5,17.0,58.4,58.8,12.916298,74.8808021,-26.5,280.1,10.394,0
08:25:26.098,47,183.0,1511.0,26.0,26.0,36.08,83.5,17.0,58.4,58.8,12.9163016,74.8807968,-26.6,279.7,10.385,0
08:25:26.189,47,183.0,1995.0,26.0,26.0,36.08,83.5,17.0,58.4,58.8,12.9163052,74.8807914,-26.7,279.3,10.375,0
08:25:26.279,47,183.0,1995.0,34.0,26.0,36.08,83.5,17.0,58.4,58.8,12.9163089,74.880786,-26.8,278.9,10.366,0
08:25:26.369,47,183.0,1995.0,34.0,25.0,36.08,83.5,17.0,58.4,58.8,12.9163125,74.8807806,-26.8,278.5,10.357,0
08:25:26.459,47,183.0,1995.0,34.0,25.0,77.36,83.5,17.0,58.4,58.8,12.9163161,74.8807752,-26.9,278.1,10.348,0
08:25:26.549,47,183.0,1995.0,34.0,25.0,77.36,83.5,17.0,58.4,58.8,12.9163198,74.8807698,-27.0,277.7,10.338,0
08:25:26.638,47,183.0,1995.0,34.0,25.0,77.36,83.5,17.0,58.4,58.8,12.9163234,74.8807645,-27.1,277.3,10.329,0
08:25:26.729,47,183.0,1995.0,34.0,25.0,77.36,83.5,17.0,52.9,58.8,12.916327,74.8807591,-27.2,276.9,10.32,0
08:25:26.818,47,183.0,1995.0,34.0,25.0,77.36,83.5,17.0,52.9,53.7,12.9163306,74.8807537,-27.3,276.5,10.311,0
08:25:26.908,47,183.0,1995.0,34.0,25.0,77.36,83.5,17.0,52.9,53.7,12.9163343,74.8807483,-27.3,276.1,10.302,0
08:25:26.998,47,203.0,1995.0,34.0,25.0,77.36,83.5,17.0,52.9,53.7,12.9163379,74.880743,-27.4,275.7,10.292,0
08:25:27.089,47,203.0,2518.0,34.0,25.0,77.36,83.5,17.0,52.9,53.7,12.9163416,74.8807375,-27.5,275.3,10.283,0
08:25:27.178,47,203.0,2518.0,43.0,25.0,77.36,83.5,17.0,52.9,53.7,12.9163451,74.8807322,-27.6,274.9,10.274,0
08:25:27.268,47,203.0,2518.0,43.0,27.0,77.36,83.5,17.0,52.9,53.7,12.9163488,74.8807268,-27.7,274.5,10.265,0
08:25:27.358,47,203.0,2518.0,43.0,27.0,50.47,83.5,17.0,52.9,53.7,12.9163524,74.8807214,-27.8,274.1,10.255,0
08:25:27.449,47,203.0,2518.0,43.0,27.0,50.47,31.4,17.0,52.9,53.7,12.9163561,74.880716,-27.9,273.7,10.246,0
08:25:27.539,47,203.0,2518.0,43.0,27.0,50.47,31.4,17.0,52.9,53.7,12.9163597,74.8807106,-27.9,273.3,10.237,0
08:25:27.629,47,203.0,2518.0,43.0,27.0,50.47,31.4,17.0,14.1,53.7,12.9163641,74.8807061,-27.9,273.1,10.233,0
08:25:27.719,47,203.0,2518.0,43.0,27.0,50.47,31.4,17.0,14.1,16.9,12.9163707,74.8807039,-27.8,273.4,10.246,0
08:25:27.809,47,203.0,2518.0,43.0,27.0,50.47,31.4,17.0,14.1,16.9,12.9163772,74.8807018,-27.6,273.6,10.259,0
08:25:27.899,47,95.0,2518.0,43.0,27.0,50.47,31.4,17.0,14.1,16.9,12.9163838,74.8806997,-27.4,273.9,10.271,0
08:25:27.989,47,95.0,1807.0,43.0,27.0,50.47,31.4,17.0,14.1,16.9,12.9163903,74.8806975,-27.2,274.2,10.284,0
08:25:28.079,47,95.0,1807.0,44.0,27.0,50.47,31.4,17.0,14.1,16.9,12.9163969,74.8806954,-27.0,274.5,10.296,0
08:25:28.168,47,95.0,1807.0,44.0,25.0,50.47,31.4,17.0,14.1,16.9,12.9164034,74.8806933,-26.8,274.8,10.309,0
08:25:28.258,47,95.0,1807.0,44.0,25.0,29.61,31.4,17.0,14.1,16.9,12.9164099,74.8806912,-26.6,275.1,10.321,0
08:25:28.349,47,95.0,1807.0,44.0,25.0,29.61,81.2,17.0,14.1,16.9,12.9164165,74.880689,-26.4,275.4,10.334,0
08:25:28.438,47,95.0,1807.0,44.0,25.0,29.61,81.2,17.0,14.1,16.9,12.916423,74.8806869,-26.2,275.6,10.347,0
08:25:28.528,47,95.0,1807.0,44.0,25.0,29.61,81.2,17.0,51.4,16.9,12.9164296,74.8806848,-26.0,275.9,10.359,0
08:25:28.619,47,95.0,1807.0,44.0,25.0,29.61,81.2,17.0,51.4,51.8,12.9164362,74.8806826,-25.8,276.2,10.372,0
08:25:28.709,47,95.0,1807.0,44.0,25.0,29.61,81.2,17.0,51.4,51.8,12.9164427,74.8806805,-25.6,276.5,10.385,0
08:25:28.799,47,144.0,1807.0,44.0,25.0,29.61,81.2,17.0,51.4,51.8,12.9164493,74.8806784,-25.5,276.8,10.397,0
08:25:28.888,47,144.0,1787.0,44.0,25.0,29.61,81.2,17.0,51.4,51.8,12.9164558,74.8806762,-25.3,277.1,10.41,0
08:25:28.979,47,144.0,1787.0,48.0,25.0,29.61,81.2,17.0,51.4,51.8,12.9164624,74.8806741,-25.1,277.4,10.422,0
08:25:29.069,47,144.0,1787.0,48.0,24.0,29.61,81.2,17.0,51.4,51.8,12.916469,74.880672,-24.9,277.6,10.435,0
08:25:29.158,47,144.0,1787.0,48.0,24.0,52.27,81.2,17.0,51.4,51.8,12.9164754,74.8806699,-24.7,277.9,10.447,0
08:25:29.249,47,144.0,1787.0,48.0,24.0,52.27,83.5,17.0,51.4,51.8,12.9164821,74.8806677,-24.5,278.2,10.46,0
08:25:29.339,47,144.0,1787.0,48.0,24.0,52.27,83.5,17.0,51.4,51.8,12.9164886,74.8806656,-24.3,278.5,10.473,0
08:25:29.429,47,144.0,1787.0,48.0,24.0,52.27,83.5,17.0,51.0,51.8,12.9164952,74.8806634,-24.1,278.8,10.485,0
08:25:29.519,47,144.0,1787.0,48.0,24.0,52.27,83.5,17.0,51.0,51.4,12.9165017,74.8806613,-23.9,279.1,10.498,0
08:25:29.609,47,144.0,1787.0,48.0,24.0,52.27,83.5,17.0,51.0,51.4,12.9165083,74.8806592,-23.7,279.3,10.511,0
08:25:29.699,47,198.0,1787.0,48.0,24.0,52.27,83.5,17.0,51.0,51.4,12.9165148,74.880657,-23.5,279.6,10.523,0
08:25:29.789,47,198.0,1951.0,48.0,24.0,52.27,83.5,17.0,51.0,51.4,12.9165214,74.8806549,-23.3,279.9,10.536,0
08:25:29.879,47,198.0,1951.0,52.0,24.0,52.27,83.5,17.0,51.0,51.4,12.9165279,74.8806528,-23.1,280.2,10.548,0
08:25:29.970,47,198.0,1951.0,52.0,26.0,52.27,83.5,17.0,51.0,51.4,12.9165345,74.8806506,-23.0,280.5,10.561,0
08:25:30.060,47,198.0,1951.0,52.0,26.0,37.24,83.5,17.0,51.0,51.4,12.9165411,74.8806485,-22.8,280.8,10.574,0
08:25:30.148,47,198.0,1951.0,52.0,26.0,37.24,31.4,17.0,51.0,51.4,12.9165475,74.8806464,-22.6,281.1,10.586,0
08:25:30.238,47,198.0,1951.0,52.0,26.0,37.24,31.4,17.0,51.0,51.4,12.9165541,74.8806443,-22.4,281.3,10.599,0
08:25:30.329,47,198.0,1951.0,52.0,26.0,37.24,31.4,17.0,14.1,51.4,12.9165607,74.8806421,-22.2,281.6,10.611,0
08:25:30.418,47,198.0,1951.0,52.0,26.0,37.24,31.4,17.0,14.1,15.7,12.9165672,74.88064,-22.0,281.9,10.624,0
08:25:30.509,47,198.0,1951.0,52.0,26.0,37.24,31.4,17.0,14.1,15.7,12.9165738,74.8806379,-21.8,282.2,10.637,0
08:25:30.598,47,113.0,1951.0,52.0,26.0,37.24,31.4,17.0,14.1,15.7,12.9165803,74.8806358,-21.6,282.5,10.649,0
08:25:30.689,47,113.0,1402.0,52.0,26.0,37.24,31.4,17.0,14.1,15.7,12.9165869,74.8806336,-21.4,282.8,10.662,0
08:25:30.779,47,113.0,1402.0,53.0,26.0,37.24,31.4,17.0,14.1,15.7,12.9165934,74.8806315,-21.2,283.1,10.674,0
08:25:30.869,47,113.0,1402.0,53.0,23.0,37.24,31.4,17.0,14.1,15.7,12.9166,74.8806293,-21.0,283.3,10.687,0
08:25:30.960,47,113.0,1402.0,53.0,23.0,23.49,31.4,17.0,14.1,15.7,12.9166066,74.8806272,-20.8,283.6,10.7,0
08:25:31.049,47,113.0,1402.0,53.0,23.0,23.49,81.2,17.0,14.1,15.7,12.9166131,74.8806251,-20.7,283.9,10.712,0
08:25:31.138,47,113.0,1402.0,53.0,23.0,23.49,81.2,17.0,14.1,15.7,12.9166196,74.880623,-20.5,284.2,10.725,0
08:25:31.228,47,113.0,1402.0,53.0,23.0,23.49,81.2,17.0,54.9,15.7,12.9166261,74.8806208,-20.3,284.5,10.737,0
08:25:31.318,47,113.0,1402.0,53.0,23.0,23.49,81.2,17.0,54.9,55.7,12.9166327,74.8806187,-20.1,284.8,10.75,0
08:25:31.410,47,113.0,1402.0,53.0,23.0,23.49,81.2,17.0,54.9,55.7,12.9166394,74.8806165,-19.9,285.0,10.763,0
08:25:31.499,47,136.0,1402.0,53.0,23.0,23.49,81.2,17.0,54.9,55.7,12.9166459,74.8806144,-19.7,285.3,10.775,0
08:25:31.589,47,136.0,1419.0,53.0,23.0,23.49,81.2,17.0,54.9,55.7,12.9166524,74.8806123,-19.5,285.6,10.788,0
08:25:31.679,47,136.0,1419.0,55.0,23.0,23.49,81.2,17.0,54.9,55.7,12.916659,74.8806102,-19.3,285.9,10.8,0
08:25:31.769,47,136.0,1419.0,55.0,21.0,23.49,81.2,17.0,54.9,55.7,12.9166655,74.880608,-19.1,286.2,10.813,0
08:25:31.859,47,136.0,1419.0,55.0,21.0,35.88,81.2,17.0,54.9,55.7,12.9166721,74.8806059,-18.9,286.5,10.826,0
08:25:31.949,47,136.0,1419.0,55.0,21.0,35.88,83.5,17.0,54.9,55.7,12.9166786,74.8806038,-18.7,286.8,10.838,0
08:25:32.039,47,136.0,1419.0,55.0,21.0,35.88,83.5,17.0,54.9,55.7,12.9166852,74.8806016,-18.5,287.0,10.851,0
08:25:32.128,47,136.0,1419.0,55.0,21.0,35.88,83.5,17.0,37.3,55.7,12.9166916,74.8805995,-18.4,287.3,10.863,0
08:25:32.248,47,136.0,1419.0,55.0,21.0,35.88,83.5,17.0,37.3,26.7,12.9167004,74.8805967,-18.1,287.7,10.88,0
08:25:32.339,47,136.0,1419.0,55.0,21.0,35.88,83.5,17.0,37.3,26.7,12.916707,74.8805945,-17.9,288.0,10.893,0
08:25:32.430,47,127.0,1419.0,55.0,21.0,35.88,83.5,17.0,37.3,26.7,12.9167136,74.8805924,-17.7,288.3,10.906,0
08:25:32.519,47,127.0,1438.0,55.0,21.0,35.88,83.5,17.0,37.3,26.7,12.9167201,74.8805903,-17.5,288.6,10.918,0
08:25:32.609,47,127.0,1438.0,57.0,21.0,35.88,83.5,17.0,37.3,26.7,12.9167267,74.8805881,-17.3,288.8,10.931,0
08:25:32.699,47,127.0,1438.0,57.0,22.0,35.88,83.5,17.0,37.3,26.7,12.9167332,74.880586,-17.1,289.1,10.943,0
08:25:32.789,47,127.0,1438.0,57.0,22.0,24.88,83.5,17.0,37.3,26.7,12.9167398,74.8805839,-16.9,289.4,10.956,0
08:25:32.879,47,127.0,1438.0,57.0,22.0,24.88,31.0,17.0,37.3,26.7,12.9167463,74.8805817,-16.7,289.7,10.968,0
08:25:32.969,47,127.0,1438.0,57.0,22.0,24.88,31.0,17.0,37.3,26.7,12.9167529,74.8805796,-16.6,290.0,10.981,0
08:25:33.060,47,127.0,1438.0,57.0,22.0,24.88,31.0,17.0,14.1,26.7,12.9167595,74.8805774,-16.4,290.3,10.994,0
08:25:33.148,47,127.0,1438.0,57.0,22.0,24.88,31.0,17.0,14.1,14.5,12.9167659,74.8805754,-16.2,290.6,11.006,0
08:25:33.239,47,127.0,1438.0,57.0,22.0,24.88,31.0,17.0,14.1,14.5,12.9167725,74.8805732,-16.0,290.8,11.019,0
08:25:33.329,47,112.0,1438.0,57.0,22.0,24.88,31.0,17.0,14.1,14.5,12.9167791,74.8805711,-15.8,291.1,11.031,0
08:25:33.420,47,112.0,1430.0,57.0,22.0,24.88,31.0,17.0,14.1,14.5,12.9167857,74.8805689,-15.6,291.4,11.044,0
08:25:33.509,47,112.0,1430.0,55.0,22.0,24.88,31.0,17.0,14.1,14.5,12.9167922,74.8805668,-15.4,291.7,11.057,0
08:25:33.599,47,112.0,1430.0,55.0,21.0,24.88,31.0,17.0,14.1,14.5,12.9167987,74.8805647,-15.2,292.0,11.069,0
08:25:33.689,47,112.0,1430.0,55.0,21.0,13.63,31.0,17.0,14.1,14.5,12.9168053,74.8805626,-15.0,292.3,11.082,0
08:25:33.779,47,112.0,1430.0,55.0,21.0,13.63,83.5,17.0,14.1,14.5,12.9168118,74.8805604,-14.8,292.6,11.094,0
08:25:33.869,47,112.0,1430.0,55.0,21.0,13.63,83.5,17.0,14.1,14.5,12.9168184,74.8805583,-14.6,292.8,11.107,0
08:25:33.959,47,112.0,1430.0,55.0,21.0,13.63,83.5,17.0,14.1,14.5,12.9168249,74.8805562,-14.4,293.1,11.12,0
08:25:34.049,47,112.0,1430.0,55.0,21.0,13.63,83.5,17.0,14.1,14.5,12.9168315,74.880554,-14.3,293.4,11.132,0
08:25:34.138,47,112.0,1430.0,55.0,21.0,13.63,83.5,17.0,14.1,14.5,12.916838,74.8805519,-14.1,293.7,11.145,0
08:25:34.229,47,103.0,1430.0,55.0,21.0,13.63,83.5,17.0,14.1,14.5,12.9168446,74.8805498,-13.9,294.0,11.157,0
08:25:34.319,47,103.0,1419.0,55.0,21.0,13.63,83.5,17.0,14.1,14.5,12.9168512,74.8805476,-13.7,294.3,11.17,0
08:25:34.409,47,103.0,1419.0,55.0,21.0,13.63,83.5,17.0,14.1,14.5,12.9168577,74.8805455,-13.5,294.5,11.183,0
08:25:34.499,47,103.0,1419.0,55.0,18.0,13.63,83.5,17.0,14.1,14.5,12.9168643,74.8805434,-13.3,294.8,11.195,0
08:25:34.589,47,103.0,1419.0,55.0,18.0,14.97,83.5,17.0,14.1,14.5,12.9168708,74.8805412,-13.1,295.1,11.208,0
08:25:34.679,47,103.0,1419.0,55.0,18.0,14.97,83.5,17.0,14.1,14.5,12.9168774,74.8805391,-12.9,295.4,11.22,0
08:25:34.769,47,103.0,1419.0,55.0,18.0,14.97,83.5,17.0,14.1,14.5,12.9168839,74.880537,-12.7,295.7,11.233,0
08:25:34.859,47,103.0,1419.0,55.0,18.0,14.97,83.5,17.0,14.1,14.5,12.9168905,74.8805348,-12.5,296.0,11.246,0
08:25:34.949,47,103.0,1419.0,55.0,18.0,14.97,83.5,17.0,14.1,14.5,12.916897,74.8805327,-12.3,296.3,11.258,0
08:25:35.039,48,103.0,1419.0,55.0,18.0,14.97,83.5,17.0,14.1,14.5,12.9169036,74.8805306,-12.1,296.5,11.271,0
08:25:35.128,48,106.0,1419.0,55.0,18.0,14.97,83.5,17.0,14.1,14.5,12.91691,74.8805285,-12.0,296.8,11.283,0
08:25:35.218,48,106.0,1413.0,55.0,18.0,14.97,83.5,17.0,14.1,14.5,12.9169166,74.8805263,-11.8,297.1,11.296,0
08:25:35.308,48,106.0,1413.0,55.0,18.0,14.97,83.5,17.0,14.1,14.5,12.9169231,74.8805242,-11.6,297.4,11.308,0
08:25:35.398,48,106.0,1413.0,55.0,19.0,14.97,83.5,17.0,14.1,14.5,12.9169297,74.8805221,-11.4,297.7,11.321,0
08:25:35.489,48,106.0,1413.0,55.0,19.0,15.97,83.5,17.0,14.1,14.5,12.9169363,74.8805199,-11.2,298.0,11.334,0
08:25:35.578,48,106.0,1413.0,55.0,19.0,15.97,83.5,17.0,14.1,14.5,12.9169428,74.8805178,-11.0,298.2,11.346,0
08:25:35.668,48,106.0,1413.0,55.0,19.0,15.97,83.5,17.0,14.1,14.5,12.9169494,74.8805157,-10.8,298.5,11.359,0
08:25:35.758,48,106.0,1413.0,55.0,19.0,15.97,83.5,17.0,14.1,14.5,12.9169559,74.8805136,-10.6,298.8,11.371,0
08:25:35.850,48,106.0,1413.0,55.0,19.0,15.97,83.5,17.0,14.1,14.1,12.9169626,74.8805114,-10.4,299.1,11.384,0
08:25:35.938,48,106.0,1413.0,55.0,19.0,15.97,83.5,17.0,14.1,14.1,12.916969,74.8805093,-10.2,299.4,11.397,0
08:25:36.028,48,114.0,1413.0,55.0,19.0,15.97,83.5,17.0,14.1,14.1,12.9169756,74.8805072,-10.0,299.7,11.409,0
08:25:36.118,48,114.0,1409.0,55.0,19.0,15.97,83.5,17.0,14.1,14.1,12.9169821,74.880505,-9.8,300.0,11.422,0
08:25:36.208,48,114.0,1409.0,55.0,19.0,15.97,83.5,17.0,14.1,14.1,12.9169887,74.8805029,-9.6,300.2,11.434,0
08:25:36.298,48,114.0,1409.0,55.0,19.0,15.97,83.5,17.0,14.1,14.1,12.9169952,74.8805008,-9.5,300.5,11.447,0
08:25:36.388,48,114.0,1409.0,55.0,19.0,16.55,83.5,17.0,14.1,14.1,12.9170018,74.8804986,-9.3,300.8,11.46,0
08:25:36.478,48,114.0,1409.0,55.0,19.0,16.55,83.5,17.0,14.1,14.1,12.9170083,74.8804965,-9.1,301.1,11.472,0
08:25:36.568,48,114.0,1409.0,55.0,19.0,16.55,83.5,17.0,14.1,14.1,12.9170149,74.8804944,-8.9,301.4,11.485,0
08:25:36.658,48,114.0,1409.0,55.0,19.0,16.55,83.5,17.0,14.1,14.1,12.9170214,74.8804922,-8.7,301.7,11.497,0
08:25:36.748,48,114.0,1409.0,55.0,19.0,16.55,83.5,17.0,14.1,14.5,12.917028,74.8804901,-8.5,302.0,11.51,0
08:25:36.838,48,114.0,1409.0,55.0,19.0,16.55,83.5,17.0,14.1,14.5,12.9170345,74.880488,-8.3,302.2,11.523,0
08:25:36.928,48,119.0,1409.0,55.0,19.0,16.55,83.5,17.0,14.1,14.5,12.9170411,74.8804858,-8.1,302.5,11.535,0
08:25:37.018,48,119.0,1412.0,55.0,19.0,16.55,83.5,17.0,14.1,14.5,12.9170476,74.8804837,-7.9,302.8,11.548,0
08:25:37.108,48,119.0,1412.0,55.0,19.0,16.55,83.5,17.0,14.1,14.5,12.9170542,74.8804816,-7.7,303.1,11.56,0
08:25:37.198,48,119.0,1412.0,55.0,20.0,16.55,83.5,17.0,14.1,14.5,12.9170607,74.8804795,-7.5,303.4,11.573,0
08:25:37.288,48,119.0,1412.0,55.0,20.0,17.11,83.5,17.0,14.1,14.5,12.9170673,74.8804773,-7.3,303.7,11.586,0
08:25:37.378,48,119.0,1412.0,55.0,20.0,17.11,83.5,17.0,14.1,14.5,12.9170738,74.8804752,-7.2,303.9,11.598,0
08:25:37.468,48,119.0,1412.0,55.0,20.0,17.11,83.5,17.0,14.1,14.5,12.9170804,74.8804731,-7.0,304.2,11.611,0
08:25:37.558,48,119.0,1412.0,55.0,20.0,17.11,83.5,17.0,14.1,14.5,12.9170869,74.8804709,-6.8,304.5,11.623,0
08:25:37.648,48,119.0,1412.0,55.0,20.0,17.11,83.5,17.0,14.1,14.5,12.9170935,74.8804688,-6.6,304.8,11.636,0
08:25:37.738,48,119.0,1412.0,55.0,20.0,17.11,83.5,17.0,14.1,14.5,12.9171001,74.8804667,-6.4,305.1,11.649,0
08:25:37.828,48,118.0,1412.0,55.0,20.0,17.11,83.5,17.0,14.1,14.5,12.9171066,74.8804645,-6.2,305.4,11.661,0
08:25:37.918,48,118.0,1421.0,55.0,20.0,17.11,83.5,17.0,14.1,14.5,12.9171132,74.8804624,-6.0,305.7,11.674,0
08:25:38.008,48,118.0,1421.0,55.0,20.0,17.11,83.5,17.0,14.1,14.5,12.9171197,74.8804603,-5.8,305.9,11.686,0
08:25:38.098,48,118.0,1421.0,55.0,20.0,17.11,83.5,17.0,14.1,14.5,12.9171263,74.8804581,-5.6,306.2,11.699,0
08:25:38.188,48,118.0,1421.0,55.0,20.0,16.77,83.5,17.0,14.1,14.5,12.9171328,74.880456,-5.4,306.5,11.712,0
08:25:38.278,48,118.0,1421.0,55.0,20.0,16.77,83.5,17.0,14.1,14.5,12.9171394,74.8804539,-5.2,306.8,11.724,0
08:25:38.368,48,118.0,1421.0,55.0,20.0,16.77,83.5,17.0,14.1,14.5,12.9171459,74.8804517,-5.0,307.1,11.737,0
08:25:38.458,48,118.0,1421.0,55.0,20.0,16.77,83.5,17.0,14.1,14.5,12.9171525,74.8804496,-4.8,307.4,11.749,0
08:25:38.548,48,118.0,1421.0,55.0,20.0,16.77,83.5,17.0,14.1,14.5,12.917159,74.8804475,-4.7,307.7,11.762,0
08:25:38.638,48,118.0,1421.0,55.0,20.0,16.77,83.5,17.0,14.1,14.5,12.9171656,74.8804454,-4.5,307.9,11.775,0
08:25:38.728,48,117.0,1421.0,55.0,20.0,16.77,83.5,17.0,14.1,14.5,12.9171721,74.8804432,-4.3,308.2,11.787,0
08:25:38.818,48,117.0,1423.0,55.0,20.0,16.77,83.5,17.0,14.1,14.5,12.9171787,74.8804411,-4.1,308.5,11.8,0
08:25:38.908,48,117.0,1423.0,56.0,20.0,16.77,83.5,17.0,14.1,14.5,12.9171852,74.880439,-3.9,308.8,11.812,0
08:25:38.998,48,117.0,1423.0,56.0,20.0,16.77,83.5,17.0,14.1,14.5,12.9171918,74.8804368,-3.7,309.1,11.825,0
08:25:39.088,48,117.0,1423.0,56.0,20.0,17.22,83.5,17.0,14.1,14.5,12.9171983,74.8804347,-3.5,309.4,11.838,0
08:25:39.178,48,117.0,1423.0,56.0,20.0,17.22,83.5,17.0,14.1,14.5,12.9172049,74.8804326,-3.3,309.6,11.85,0
08:25:39.268,48,117.0,1423.0,56.0,20.0,17.22,83.5,17.0,14.1,14.5,12.9172114,74.8804304,-3.1,309.9,11.863,0
08:25:39.358,48,117.0,1423.0,56.0,20.0,17.22,83.5,17.0,14.1,14.5,12.917218,74.8804283,-2.9,310.2,11.875,0
08:25:39.448,48,117.0,1423.0,56.0,20.0,17.22,83.5,17.0,14.1,14.5,12.9172245,74.8804262,-2.7,310.5,11.888,0
08:25:39.538,48,117.0,1423.0,56.0,20.0,17.22,83.5,17.0,14.1,14.5,12.9172311,74.880424,-2.5,310.8,11.901,0
08:25:39.628,48,119.0,1423.0,56.0,20.0,17.22,83.5,17.0,14.1,14.5,12.9172376,74.8804219,-2.4,311.1,11.913,0
08:25:39.718,48,119.0,1425.0,56.0,20.0,17.22,83.5,17.0,14.1,14.5,12.9172442,74.8804198,-2.2,311.4,11.926,0
08:25:39.808,48,119.0,1425.0,55.0,20.0,17.22,83.5,17.0,14.1,14.5,12.9172507,74.8804176,-2.0,311.6,11.938,0
08:25:39.898,48,119.0,1425.0,55.0,20.0,17.22,83.5,17.0,14.1,14.5,12.9172573,74.8804155,-1.8,311.9,11.951,0
08:25:39.988,48,119.0,1425.0,55.0,20.0,17.16,83.5,17.0,14.1,14.5,12.9172639,74.8804134,-1.6,312.2,11.964,0
08:25:40.078,48,119.0,1425.0,55.0,20.0,17.16,83.5,17.0,14.1,14.5,12.9172704,74.8804112,-1.4,312.5,11.976,0
08:25:40.168,48,119.0,1425.0,55.0,20.0,17.16,83.5,17.0,14.1,14.5,12.917277,74.8804091,-1.2,312.8,11.989,0
08:25:40.258,48,119.0,1425.0,55.0,20.0,17.16,83.5,17.0,14.1,14.5,12.9172835,74.880407,-1.0,313.1,12.001,0
08:25:40.348,48,119.0,1425.0,55.0,20.0,17.16,83.5,17.0,14.1,14.5,12.9172901,74.8804049,-0.8,313.4,12.014,0
08:25:40.438,48,119.0,1425.0,55.0,20.0,17.16,83.5,17.0,14.1,14.5,12.9172966,74.8804027,-0.6,313.6,12.027,0
08:25:40.528,48,119.0,1425.0,55.0,20.0,17.16,83.5,17.0,14.1,14.5,12.9173032,74.8804006,-0.4,313.9,12.039,0
08:25:40.618,48,119.0,1427.0,55.0,20.0,17.16,83.5,17.0,14.1,14.5,12.9173097,74.8803985,-0.2,314.2,12.052,0
08:25:40.708,48,119.0,1427.0,56.0,20.0,17.16,83.5,17.0,14.1,14.5,12.9173163,74.8803963,-0.0,314.5,12.064,0
08:25:40.798,48,119.0,1427.0,56.0,20.0,17.16,83.5,17.0,14.1,14.5,12.9173228,74.8803942,0.1,314.8,12.077,0
08:25:40.888,48,119.0,1427.0,56.0,20.0,17.38,83.5,17.0,14.1,14.5,12.9173294,74.8803921,0.3,315.1,12.09,0
08:25:40.978,48,119.0,1427.0,56.0,20.0,17.38,83.5,17.0,14.1,14.5,12.9173359,74.8803899,0.5,315.3,12.102,0
08:25:41.068,48,119.0,1427.0,56.0,20.0,17.38,83.5,17.0,14.1,14.5,12.9173425,74.8803878,0.7,315.6,12.115,0
08:25:41.158,48,119.0,1427.0,56.0,20.0,17.38,83.5,17.0,14.1,14.5,12.917349,74.8803857,0.9,315.9,12.127,0
08:25:41.248,48,119.0,1427.0,56.0,20.0,17.38,83.5,17.0,14.1,14.5,12.9173556,74.8803835,1.1,316.2,12.14,0
08:25:41.338,48,119.0,1427.0,56.0,20.0,17.38,83.5,17.0,14.1,14.5,12.9173621,74.8803814,1.3,316.5,12.153,0
08:25:41.428,48,119.0,1427.0,56.0,20.0,17.38,83.5,17.0,14.1,14.5,12.9173687,74.8803793,1.5,316.8,12.165,0
08:25:41.518,48,119.0,1442.0,56.0,20.0,17.38,83.5,17.0,14.1,14.5,12.9173752,74.8803771,1.7,317.1,12.178,0
08:25:41.608,48,119.0,1442.0,56.0,20.0,17.38,83.5,17.0,14.1,14.5,12.9173818,74.880375,1.9,317.3,12.19,0
08:25:41.698,48,119.0,1442.0,56.0,20.0,17.38,83.5,17.0,14.1,14.5,12.9173883,74.8803729,2.1,317.6,12.203,0
08:25:41.788,48,119.0,1442.0,56.0,20.0,17.3,83.5,17.0,14.1,14.5,12.9173949,74.8803708,2.3,317.9,12.216,0
08:25:41.878,48,119.0,1442.0,56.0,20.0,17.3,83.5,17.0,14.1,14.5,12.9174014,74.8803686,2.4,318.2,12.228,0
08:25:41.968,48,119.0,1442.0,56.0,20.0,17.3,83.5,17.0,14.1,14.5,12.917408,74.8803665,2.6,318.5,12.241,0
08:25:42.058,48,119.0,1442.0,56.0,20.0,17.3,83.5,17.0,14.1,14.5,12.9174145,74.8803644,2.8,318.8,12.253,0
08:25:42.148,48,119.0,1442.0,56.0,20.0,17.3,83.5,17.0,14.1,14.5,12.9174211,74.8803622,3.0,319.1,12.266,0
08:25:42.238,49,119.0,1442.0,56.0,20.0,17.3,83.5,17.0,14.1,14.5,12.9174277,74.8803601,3.2,319.3,12.279,0
08:25:42.328,49,118.0,1442.0,56.0,20.0,17.3,83.5,17.0,14.1,14.5,12.9174342,74.880358,3.4,319.6,12.291,0
08:25:42.418,49,118.0,1442.0,56.0,20.0,17.3,83.5,17.0,14.1,14.5,12.9174408,74.8803558,3.6,319.9,12.304,0
08:25:42.508,49,118.0,1442.0,56.0,20.0,17.3,83.5,17.0,14.1,14.5,12.9174473,74.8803537,3.8,320.2,12.316,0
08:25:42.598,49,118.0,1442.0,56.0,20.0,17.3,83.5,17.0,14.1,14.5,12.9174539,74.8803516,4.0,320.5,12.329,0
08:25:42.688,49,118.0,1442.0,56.0,20.0,16.63,83.5,17.0,14.1,14.5,12.9174547,74.8803421,3.8,319.8,12.329,0
08:25:42.778,49,118.0,1442.0,56.0,20.0,16.63,83.5,17.0,14.1,14.5,12.9174551,74.880332,3.5,319.0,12.328,0
08:25:42.868,49,118.0,1442.0,56.0,20.0,16.63,83.5,17.0,14.1,14.5,12.9174555,74.8803219,3.3,318.3,12.326,0
08:25:42.958,49,118.0,1442.0,56.0,20.0,16.63,83.5,17.0,14.1,14.5,12.9174559,74.8803118,3.0,317.5,12.325,0
08:25:43.048,49,118.0,1442.0,56.0,20.0,16.63,83.5,17.0,14.1,14.5,12.9174563,74.8803017,2.8,316.8,12.324,0
08:25:43.138,49,118.0,1442.0,56.0,20.0,16.63,83.5,17.0,14.1,14.5,12.9174567,74.8802916,2.5,316.0,12.323,0
08:25:43.228,49,117.0,1442.0,56.0,20.0,16.63,83.5,17.0,14.1,14.5,12.9174571,74.8802815,2.3,315.3,12.321,0
08:25:43.319,49,117.0,1446.0,56.0,20.0,16.63,83.5,17.0,14.1,14.5,12.9174574,74.8802713,2.0,314.5,12.32,0
08:25:43.408,49,117.0,1446.0,56.0,20.0,16.63,83.5,17.0,14.1,14.5,12.9174578,74.8802613,1.8,313.8,12.319,0
08:25:43.498,49,117.0,1446.0,56.0,20.0,16.63,83.5,17.0,14.1,14.5,12.9174582,74.8802513,1.5,313.0,12.318,0
08:25:43.588,49,117.0,1446.0,56.0,20.0,16.94,83.5,17.0,14.1,14.5,12.9174586,74.8802412,1.3,312.2,12.316,0
08:25:43.678,49,117.0,1446.0,56.0,20.0,16.94,83.5,17.0,14.1,14.5,12.917459,74.8802311,1.0,311.5,12.315,0
08:25:43.768,49,117.0,1446.0,56.0,20.0,16.94,83.5,17.0,14.1,14.5,12.9174594,74.880221,0.8,310.7,12.314,0
08:25:43.859,49,117.0,1446.0,56.0,20.0,16.94,83.5,17.0,14.1,14.5,12.9174598,74.8802108,0.5,310.0,12.313,0
08:25:43.949,49,117.0,1446.0,56.0,20.0,16.94,83.5,17.0,14.1,14.1,12.9174602,74.8802007,0.3,309.2,12.311,0
08:25:44.039,49,117.0,1446.0,56.0,20.0,16.94,83.5,17.0,14.1,14.1,12.9174605,74.8801906,0.0,308.5,12.31,0
08:25:44.129,49,117.0,1446.0,56.0,20.0,16.94,83.5,17.0,14.1,14.1,12.9174609,74.8801805,-0.2,307.7,12.309,0
08:25:44.218,49,117.0,1447.0,56.0,20.0,16.94,83.5,17.0,14.1,14.1,12.9174613,74.8801705,-0.5,307.0,12.308,0
08:25:44.309,49,117.0,1447.0,56.0,20.0,16.94,83.5,17.0,14.1,14.1,12.9174617,74.8801603,-0.7,306.2,12.306,0
08:25:44.398,49,117.0,1447.0,56.0,20.0,16.94,83.5,17.0,14.1,14.1,12.9174621,74.8801503,-1.0,305.4,12.305,0
08:25:44.489,49,117.0,1447.0,56.0,20.0,16.94,83.5,17.0,14.1,14.1,12.9174625,74.8801401,-1.2,304.7,12.304,0
08:25:44.578,49,117.0,1447.0,56.0,20.0,16.94,83.5,17.0,14.1,14.1,12.9174629,74.8801301,-1.5,303.9,12.303,0
08:25:44.699,49,117.0,1447.0,56.0,20.0,16.94,83.5,17.0,14.1,14.1,12.9174634,74.8801166,-1.8,302.9,12.301,0
08:25:44.789,49,117.0,1447.0,56.0,20.0,16.94,83.5,17.0,14.1,14.1,12.9174638,74.8801065,-2.0,302.2,12.3,0
08:25:44.879,49,117.0,1447.0,56.0,20.0,16.94,83.5,17.0,14.1,14.5,12.9174642,74.8800964,-2.3,301.4,12.299,0
08:25:44.970,49,117.0,1447.0,56.0,20.0,16.94,83.5,17.0,14.1,14.5,12.9174646,74.8800862,-2.5,300.6,12.297,0
08:25:45.088,49,117.0,1447.0,56.0,20.0,16.94,83.5,17.0,14.1,14.5,12.9174651,74.8800729,-2.9,299.6,12.296,0
08:25:45.179,49,117.0,1453.0,56.0,20.0,16.94,83.5,17.0,14.1,14.5,12.9174655,74.8800627,-3.1,298.9,12.294,0
08:25:45.269,49,117.0,1453.0,56.0,20.0,16.94,83.5,17.0,14.1,14.5,12.9174659,74.8800526,-3.4,298.1,12.293,0
08:25:45.359,49,117.0,1453.0,56.0,20.0,16.94,83.5,17.0,14.1,14.5,12.9174662,74.8800425,-3.6,297.4,12.292,0
08:25:45.449,49,117.0,1453.0,56.0,20.0,16.69,83.5,17.0,14.1,14.5,12.9174666,74.8800325,-3.9,296.6,12.291,0
08:25:45.539,49,117.0,1453.0,56.0,20.0,16.69,83.5,17.0,14.1,14.5,12.917467,74.8800224,-4.1,295.9,12.289,0
08:25:45.629,49,117.0,1453.0,56.0,20.0,16.69,83.5,17.0,14.1,14.5,12.9174674,74.8800123,-4.4,295.1,12.288,0
08:25:45.719,49,117.0,1453.0,56.0,20.0,16.69,83.5,17.0,14.1,14.5,12.9174678,74.8800022,-4.6,294.3,12.287,0
08:25:45.808,49,117.0,1453.0,56.0,20.0,16.69,83.5,17.0,14.1,14.5,12.9174682,74.8799922,-4.9,293.6,12.286,0
08:25:45.899,49,117.0,1453.0,56.0,20.0,16.69,83.5,17.0,14.1,14.5,12.9174686,74.879982,-5.1,292.8,12.284,0
08:25:45.989,49,116.0,1453.0,56.0,20.0,16.69,83.5,17.0,14.1,14.5,12.917469,74.8799719,-5.4,292.1,12.283,0
08:25:46.079,49,116.0,1453.0,56.0,20.0,16.69,83.5,17.0,14.1,14.5,12.9174693,74.8799618,-5.6,291.3,12.282,0
08:25:46.169,49,116.0,1453.0,57.0,20.0,16.69,83.5,17.0,14.1,14.5,12.9174697,74.8799517,-5.9,290.6,12.281,0
08:25:46.259,49,116.0,1453.0,57.0,20.0,16.69,83.5,17.0,14.1,14.5,12.9174701,74.8799416,-6.1,289.8,12.279,0
08:25:46.349,49,116.0,1453.0,57.0,20.0,16.74,83.5,17.0,14.1,14.5,12.9174705,74.8799315,-6.4,289.1,12.278,0
08:25:46.440,49,116.0,1453.0,57.0,20.0,16.74,83.5,17.0,14.1,14.5,12.9174709,74.8799213,-6.6,288.3,12.277,0
08:25:46.529,49,116.0,1453.0,57.0,20.0,16.74,83.5,17.0,14.1,14.5,12.9174713,74.8799113,-6.9,287.5,12.276,0
08:25:46.619,49,116.0,1453.0,57.0,20.0,16.74,83.5,17.0,14.1,14.5,12.9174717,74.8799012,-7.1,286.8,12.274,0
08:25:46.710,49,116.0,1453.0,57.0,20.0,16.74,83.5,17.0,14.1,14.5,12.9174721,74.879891,-7.4,286.0,12.273,0
08:25:46.799,49,116.0,1453.0,57.0,20.0,16.74,83.5,17.0,14.1,14.5,12.9174724,74.879881,-7.6,285.3,12.272,0
08:25:46.889,49,116.0,1453.0,57.0,20.0,16.74,83.5,17.0,14.1,14.5,12.9174728,74.879871,-7.9,284.5,12.271,0
08:25:46.980,49,116.0,1455.0,57.0,20.0,16.74,83.5,17.0,14.1,14.5,12.9174732,74.8798607,-8.1,283.8,12.269,0
08:25:47.070,49,116.0,1455.0,57.0,20.0,16.74,83.5,17.0,14.1,14.5,12.9174736,74.8798507,-8.4,283.0,12.268,0
08:25:47.159,49,116.0,1455.0,57.0,20.0,16.74,83.5,17.0,14.1,14.5,12.917474,74.8798407,-8.6,282.2,12.267,0
08:25:47.249,49,116.0,1455.0,57.0,20.0,16.8,83.5,17.0,14.1,14.5,12.9174744,74.8798306,-8.9,281.5,12.266,0
08:25:47.339,49,116.0,1455.0,57.0,20.0,16.8,83.5,17.0,14.1,14.5,12.9174748,74.8798205,-9.1,280.7,12.264,0
08:25:47.429,49,116.0,1455.0,57.0,20.0,16.8,83.5,17.0,14.1,14.5,12.9174752,74.8798104,-9.4,280.0,12.263,0
08:25:47.519,49,116.0,1455.0,57.0,20.0,16.8,83.5,17.0,14.1,14.5,12.9174755,74.8798003,-9.6,279.2,12.262,0
08:25:47.610,49,116.0,1455.0,57.0,20.0,16.8,83.5,17.0,14.1,14.5,12.9174759,74.8797901,-9.9,278.5,12.261,0
08:25:47.699,49,116.0,1455.0,57.0,20.0,16.8,83.5,17.0,14.1,14.5,12.9174763,74.8797801,-10.1,277.7,12.259,0
08:25:47.789,49,116.0,1455.0,57.0,20.0,16.8,83.5,17.0,14.1,14.5,12.9174767,74.87977,-10.4,277.0,12.258,0
08:25:47.879,49,116.0,1461.0,57.0,20.0,16.8,83.5,17.0,14.1,14.5,12.9174771,74.8797599,-10.6,276.2,12.257,0
08:25:47.971,49,116.0,1461.0,57.0,20.0,16.8,83.5,17.0,14.1,14.5,12.9174775,74.8797496,-10.9,275.4,12.256,0
08:25:48.060,49,116.0,1461.0,57.0,20.0,16.8,83.5,17.0,14.1,14.5,12.9174779,74.8797396,-11.1,274.7,12.254,0
08:25:48.149,49,116.0,1461.0,57.0,20.0,16.52,83.5,17.0,14.1,14.5,12.9174783,74.8797296,-11.4,273.9,12.253,0
08:25:48.239,49,116.0,1461.0,57.0,20.0,16.52,83.5,17.0,14.1,14.5,12.9174787,74.8797196,-11.6,273.2,12.252,0
08:25:48.329,49,116.0,1461.0,57.0,20.0,16.52,83.5,17.0,14.1,14.5,12.917479,74.8797095,-11.9,272.4,12.251,0
08:25:48.419,49,116.0,1461.0,57.0,20.0,16.52,83.5,17.0,14.1,14.5,12.9174794,74.8796994,-12.1,271.7,12.249,0
08:25:48.511,49,116.0,1461.0,57.0,20.0,16.52,83.5,17.0,14.1,14.5,12.9174798,74.879689,-12.4,270.9,12.248,0
08:25:48.599,49,116.0,1461.0,57.0,20.0,16.52,83.5,17.0,14.1,14.5,12.9174802,74.8796792,-12.6,270.2,12.247,0
08:25:48.689,49,116.0,1461.0,57.0,20.0,16.52,83.5,17.0,14.1,14.5,12.9174806,74.8796691,-12.8,269.4,12.246,0
08:25:48.779,49,116.0,1459.0,57.0,20.0,16.52,83.5,17.0,14.1,14.5,12.917481,74.879659,-13.1,268.6,12.245,0
08:25:48.869,49,116.0,1459.0,57.0,20.0,16.52,83.5,17.0,14.1,14.5,12.9174814,74.8796489,-13.3,267.9,12.243,0
08:25:48.960,49,116.0,1459.0,57.0,20.0,16.52,83.5,17.0,14.1,14.5,12.9174818,74.8796387,-13.6,267.1,12.242,0
08:25:49.050,49,116.0,1459.0,57.0,20.0,16.61,83.5,17.0,14.1,14.5,12.9174821,74.8796286,-13.8,266.4,12.241,0
08:25:49.139,49,116.0,1459.0,57.0,20.0,16.61,83.5,17.0,14.1,14.5,12.9174825,74.8796186,-14.1,265.6,12.24,0
08:25:49.229,49,116.0,1459.0,57.0,20.0,16.61,83.5,17.0,14.1,14.5,12.9174829,74.8796085,-14.3,264.9,12.238,0
08:25:49.318,49,116.0,1459.0,57.0,20.0,16.61,83.5,17.0,14.1,14.5,12.9174833,74.8795985,-14.6,264.1,12.237,0
08:25:49.409,49,116.0,1459.0,57.0,20.0,16.61,83.5,17.0,14.1,14.5,12.9174837,74.8795883,-14.8,263.3,12.236,0
08:25:49.499,50,116.0,1459.0,57.0,20.0,16.61,83.5,17.0,14.1,14.5,12.9174841,74.8795782,-15.1,262.6,12.235,0
08:25:49.593,50,115.0,1459.0,57.0,20.0,16.61,83.5,17.0,14.1,14.5,12.9174845,74.8795677,-15.4,261.8,12.233,0
08:25:49.679,50,115.0,1459.0,57.0,20.0,16.61,83.5,17.0,14.1,14.5,12.9174849,74.8795581,-15.6,261.1,12.232,0
08:25:49.769,50,115.0,1459.0,57.0,20.0,16.61,83.5,17.0,14.1,14.5,12.9174852,74.879548,-15.8,260.3,12.231,0
08:25:49.859,50,115.0,1459.0,57.0,20.0,16.61,83.5,17.0,14.1,14.5,12.9174856,74.8795379,-16.1,259.6,12.23,0
08:25:49.951,50,115.0,1459.0,57.0,20.0,15.16,83.5,17.0,14.1,14.5,12.917486,74.8795276,-16.3,258.8,12.228,0
08:25:50.039,50,115.0,1459.0,57.0,20.0,15.16,83.5,17.0,14.1,14.5,12.9174864,74.8795177,-16.6,258.1,12.227,0
08:25:50.132,50,115.0,1459.0,57.0,20.0,15.16,83.5,17.0,14.1,14.5,12.9174868,74.8795073,-16.8,257.3,12.226,0
08:25:50.219,50,115.0,1459.0,57.0,20.0,15.16,83.5,17.0,14.1,14.5,12.9174872,74.8794975,-17.1,256.5,12.225,0
08:25:50.309,50,115.0,1459.0,57.0,20.0,15.16,83.5,17.0,14.1,14.5,12.9174876,74.8794874,-17.3,255.8,12.223,0
08:25:50.399,50,115.0,1459.0,57.0,20.0,15.16,83.5,17.0,14.1,14.5,12.917488,74.8794773,-17.6,255.0,12.222,0
08:25:50.489,50,110.0,1459.0,57.0,20.0,15.16,83.5,17.0,14.1,14.5,12.9174884,74.8794672,-17.8,254.3,12.221,0
08:25:50.580,50,110.0,1425.0,57.0,20.0,15.16,83.5,17.0,14.1,14.5,12.9174887,74.879457,-18.1,253.5,12.22,0
08:25:50.669,50,110.0,1425.0,55.0,20.0,15.16,83.5,17.0,14.1,14.5,12.9174891,74.879447,-18.3,252.8,12.218,0
08:25:50.759,50,110.0,1425.0,55.0,20.0,15.16,83.5,17.0,14.1,14.5,12.9174895,74.8794369,-18.6,252.0,12.217,0
08:25:50.849,50,110.0,1425.0,55.0,20.0,14.19,83.5,17.0,14.1,14.5,12.9174899,74.8794268,-18.8,251.3,12.216,0
08:25:50.939,50,110.0,1425.0,55.0,20.0,14.19,83.5,17.0,14.1,14.5,12.9174903,74.8794167,-19.1,250.5,12.215,0
08:25:51.030,50,110.0,1425.0,55.0,20.0,14.19,83.5,17.0,14.1,14.5,12.9174907,74.8794065,-19.3,249.7,12.213,0
08:25:51.119,50,110.0,1425.0,55.0,20.0,14.19,83.5,17.0,24.3,14.5,12.9174911,74.8793966,-19.6,249.0,12.212,0
08:25:51.239,50,110.0,1425.0,55.0,20.0,14.19,83.5,17.0,24.3,25.5,12.9174916,74.8793831,-19.9,248.0,12.21,0
08:25:51.330,50,110.0,1425.0,55.0,20.0,14.19,83.5,17.0,24.3,25.5,12.917492,74.8793729,-20.2,247.2,12.209,0
08:25:51.419,50,113.0,1425.0,55.0,20.0,14.19,83.5,17.0,24.3,25.5,12.9174924,74.8793629,-20.4,246.5,12.208,0
08:25:51.509,50,113.0,1390.0,55.0,20.0,14.19,83.5,17.0,24.3,25.5,12.9174927,74.8793528,-20.7,245.7,12.207,0
08:25:51.599,50,113.0,1390.0,54.0,20.0,14.19,83.5,17.0,24.3,25.5,12.9174931,74.8793427,-20.9,245.0,12.205,0
08:25:51.689,50,113.0,1390.0,54.0,20.0,14.19,83.5,17.0,24.3,25.5,12.9174935,74.8793326,-21.2,244.2,12.204,0
08:25:51.779,50,113.0,1390.0,54.0,20.0,14.61,83.5,17.0,24.3,25.5,12.9174939,74.8793225,-21.4,243.4,12.203,0
08:25:51.869,50,113.0,1390.0,54.0,20.0,14.61,83.5,17.0,24.3,25.5,12.9174943,74.8793124,-21.7,242.7,12.202,0
08:25:51.959,50,113.0,1390.0,54.0,20.0,14.61,83.5,17.0,24.3,25.5,12.9174947,74.8793024,-21.9,241.9,12.2,0
08:25:52.049,50,113.0,1390.0,54.0,20.0,14.61,83.5,17.0,32.2,25.5,12.9174951,74.8792923,-22.2,241.2,12.199,0
08:25:52.139,50,113.0,1390.0,54.0,20.0,14.61,83.5,17.0,32.2,32.5,12.9174955,74.8792822,-22.4,240.4,12.198,0
08:25:52.229,50,113.0,1390.0,54.0,20.0,14.61,83.5,17.0,32.2,32.5,12.9174959,74.8792721,-22.7,239.7,12.197,0
08:25:52.319,50,107.0,1390.0,54.0,20.0,14.61,83.5,17.0,32.2,32.5,12.9174962,74.879262,-22.9,238.9,12.195,0
08:25:52.409,50,107.0,1390.0,54.0,20.0,14.61,83.5,17.0,32.2,32.5,12.9174966,74.8792519,-23.1,238.1,12.194,0
08:25:52.500,50,107.0,1390.0,54.0,20.0,14.61,83.5,17.0,32.2,32.5,12.917497,74.8792417,-23.4,237.4,12.193,0
08:25:52.589,50,107.0,1390.0,54.0,20.0,14.61,83.5,17.0,32.2,32.5,12.9174974,74.8792317,-23.6,236.6,12.192,0
08:25:52.679,50,107.0,1390.0,54.0,20.0,16.63,83.5,17.0,32.2,32.5,12.9174978,74.8792216,-23.9,235.9,12.191,0
08:25:52.769,50,107.0,1390.0,54.0,20.0,16.63,83.5,17.0,32.2,32.5,12.9174982,74.8792115,-24.1,235.1,12.189,0
08:25:52.859,50,107.0,1390.0,54.0,20.0,16.63,83.5,17.0,32.2,32.5,12.9174986,74.8792014,-24.4,234.4,12.188,0
08:25:52.949,50,107.0,1390.0,54.0,20.0,16.63,83.5,17.0,36.9,32.5,12.917499,74.8791913,-24.6,233.6,12.187,0
08:25:53.039,50,107.0,1390.0,54.0,20.0,16.63,83.5,17.0,36.9,38.0,12.9174993,74.8791812,-24.9,232.9,12.186,0
08:25:53.128,50,107.0,1390.0,54.0,20.0,16.63,83.5,17.0,36.9,38.0,12.9174997,74.8791713,-25.1,232.1,12.184,0
08:25:53.219,50,118.0,1390.0,54.0,20.0,16.63,83.5,17.0,36.9,38.0,12.9175001,74.879161,-25.4,231.3,12.183,0
08:25:53.309,50,118.0,1407.0,54.0,20.0,16.63,83.5,17.0,36.9,38.0,12.9175005,74.879151,-25.6,230.6,12.182,0
08:25:53.399,50,118.0,1407.0,55.0,20.0,16.63,83.5,17.0,36.9,38.0,12.9175009,74.8791409,-25.9,229.8,12.181,0
08:25:53.489,50,118.0,1407.0,55.0,20.0,16.63,83.5,17.0,36.9,38.0,12.9175013,74.8791308,-26.1,229.1,12.179,0
08:25:53.579,50,118.0,1407.0,55.0,20.0,22.61,83.5,17.0,36.9,38.0,12.9175017,74.8791207,-26.4,228.3,12.178,0
08:25:53.641,50,118.0,1407.0,55.0,20.0,22.61,83.5,17.0,36.9,38.0,12.9175019,74.8791137,-26.6,227.8,12.177,0
08:25:53.729,50,118.0,1407.0,55.0,20.0,22.61,83.5,17.0,36.9,38.0,12.9175023,74.8791039,-26.8,227.1,12.176,0
08:25:53.819,50,118.0,1407.0,55.0,20.0,22.61,83.5,17.0,43.9,38.0,12.9175027,74.8790938,-27.1,226.3,12.175,0
08:25:53.909,50,118.0,1407.0,55.0,20.0,22.61,83.5,17.0,43.9,44.7,12.9175031,74.8790837,-27.3,225.5,12.173,0
08:25:53.998,50,118.0,1407.0,55.0,20.0,22.61,83.5,17.0,43.9,44.7,12.9175035,74.8790737,-27.5,224.8,12.172,0
08:25:54.089,50,135.0,1407.0,55.0,20.0,22.61,83.5,17.0,43.9,44.7,12.9175039,74.8790635,-27.8,224.0,12.171,0
08:25:54.179,50,135.0,1437.0,55.0,20.0,22.61,83.5,17.0,43.9,44.7,12.9175043,74.8790534,-28.1,223.3,12.17,0
08:25:54.269,50,135.0,1437.0,56.0,20.0,22.61,83.5,17.0,43.9,44.7,12.9175046,74.8790433,-28.3,222.5,12.168,0
08:25:54.359,50,135.0,1437.0,56.0,22.0,22.61,83.5,17.0,43.9,44.7,12.917505,74.8790332,-28.5,221.8,12.167,0
08:25:54.449,50,135.0,1437.0,56.0,22.0,26.72,83.5,17.0,43.9,44.7,12.9175054,74.8790231,-28.8,221.0,12.166,0
08:25:54.539,50,135.0,1437.0,56.0,22.0,26.72,83.5,17.0,43.9,44.7,12.9175058,74.879013,-29.0,220.3,12.165,0
08:25:54.629,50,135.0,1437.0,56.0,22.0,26.72,83.5,17.0,43.9,44.7,12.9175062,74.8790029,-29.3,219.5,12.164,0
08:25:54.719,50,135.0,1437.0,56.0,22.0,26.72,83.5,17.0,43.9,44.7,12.9175066,74.8789928,-29.5,218.7,12.162,0
08:25:54.809,50,135.0,1437.0,56.0,22.0,26.72,83.5,17.0,43.9,44.7,12.917507,74.8789827,-29.8,218.0,12.161,0
08:25:54.899,51,135.0,1437.0,56.0,22.0,26.72,83.5,17.0,43.9,44.7,12.9175074,74.8789726,-30.0,217.2,12.16,0
08:25:54.989,51,150.0,1437.0,56.0,22.0,26.72,83.5,17.0,43.9,44.7,12.9175077,74.8789625,-30.3,216.5,12.159,0
08:25:55.078,51,150.0,1483.0,56.0,22.0,26.72,83.5,17.0,43.9,44.7,12.9175081,74.8789526,-30.5,215.7,12.157,0
08:25:55.168,51,150.0,1483.0,58.0,22.0,26.72,83.5,17.0,43.9,44.7,12.9175085,74.8789425,-30.8,215.0,12.156,0
08:25:55.259,51,150.0,1483.0,58.0,23.0,26.72,83.5,17.0,43.9,44.7,12.9175089,74.8789323,-31.0,214.2,12.155,0
08:25:55.349,51,150.0,1483.0,58.0,23.0,25.74,83.5,17.0,43.9,44.7,12.9175093,74.8789222,-31.3,213.5,12.154,0
08:25:55.469,51,150.0,1483.0,58.0,23.0,25.74,83.5,17.0,43.9,44.7,12.9175098,74.8789087,-31.6,212.4,12.152,0
08:25:55.559,51,150.0,1483.0,58.0,23.0,25.74,83.5,17.0,43.9,44.7,12.9175102,74.8788986,-31.9,211.7,12.151,0
08:25:55.650,51,150.0,1483.0,58.0,23.0,25.74,83.5,17.0,14.1,44.7,12.9175079,74.8788916,-32.1,211.4,12.123,0
08:25:55.739,51,150.0,1483.0,58.0,23.0,25.74,83.5,17.0,14.1,14.5,12.9175031,74.878888,-32.3,211.5,12.069,0
08:25:55.829,51,150.0,1483.0,58.0,23.0,25.74,83.5,17.0,14.1,14.5,12.9174981,74.8788843,-32.5,211.7,12.014,0
08:25:55.919,51,110.0,1483.0,58.0,23.0,25.74,83.5,17.0,14.1,14.5,12.9174932,74.8788806,-32.7,211.9,11.96,0
08:25:56.008,51,110.0,1032.0,58.0,23.0,25.74,83.5,17.0,14.1,14.5,12.9174883,74.8788769,-32.9,212.0,11.906,0
08:25:56.098,51,110.0,1032.0,57.0,23.0,25.74,83.5,17.0,14.1,14.5,12.9174834,74.8788732,-33.1,212.2,11.851,0
08:25:56.188,51,110.0,1032.0,57.0,22.0,25.74,83.5,17.0,14.1,14.5,12.9174785,74.8788696,-33.3,212.4,11.797,0
08:25:56.278,51,110.0,1032.0,57.0,22.0,18.19,83.5,17.0,14.1,14.5,12.9174735,74.8788659,-33.5,212.5,11.742,0
08:25:56.368,51,110.0,1032.0,57.0,22.0,18.19,75.7,17.0,14.1,14.5,12.9174686,74.8788622,-33.7,212.7,11.688,0
08:25:56.458,51,110.0,1032.0,57.0,22.0,18.19,75.7,17.0,14.1,14.5,12.9174637,74.8788585,-33.9,212.9,11.633,0
08:25:56.548,51,110.0,1032.0,57.0,22.0,18.19,75.7,17.0,14.1,14.5,12.9174588,74.8788548,-34.1,213.0,11.579,0
08:25:56.638,51,110.0,1032.0,57.0,22.0,18.19,75.7,17.0,14.1,14.5,12.9174538,74.8788511,-34.3,213.2,11.524,0
08:25:56.729,51,110.0,1032.0,57.0,22.0,18.19,75.7,17.0,14.1,14.5,12.9174488,74.8788474,-34.5,213.4,11.469,0
08:25:56.819,51,105.0,1032.0,57.0,22.0,18.19,75.7,17.0,14.1,14.5,12.9174439,74.8788437,-34.7,213.5,11.415,0
08:25:56.911,51,105.0,1778.0,57.0,22.0,18.19,75.7,17.0,14.1,14.5,12.9174389,74.8788399,-34.9,213.7,11.359,0
08:25:56.999,51,105.0,1778.0,55.0,22.0,18.19,75.7,17.0,14.1,14.5,12.917434,74.8788363,-35.1,213.9,11.306,0
08:25:57.088,51,105.0,1778.0,55.0,20.0,18.19,75.7,17.0,14.1,14.5,12.9174292,74.8788326,-35.3,214.0,11.252,0
08:25:57.178,51,105.0,1778.0,55.0,20.0,24.55,75.7,17.0,14.1,14.5,12.9174242,74.878829,-35.5,214.2,11.197,0
08:25:57.269,51,105.0,1778.0,55.0,20.0,24.55,83.5,17.0,14.1,14.5,12.9174193,74.8788252,-35.7,214.4,11.142,0
08:25:57.359,51,105.0,1778.0,55.0,20.0,24.55,83.5,17.0,14.1,14.5,12.9174143,74.8788215,-35.9,214.5,11.088,0
08:25:57.449,51,105.0,1778.0,55.0,20.0,24.55,83.5,17.0,14.1,14.5,12.9174094,74.8788178,-36.1,214.7,11.033,0
08:25:57.539,51,105.0,1778.0,55.0,20.0,24.55,83.5,17.0,14.1,14.5,12.9174045,74.8788142,-36.3,214.9,10.979,0
08:25:57.629,51,105.0,1778.0,55.0,20.0,24.55,83.5,17.0,14.1,14.5,12.9173995,74.8788105,-36.5,215.0,10.924,0
08:25:57.719,51,117.0,1778.0,55.0,20.0,24.55,83.5,17.0,14.1,14.5,12.9173946,74.8788068,-36.7,215.2,10.87,0
08:25:57.809,51,117.0,1965.0,55.0,20.0,24.55,83.5,17.0,14.1,14.5,12.9173897,74.8788031,-36.9,215.4,10.815,0
08:25:57.899,51,117.0,1965.0,53.0,20.0,24.55,83.5,17.0,14.1,14.5,12.9173848,74.8787994,-37.1,215.5,10.76,0
08:25:57.989,51,117.0,1965.0,53.0,21.0,24.55,83.5,17.0,14.1,14.5,12.9173798,74.8787957,-37.3,215.7,10.706,0
08:25:58.079,51,117.0,1965.0,53.0,21.0,21.16,83.5,17.0,14.1,14.5,12.9173749,74.878792,-37.5,215.9,10.651,0
08:25:58.168,51,117.0,1965.0,53.0,21.0,21.16,83.5,17.0,14.1,14.5,12.91737,74.8787884,-37.7,216.0,10.598,0
08:25:58.259,51,117.0,1965.0,53.0,21.0,21.16,83.5,17.0,14.1,14.5,12.917365,74.8787846,-37.9,216.2,10.542,0
08:25:58.350,51,117.0,1965.0,53.0,21.0,21.16,83.5,17.0,14.1,14.5,12.9173601,74.8787809,-38.1,216.4,10.487,0
08:25:58.439,51,117.0,1965.0,53.0,21.0,21.16,83.5,17.0,14.1,14.5,12.9173552,74.8787772,-38.3,216.5,10.433,0
08:25:58.529,51,117.0,1965.0,53.0,21.0,21.16,83.5,17.0,14.1,14.5,12.9173502,74.8787736,-38.5,216.7,10.379,0
08:25:58.619,51,120.0,1965.0,53.0,21.0,21.16,83.5,17.0,14.1,14.5,12.9173453,74.8787699,-38.7,216.9,10.324,0
08:25:58.712,51,120.0,1886.0,53.0,21.0,21.16,83.5,17.0,14.1,14.5,12.9173402,74.8787661,-38.9,217.0,10.268,0
08:25:58.799,51,120.0,1886.0,50.0,21.0,21.16,83.5,17.0,14.1,14.5,12.9173355,74.8787625,-39.1,217.2,10.215,0
08:25:58.889,51,120.0,1886.0,50.0,21.0,21.16,83.5,17.0,14.1,14.5,12.9173305,74.8787588,-39.3,217.4,10.161,0
08:25:58.981,51,120.0,1886.0,50.0,21.0,20.74,83.5,17.0,14.1,14.5,12.9173255,74.878755,-39.5,217.5,10.105,0
08:25:59.069,51,120.0,1886.0,50.0,21.0,20.74,83.5,17.0,14.1,14.5,12.9173207,74.8787514,-39.7,217.7,10.052,0
08:25:59.158,51,120.0,1886.0,50.0,21.0,20.74,83.5,17.0,14.1,14.5,12.9173158,74.8787478,-39.9,217.8,9.998,0
08:25:59.249,51,120.0,1886.0,50.0,21.0,20.74,83.5,17.0,20.0,14.5,12.9173108,74.878744,-40.1,218.0,9.943,0
08:25:59.339,51,120.0,1886.0,50.0,21.0,20.74,83.5,17.0,20.0,21.6,12.9173059,74.8787403,-40.3,218.2,9.888,0
08:25:59.429,51,120.0,1886.0,50.0,21.0,20.74,83.5,17.0,20.0,21.6,12.917301,74.8787367,-40.5,218.3,9.834,0
08:25:59.519,51,119.0,1886.0,50.0,21.0,20.74,83.5,17.0,20.0,21.6,12.917296,74.878733,-40.7,218.5,9.779,0
08:25:59.609,51,119.0,1821.0,50.0,21.0,20.74,83.5,17.0,20.0,21.6,12.9172911,74.8787293,-40.9,218.7,9.725,0
08:25:59.700,51,119.0,1821.0,49.0,21.0,20.74,83.5,17.0,20.0,21.6,12.9172861,74.8787255,-41.1,218.8,9.67,0
08:25:59.790,51,119.0,1821.0,49.0,21.0,20.74,83.5,17.0,20.0,21.6,12.9172812,74.8787218,-41.3,219.0,9.615,0
08:25:59.879,51,119.0,1821.0,49.0,21.0,17.88,83.5,17.0,20.0,21.6,12.9172763,74.8787182,-41.5,219.2,9.561,0
08:25:59.970,51,119.0,1821.0,49.0,21.0,17.88,83.5,17.0,20.0,21.6,12.9172713,74.8787145,-41.7,219.3,9.506,0
08:26:00.059,51,119.0,1821.0,49.0,21.0,17.88,83.5,17.0,20.0,21.6,12.9172664,74.8787108,-41.9,219.5,9.452,0
08:26:00.148,51,119.0,1821.0,49.0,21.0,17.88,83.5,17.0,39.2,21.6,12.9172616,74.8787072,-42.1,219.7,9.398,0
08:26:00.239,51,119.0,1821.0,49.0,21.0,17.88,83.5,17.0,39.2,41.6,12.9172566,74.8787034,-42.3,219.8,9.343,0
08:26:00.329,51,119.0,1821.0,49.0,21.0,17.88,83.5,17.0,39.2,41.6,12.9172517,74.8786997,-42.5,220.0,9.289,0
08:26:00.419,51,122.0,1821.0,49.0,21.0,17.88,83.5,17.0,39.2,41.6,12.9172467,74.8786961,-42.7,220.2,9.234,0
08:26:00.509,51,122.0,1833.0,49.0,21.0,17.88,83.5,17.0,39.2,41.6,12.9172418,74.8786924,-42.9,220.3,9.18,0
08:26:00.599,51,122.0,1833.0,49.0,21.0,17.88,83.5,17.0,39.2,41.6,12.9172369,74.8786887,-43.1,220.5,9.125,0
08:26:00.719,51,122.0,1833.0,49.0,21.0,17.88,83.5,17.0,39.2,41.6,12.9172303,74.8786838,-43.3,220.7,9.052,0
08:26:00.809,51,122.0,1833.0,49.0,21.0,33.8,83.5,17.0,39.2,41.6,12.9172254,74.8786801,-43.5,220.9,8.998,0
08:26:00.899,51,122.0,1833.0,49.0,21.0,33.8,83.5,17.0,39.2,41.6,12.9172204,74.8786764,-43.7,221.1,8.943,0
08:26:00.989,51,122.0,1833.0,49.0,21.0,33.8,83.5,17.0,39.2,41.6,12.9172155,74.8786727,-43.9,221.2,8.889,0
08:26:01.079,51,122.0,1833.0,49.0,21.0,33.8,83.5,17.0,46.7,41.6,12.9172106,74.878669,-44.1,221.4,8.834,0
08:26:01.169,51,122.0,1833.0,49.0,21.0,33.8,83.5,17.0,46.7,48.6,12.9172056,74.8786653,-44.3,221.6,8.78,0
08:26:01.259,52,122.0,1833.0,49.0,21.0,33.8,83.5,17.0,46.7,48.6,12.9172007,74.8786616,-44.5,221.7,8.725,0
08:26:01.349,52,166.0,1833.0,49.0,21.0,33.8,83.5,17.0,46.7,48.6,12.9171958,74.8786579,-44.7,221.9,8.671,0
08:26:01.439,52,166.0,1927.0,49.0,21.0,33.8,83.5,17.0,46.7,48.6,12.9171909,74.8786542,-44.9,222.1,8.616,0
08:26:01.529,52,166.0,1927.0,52.0,21.0,33.8,83.5,17.0,46.7,48.6,12.9171859,74.8786505,-45.1,222.2,8.562,0
08:26:01.619,52,166.0,1927.0,52.0,22.0,33.8,83.5,17.0,46.7,48.6,12.917181,74.8786469,-45.3,222.4,8.507,0
08:26:01.709,52,166.0,1927.0,52.0,22.0,62.77,83.5,17.0,46.7,48.6,12.9171761,74.8786432,-45.5,222.5,8.453,0
08:26:01.799,52,166.0,1927.0,52.0,22.0,62.77,83.5,17.0,46.7,48.6,12.9171711,74.8786395,-45.7,222.7,8.398,0
08:26:01.889,52,166.0,1927.0,52.0,22.0,62.77,83.5,17.0,46.7,48.6,12.9171662,74.8786358,-45.9,222.9,8.344,0
08:26:01.979,52,166.0,1927.0,52.0,22.0,62.77,83.5,17.0,58.4,48.6,12.9171613,74.8786321,-46.1,223.0,8.289,0
08:26:02.069,52,166.0,1927.0,52.0,22.0,62.77,83.5,17.0,58.4,58.8,12.9171564,74.8786284,-46.3,223.2,8.235,0
08:26:02.159,52,166.0,1927.0,52.0,22.0,62.77,83.5,17.0,58.4,58.8,12.9171514,74.8786247,-46.5,223.4,8.18,0
08:26:02.248,52,223.0,1927.0,52.0,22.0,62.77,83.5,17.0,58.4,58.8,12.9171465,74.8786211,-46.7,223.5,8.126,0
08:26:02.339,52,223.0,2126.0,52.0,22.0,62.77,83.5,17.0,58.4,58.8,12.9171416,74.8786173,-46.9,223.7,8.071,0
08:26:02.429,52,223.0,2126.0,58.0,22.0,62.77,83.5,17.0,58.4,58.8,12.9171366,74.8786136,-47.1,223.9,8.017,0
08:26:02.519,52,223.0,2126.0,58.0,26.0,62.77,83.5,17.0,58.4,58.8,12.9171317,74.8786099,-47.3,224.0,7.962,0
08:26:02.609,52,223.0,2126.0,58.0,26.0,80.97,83.5,17.0,58.4,58.8,12.9171268,74.8786063,-47.5,224.2,7.908,0
08:26:02.699,52,223.0,2126.0,58.0,26.0,80.97,83.5,17.0,58.4,58.8,12.9171218,74.8786026,-47.7,224.4,7.853,0
08:26:02.789,52,223.0,2126.0,58.0,26.0,80.97,83.5,17.0,58.4,58.8,12.9171169,74.8785989,-47.9,224.5,7.799,0
08:26:02.880,52,223.0,2126.0,58.0,26.0,80.97,83.5,17.0,60.0,58.8,12.9171119,74.8785951,-48.1,224.7,7.743,0
08:26:02.969,52,223.0,2126.0,58.0,26.0,80.97,83.5,17.0,60.0,60.4,12.9171071,74.8785915,-48.3,224.9,7.69,0
08:26:03.059,52,223.0,2126.0,58.0,26.0,80.97,83.5,17.0,60.0,60.4,12.9171021,74.8785878,-48.5,225.0,7.635,0
08:26:03.149,52,225.0,2126.0,58.0,26.0,80.97,83.5,17.0,60.0,60.4,12.9170972,74.8785841,-48.7,225.2,7.58,0
08:26:03.239,52,225.0,2415.0,58.0,26.0,80.97,83.5,17.0,60.0,60.4,12.9170923,74.8785804,-48.9,225.4,7.526,0
08:26:03.329,52,225.0,2415.0,65.0,26.0,80.97,83.5,17.0,60.0,60.4,12.9170873,74.8785767,-49.1,225.5,7.471,0
08:26:03.419,52,225.0,2415.0,65.0,25.0,80.97,83.5,17.0,60.0,60.4,12.9170824,74.878573,-49.3,225.7,7.417,0
08:26:03.510,52,225.0,2415.0,65.0,25.0,88.08,83.5,17.0,60.0,60.4,12.9170774,74.8785693,-49.5,225.9,7.362,0
08:26:03.599,52,225.0,2415.0,65.0,25.0,88.08,83.5,17.0,60.0,60.4,12.9170725,74.8785657,-49.7,226.0,7.308,0
08:26:03.689,52,225.0,2415.0,65.0,25.0,88.08,83.5,17.0,60.0,60.4,12.9170676,74.878562,-49.9,226.2,7.253,0
08:26:03.779,52,225.0,2415.0,65.0,25.0,88.08,83.5,17.0,14.1,60.4,12.9170627,74.8785583,-50.1,226.4,7.199,0
08:26:03.869,52,225.0,2415.0,65.0,25.0,88.08,83.5,17.0,14.1,14.5,12.9170578,74.8785546,-50.3,226.5,7.144,0
08:26:03.960,52,225.0,2415.0,65.0,25.0,88.08,83.5,17.0,14.1,14.5,12.9170528,74.8785509,-50.5,226.7,7.089,0
08:26:04.049,52,131.0,2415.0,65.0,25.0,88.08,83.5,17.0,14.1,14.5,12.9170479,74.8785472,-50.7,226.9,7.035,0
08:26:04.139,52,131.0,2523.0,65.0,25.0,88.08,83.5,17.0,14.1,14.5,12.917043,74.8785435,-50.9,227.0,6.981,0
08:26:04.229,52,131.0,2523.0,68.0,25.0,88.08,83.5,17.0,14.1,14.5,12.917038,74.8785398,-51.1,227.2,6.926,0
08:26:04.319,52,131.0,2523.0,68.0,23.0,88.08,83.5,17.0,14.1,14.5,12.9170331,74.8785361,-51.3,227.4,6.872,0
08:26:04.410,52,131.0,2523.0,68.0,23.0,36.13,83.5,17.0,14.1,14.5,12.9170281,74.8785324,-51.5,227.5,6.817,0
08:26:04.500,52,131.0,2523.0,68.0,23.0,36.13,83.5,17.0,14.1,14.5,12.9170232,74.8785287,-51.7,227.7,6.762,0
08:26:04.589,52,131.0,2523.0,68.0,23.0,36.13,83.5,17.0,14.1,14.5,12.9170183,74.8785251,-51.9,227.9,6.708,0
08:26:04.679,52,131.0,2523.0,68.0,23.0,36.13,83.5,17.0,14.1,14.5,12.9170134,74.8785214,-52.1,228.0,6.654,0
08:26:04.770,52,131.0,2523.0,68.0,23.0,36.13,83.5,17.0,14.1,14.5,12.9170084,74.8785176,-52.3,228.2,6.599,0
08:26:04.859,52,131.0,2523.0,68.0,23.0,36.13,83.5,17.0,14.1,14.5,12.9170035,74.878514,-52.5,228.4,6.545,0
08:26:04.949,52,133.0,2523.0,68.0,23.0,36.13,83.5,17.0,14.1,14.5,12.9169986,74.8785103,-52.7,228.5,6.49,0
08:26:05.050,52,133.0,2460.0,68.0,23.0,36.13,83.5,17.0,14.1,14.5,12.9169931,74.8785062,-52.9,228.7,6.429,0
08:26:05.128,52,133.0,2460.0,66.0,23.0,36.13,83.5,17.0,14.1,14.5,12.9169888,74.878503,-53.1,228.8,6.382,0
08:26:05.219,52,133.0,2460.0,66.0,21.0,36.13,83.5,17.0,14.1,14.5,12.9169838,74.8784992,-53.3,229.0,6.327,0
08:26:05.310,52,133.0,2460.0,66.0,21.0,35.19,83.5,17.0,14.1,14.5,12.9169788,74.8784955,-53.5,229.2,6.272,0
08:26:05.399,52,133.0,2460.0,66.0,21.0,35.19,83.5,17.0,14.1,14.5,12.916974,74.8784918,-53.7,229.3,6.218,0
08:26:05.489,52,133.0,2460.0,66.0,21.0,35.19,83.5,17.0,14.1,14.5,12.916969,74.8784882,-53.9,229.5,6.163,0
08:26:05.579,52,133.0,2460.0,66.0,21.0,35.19,83.5,17.0,14.1,14.5,12.9169641,74.8784845,-54.1,229.7,6.109,0
08:26:05.699,52,133.0,2460.0,66.0,21.0,35.19,83.5,17.0,14.1,14.1,12.9169575,74.8784795,-54.4,229.9,6.036,0
08:26:05.789,52,133.0,2460.0,66.0,21.0,35.19,83.5,17.0,14.1,14.1,12.9169526,74.8784759,-54.6,230.1,5.981,0
08:26:05.879,52,129.0,2460.0,66.0,21.0,35.19,83.5,17.0,14.1,14.1,12.9169477,74.8784722,-54.7,230.2,5.927,0
08:26:05.969,52,129.0,2231.0,66.0,21.0,35.19,83.5,17.0,14.1,14.1,12.9169427,74.8784685,-54.9,230.4,5.872,0
08:26:06.059,52,129.0,2231.0,60.0,21.0,35.19,83.5,17.0,14.1,14.1,12.9169378,74.8784648,-55.1,230.6,5.818,0
08:26:06.148,52,129.0,2231.0,60.0,21.0,35.19,83.5,17.0,14.1,14.1,12.9169329,74.8784611,-55.3,230.7,5.764,0
08:26:06.239,52,129.0,2231.0,60.0,21.0,27.08,83.5,17.0,14.1,14.1,12.9169279,74.8784574,-55.5,230.9,5.709,0
08:26:06.329,52,129.0,2231.0,60.0,21.0,27.08,83.5,17.0,14.1,14.1,12.916923,74.8784537,-55.7,231.1,5.654,0
08:26:06.419,52,129.0,2231.0,60.0,21.0,27.08,83.5,17.0,14.1,14.1,12.9169181,74.87845,-55.9,231.2,5.6,0
08:26:06.509,52,129.0,2231.0,60.0,21.0,27.08,83.5,17.0,14.1,14.1,12.9169132,74.8784463,-56.1,231.4,5.545,0
08:26:06.601,52,129.0,2231.0,60.0,21.0,27.08,83.5,17.0,14.1,14.5,12.9169081,74.8784426,-56.3,231.6,5.49,0
08:26:06.689,52,129.0,2231.0,60.0,21.0,27.08,83.5,17.0,14.1,14.5,12.9169033,74.878439,-56.5,231.7,5.436,0
08:26:06.781,52,124.0,2231.0,60.0,21.0,27.08,83.5,17.0,14.1,14.5,12.9168983,74.8784352,-56.7,231.9,5.381,0
08:26:06.869,52,124.0,2014.0,60.0,21.0,27.08,83.5,17.0,14.1,14.5,12.9168934,74.8784316,-56.9,232.1,5.327,0
08:26:06.959,52,124.0,2014.0,54.0,21.0,27.08,83.5,17.0,14.1,14.5,12.9168885,74.8784279,-57.1,232.2,5.273,0
08:26:07.049,52,124.0,2014.0,54.0,20.0,27.08,83.5,17.0,14.1,14.5,12.9168836,74.8784242,-57.3,232.4,5.218,0
08:26:07.138,52,124.0,2014.0,54.0,20.0,22.08,83.5,17.0,14.1,14.5,12.9168787,74.8784205,-57.5,232.6,5.164,0
08:26:07.229,52,124.0,2014.0,54.0,20.0,22.08,83.5,17.0,14.1,14.5,12.9168737,74.8784168,-57.7,232.7,5.109,0
08:26:07.319,52,124.0,2014.0,54.0,20.0,22.08,83.5,17.0,14.1,14.5,12.9168688,74.8784131,-57.9,232.9,5.055,0
08:26:07.409,52,124.0,2014.0,54.0,20.0,22.08,83.5,17.0,14.1,14.5,12.9168639,74.8784094,-58.1,233.1,5.0,0
08:26:07.499,52,124.0,2014.0,54.0,20.0,22.08,83.5,17.0,14.1,14.5,12.9168589,74.8784057,-58.3,233.2,4.946,0
08:26:07.589,52,124.0,2014.0,54.0,20.0,22.08,83.5,17.0,14.1,14.5,12.916854,74.878402,-58.5,233.4,4.891,0
08:26:07.679,52,121.0,2014.0,54.0,20.0,22.08,83.5,17.0,14.1,14.5,12.9168491,74.8783984,-58.7,233.6,4.837,0
08:26:07.769,52,121.0,1818.0,54.0,20.0,22.08,83.5,17.0,14.1,14.5,12.9168441,74.8783947,-58.9,233.7,4.782,0
08:26:07.829,52,121.0,1818.0,49.0,20.0,22.08,83.5,17.0,14.1,14.5,12.9168409,74.8783922,-59.1,233.8,4.746,0
08:26:07.919,52,121.0,1818.0,49.0,19.0,22.08,83.5,17.0,14.1,14.5,12.9168359,74.8783885,-59.3,234.0,4.691,0
08:26:08.008,52,121.0,1818.0,49.0,19.0,18.94,83.5,17.0,14.1,14.5,12.9168311,74.8783849,-59.5,234.2,4.637,0
08:26:08.098,52,121.0,1818.0,49.0,19.0,18.94,83.5,17.0,14.1,14.5,12.9168261,74.8783812,-59.7,234.3,4.583,0
08:26:08.188,52,121.0,1818.0,49.0,19.0,18.94,83.5,17.0,14.1,14.5,12.9168212,74.8783775,-59.9,234.5,4.528,0
08:26:08.279,52,121.0,1818.0,49.0,19.0,18.94,83.5,17.0,14.1,14.5,12.9168162,74.8783738,-60.1,234.7,4.473,0
08:26:08.368,52,121.0,1818.0,49.0,19.0,18.94,83.5,17.0,14.1,14.5,12.9168113,74.8783701,-60.3,234.8,4.419,0
08:26:08.458,52,121.0,1818.0,49.0,19.0,18.94,83.5,17.0,14.1,14.5,12.9168064,74.8783664,-60.5,235.0,4.365,0
08:26:08.549,52,119.0,1818.0,49.0,19.0,18.94,83.5,17.0,14.1,14.5,12.9168014,74.8783627,-60.7,235.2,4.31,0
08:26:08.639,52,119.0,1700.0,49.0,19.0,18.94,83.5,17.0,14.1,14.5,12.9167965,74.878359,-60.9,235.3,4.255,0
08:26:08.729,52,119.0,1700.0,46.0,19.0,18.94,83.5,17.0,14.1,14.5,12.9167916,74.8783553,-61.1,235.5,4.201,0
08:26:08.818,52,119.0,1700.0,46.0,18.0,18.94,83.5,17.0,14.1,14.5,12.9167867,74.8783517,-61.3,235.6,4.147,0
08:26:08.908,52,119.0,1700.0,46.0,18.0,17.99,83.5,17.0,14.1,14.5,12.9167818,74.878348,-61.5,235.8,4.092,0
08:26:08.998,52,119.0,1700.0,46.0,18.0,17.99,83.5,17.0,14.1,14.5,12.9167768,74.8783443,-61.7,236.0,4.038,0
08:26:09.088,52,119.0,1700.0,46.0,18.0,17.99,83.5,17.0,14.1,14.5,12.9167719,74.8783406,-61.9,236.1,3.983,0
08:26:09.179,52,119.0,1700.0,46.0,18.0,17.99,83.5,17.0,18.4,14.5,12.9167669,74.8783368,-62.1,236.3,3.928,0
08:26:09.268,52,119.0,1700.0,46.0,18.0,17.99,83.5,17.0,18.4,20.0,12.916762,74.8783332,-62.3,236.5,3.874,0
08:26:09.360,52,119.0,1700.0,46.0,18.0,17.99,83.5,17.0,18.4,20.0,12.916757,74.8783294,-62.5,236.6,3.818,0
08:26:09.449,52,117.0,1700.0,46.0,18.0,17.99,83.5,17.0,18.4,20.0,12.9167521,74.8783258,-62.7,236.8,3.764,0
08:26:09.539,52,117.0,1659.0,46.0,18.0,17.99,83.5,17.0,18.4,20.0,12.9167472,74.8783221,-62.9,237.0,3.71,0
08:26:09.629,52,117.0,1659.0,45.0,18.0,17.99,83.5,17.0,18.4,20.0,12.9167431,74.8783176,-63.0,237.1,3.68,0
08:26:09.718,52,117.0,1659.0,45.0,18.0,17.99,83.5,17.0,18.4,20.0,12.9167411,74.8783111,-62.9,237.1,3.719,0
08:26:09.779,52,117.0,1659.0,45.0,18.0,18.3,83.5,17.0,18.4,20.0,12.9167397,74.8783066,-62.9,237.1,3.745,0
08:26:09.868,52,117.0,1659.0,45.0,18.0,18.3,83.5,17.0,18.4,20.0,12.9167378,74.8783001,-62.8,237.2,3.784,0
08:26:09.958,52,117.0,1659.0,45.0,18.0,18.3,83.5,17.0,18.4,20.0,12.9167358,74.8782935,-62.8,237.2,3.823,0
08:26:10.049,52,117.0,1659.0,45.0,18.0,18.3,83.5,17.0,29.8,20.0,12.9167338,74.8782869,-62.7,237.2,3.862,0
08:26:10.138,52,117.0,1659.0,45.0,18.0,18.3,83.5,17.0,29.8,32.5,12.9167318,74.8782803,-62.7,237.2,3.9,0
08:26:10.228,52,117.0,1659.0,45.0,18.0,18.3,83.5,17.0,29.8,32.5,12.9167298,74.8782737,-62.6,237.2,3.939,0
08:26:10.318,52,109.0,1659.0,45.0,18.0,18.3,83.5,17.0,29.8,32.5,12.9167278,74.8782671,-62.6,237.3,3.978,0
08:26:10.408,52,109.0,1663.0,45.0,18.0,18.3,83.5,17.0,29.8,32.5,12.9167258,74.8782606,-62.5,237.3,4.017,0
08:26:10.499,52,109.0,1663.0,44.0,18.0,18.3,83.5,17.0,29.8,32.5,12.9167238,74.8782539,-62.5,237.3,4.056,0
08:26:10.590,52,109.0,1663.0,44.0,18.0,18.3,83.5,17.0,29.8,32.5,12.9167218,74.8782472,-62.4,237.3,4.096,0
08:26:10.709,52,109.0,1663.0,44.0,18.0,23.16,83.5,17.0,29.8,32.5,12.9167192,74.8782385,-62.4,237.3,4.147,0
08:26:10.799,52,109.0,1663.0,44.0,18.0,23.16,83.5,17.0,29.8,32.5,12.9167172,74.8782319,-62.3,237.4,4.186,0
08:26:10.889,52,109.0,1663.0,44.0,18.0,23.16,83.5,17.0,29.8,32.5,12.9167152,74.8782253,-62.3,237.4,4.225,0
08:26:10.979,52,109.0,1663.0,44.0,18.0,23.16,83.5,17.0,45.9,32.5,12.9167132,74.8782187,-62.2,237.4,4.264,0
08:26:11.070,52,109.0,1663.0,44.0,18.0,23.16,83.5,17.0,45.9,47.5,12.9167112,74.8782121,-62.2,237.4,4.303,0
08:26:11.159,52,109.0,1663.0,44.0,18.0,23.16,83.5,17.0,45.9,47.5,12.9167092,74.8782055,-62.1,237.4,4.342,0
08:26:11.249,52,137.0,1663.0,44.0,18.0,23.16,83.5,17.0,45.9,47.5,12.9167072,74.8781989,-62.1,237.5,4.38,0
08:26:11.339,52,137.0,1735.0,44.0,18.0,23.16,83.5,17.0,45.9,47.5,12.9167052,74.8781924,-62.0,237.5,4.419,0
08:26:11.430,52,137.0,1735.0,46.0,18.0,23.16,83.5,17.0,45.9,47.5,12.9167032,74.8781857,-62.0,237.5,4.459,0
08:26:11.519,52,137.0,1735.0,46.0,19.0,23.16,83.5,17.0,45.9,47.5,12.9167012,74.8781792,-61.9,237.5,4.497,0
08:26:11.609,52,137.0,1735.0,46.0,19.0,38.86,83.5,17.0,45.9,47.5,12.9166992,74.8781726,-61.9,237.5,4.536,0
08:26:11.699,52,137.0,1735.0,46.0,19.0,38.86,83.5,17.0,45.9,47.5,12.9166972,74.878166,-61.8,237.6,4.575,0
08:26:11.789,52,137.0,1735.0,46.0,19.0,38.86,83.5,17.0,45.9,47.5,12.9166952,74.8781594,-61.8,237.6,4.614,0
08:26:11.879,52,137.0,1735.0,46.0,19.0,38.86,83.5,17.0,52.9,47.5,12.9166933,74.8781528,-61.7,237.6,4.653,0
08:26:11.970,52,137.0,1735.0,46.0,19.0,38.86,83.5,17.0,52.9,54.1,12.9166912,74.8781461,-61.6,237.6,4.692,0
08:26:12.059,52,137.0,1735.0,46.0,19.0,38.86,83.5,17.0,52.9,54.1,12.9166893,74.8781396,-61.6,237.6,4.73,0
08:26:12.149,52,190.0,1735.0,46.0,19.0,38.86,83.5,17.0,52.9,54.1,12.9166873,74.878133,-61.5,237.7,4.769,0
08:26:12.239,52,190.0,1858.0,46.0,19.0,38.86,83.5,17.0,52.9,54.1,12.9166853,74.8781264,-61.5,237.7,4.808,0
08:26:12.330,52,190.0,1858.0,50.0,19.0,38.86,83.5,17.0,52.9,54.1,12.9166833,74.8781198,-61.4,237.7,4.848,0
08:26:12.419,52,190.0,1858.0,50.0,22.0,38.86,83.5,17.0,52.9,54.1,12.9166813,74.8781132,-61.4,237.7,4.886,0
08:26:12.509,52,190.0,1858.0,50.0,22.0,64.8,83.5,17.0,52.9,54.1,12.9166793,74.8781066,-61.3,237.7,4.925,0
08:26:12.599,52,190.0,1858.0,50.0,22.0,64.8,83.5,17.0,52.9,54.1,12.9166773,74.8781,-61.3,237.8,4.964,0
08:26:12.689,52,190.0,1858.0,50.0,22.0,64.8,83.5,17.0,52.9,54.1,12.9166753,74.8780935,-61.2,237.8,5.003,0
08:26:12.779,52,190.0,1858.0,50.0,22.0,64.8,83.5,17.0,58.8,54.1,12.9166733,74.8780869,-61.2,237.8,5.042,0
08:26:12.869,52,190.0,1858.0,50.0,22.0,64.8,83.5,17.0,58.8,60.0,12.9166713,74.8780803,-61.1,237.8,5.081,0
08:26:12.931,52,190.0,1858.0,50.0,22.0,64.8,83.5,17.0,58.8,60.0,12.91667,74.8780757,-61.1,237.8,5.107,0
08:26:13.019,52,232.0,1858.0,50.0,22.0,64.8,83.5,17.0,58.8,60.0,12.916668,74.8780693,-61.0,237.9,5.145,0
08:26:13.109,52,232.0,2084.0,50.0,22.0,64.8,83.5,17.0,58.8,60.0,12.916666,74.8780627,-61.0,237.9,5.184,0
08:26:13.198,52,232.0,2084.0,57.0,22.0,64.8,83.5,17.0,58.8,60.0,12.9166641,74.8780562,-60.9,237.9,5.223,0
08:26:13.289,52,232.0,2084.0,57.0,25.0,64.8,83.5,17.0,58.8,60.0,12.9166621,74.8780495,-60.9,237.9,5.262,0
08:26:13.379,52,232.0,2084.0,57.0,25.0,81.41,83.5,17.0,58.8,60.0,12.9166601,74.8780429,-60.8,237.9,5.301,0
08:26:13.469,52,232.0,2084.0,57.0,25.0,81.41,83.5,17.0,58.8,60.0,12.9166581,74.8780363,-60.8,238.0,5.34,0
08:26:13.559,52,232.0,2084.0,57.0,25.0,81.41,83.5,17.0,58.8,60.0,12.9166561,74.8780297,-60.7,238.0,5.379,0
08:26:13.649,52,232.0,2084.0,57.0,25.0,81.41,83.5,17.0,61.2,60.0,12.9166541,74.8780231,-60.7,238.0,5.418,0
08:26:13.739,52,232.0,2084.0,57.0,25.0,81.41,83.5,17.0,61.2,61.6,12.9166521,74.8780165,-60.6,238.0,5.456,0
08:26:13.830,52,232.0,2084.0,57.0,25.0,81.41,83.5,17.0,61.2,61.6,12.9166501,74.8780099,-60.6,238.0,5.496,0
08:26:13.919,52,232.0,2084.0,57.0,25.0,81.41,83.5,17.0,61.2,61.6,12.9166481,74.8780033,-60.5,238.1,5.534,0
08:26:14.009,52,232.0,2374.0,57.0,25.0,81.41,83.5,17.0,61.2,61.6,12.9166461,74.8779968,-60.5,238.1,5.573,0
08:26:14.098,52,232.0,2374.0,64.0,25.0,81.41,83.5,17.0,61.2,61.6,12.9166441,74.8779902,-60.4,238.1,5.612,0
08:26:14.188,52,232.0,2374.0,64.0,24.0,81.41,83.5,17.0,61.2,61.6,12.9166422,74.8779836,-60.4,238.1,5.651,0
08:26:14.279,52,232.0,2374.0,64.0,24.0,91.44,83.5,17.0,61.2,61.6,12.9166401,74.877977,-60.3,238.1,5.69,0
08:26:14.399,52,232.0,2374.0,64.0,24.0,91.44,83.5,17.0,61.2,61.6,12.9166375,74.8779682,-60.3,238.2,5.742,0
08:26:14.490,52,232.0,2374.0,64.0,24.0,91.44,83.5,17.0,61.2,61.6,12.9166355,74.8779615,-60.2,238.2,5.781,0
08:26:14.579,52,232.0,2374.0,64.0,24.0,91.44,83.5,17.0,41.2,61.6,12.9166335,74.877955,-60.2,238.2,5.819,0
08:26:14.669,52,232.0,2374.0,64.0,24.0,91.44,83.5,17.0,41.2,20.0,12.9166315,74.8779484,-60.1,238.2,5.858,0
08:26:14.760,52,232.0,2374.0,64.0,24.0,91.44,83.5,17.0,41.2,20.0,12.9166295,74.8779417,-60.1,238.2,5.898,0
08:26:14.849,52,150.0,2374.0,64.0,24.0,91.44,83.5,17.0,41.2,20.0,12.9166275,74.8779352,-60.0,238.3,5.936,0
08:26:14.940,52,150.0,2287.0,64.0,24.0,91.44,83.5,17.0,41.2,20.0,12.9166255,74.8779286,-60.0,238.3,5.975,0
08:26:15.029,52,150.0,2287.0,68.0,24.0,91.44,83.5,17.0,41.2,20.0,12.9166235,74.877922,-59.9,238.3,6.014,0
08:26:15.118,52,150.0,2287.0,68.0,24.0,91.44,83.5,17.0,41.2,20.0,12.9166216,74.8779155,-59.8,238.3,6.052,0
08:26:15.209,52,150.0,2287.0,68.0,24.0,32.91,83.5,17.0,41.2,20.0,12.9166196,74.8779088,-59.8,238.3,6.092,0
08:26:15.299,52,150.0,2287.0,68.0,24.0,32.91,31.0,17.0,41.2,20.0,12.9166176,74.8779023,-59.7,238.4,6.131,0
08:26:15.389,52,150.0,2287.0,68.0,24.0,32.91,31.0,17.0,41.2,20.0,12.9166156,74.8778957,-59.7,238.4,6.17,0
08:26:15.479,52,150.0,2287.0,68.0,24.0,32.91,31.0,17.0,53.7,20.0,12.9166136,74.8778891,-59.6,238.4,6.208,0
08:26:15.568,52,150.0,2287.0,68.0,24.0,32.91,31.0,17.0,53.7,56.5,12.9166116,74.8778825,-59.6,238.4,6.247,0
08:26:15.689,52,150.0,2287.0,68.0,24.0,32.91,31.0,17.0,53.7,56.5,12.9166089,74.8778737,-59.5,238.4,6.299,0
08:26:15.779,52,129.0,2287.0,68.0,24.0,32.91,31.0,17.0,53.7,56.5,12.9166069,74.8778671,-59.5,238.5,6.338,0
08:26:15.869,52,129.0,1793.0,68.0,24.0,32.91,31.0,17.0,53.7,56.5,12.916605,74.8778605,-59.4,238.5,6.377,0
08:26:15.959,52,129.0,1793.0,70.0,24.0,32.91,31.0,17.0,53.7,56.5,12.916603,74.8778539,-59.4,238.5,6.416,0
08:26:16.049,52,129.0,1793.0,70.0,20.0,32.91,31.0,17.0,53.7,56.5,12.916601,74.8778473,-59.3,238.5,6.455,0
08:26:16.138,52,129.0,1793.0,70.0,20.0,49.74,31.0,17.0,53.7,56.5,12.916599,74.8778408,-59.3,238.5,6.493,0
08:26:16.229,52,129.0,1793.0,70.0,20.0,49.74,83.5,17.0,53.7,56.5,12.916597,74.8778341,-59.2,238.6,6.533,0
08:26:16.319,52,129.0,1793.0,70.0,20.0,49.74,83.5,17.0,53.7,56.5,12.916595,74.8778275,-59.2,238.6,6.571,0
08:26:16.409,52,129.0,1793.0,70.0,20.0,49.74,83.5,17.0,57.6,56.5,12.916593,74.8778209,-59.1,238.6,6.61,0
08:26:16.499,52,129.0,1793.0,70.0,20.0,49.74,83.5,17.0,57.6,59.2,12.916591,74.8778143,-59.1,238.6,6.649,0
08:26:16.589,52,129.0,1793.0,70.0,20.0,49.74,83.5,17.0,57.6,59.2,12.916589,74.8778077,-59.0,238.6,6.688,0
08:26:16.679,52,221.0,1793.0,70.0,20.0,49.74,83.5,17.0,57.6,59.2,12.916587,74.8778012,-59.0,238.7,6.727,0
08:26:16.769,52,221.0,1893.0,70.0,20.0,49.74,83.5,17.0,57.6,59.2,12.916585,74.8777946,-58.9,238.7,6.766,0
08:26:16.831,52,221.0,1893.0,74.0,20.0,49.74,83.5,17.0,57.6,59.2,12.9165837,74.87779,-58.9,238.7,6.793,0
08:26:16.919,52,221.0,1893.0,74.0,23.0,49.74,83.5,17.0,57.6,59.2,12.9165817,74.8777836,-58.8,238.7,6.831,0
08:26:16.981,52,221.0,1893.0,74.0,23.0,71.36,83.5,17.0,57.6,59.2,12.9165803,74.877779,-58.8,238.7,6.857,0
08:26:17.069,52,221.0,1893.0,74.0,23.0,71.36,83.5,17.0,57.6,59.2,12.9165784,74.8777726,-58.7,238.8,6.896,0
08:26:17.159,52,221.0,1893.0,74.0,23.0,71.36,83.5,17.0,57.6,59.2,12.9165764,74.877766,-58.7,238.8,6.934,0
08:26:17.249,52,221.0,1893.0,74.0,23.0,71.36,83.5,17.0,63.5,59.2,12.9165744,74.8777594,-58.6,238.8,6.973,0
08:26:17.339,52,221.0,1893.0,74.0,23.0,71.36,83.5,17.0,63.5,64.3,12.9165724,74.8777528,-58.6,238.8,7.012,0
08:26:17.429,52,221.0,1893.0,74.0,23.0,71.36,83.5,17.0,63.5,64.3,12.9165704,74.8777462,-58.5,238.8,7.051,0
08:26:17.519,52,230.0,1893.0,74.0,23.0,71.36,83.5,17.0,63.5,64.3,12.9165684,74.8777396,-58.5,238.9,7.09,0
08:26:17.610,52,230.0,2009.0,74.0,23.0,71.36,83.5,17.0,63.5,64.3,12.9165664,74.877733,-58.4,238.9,7.129,0
08:26:17.729,52,230.0,2009.0,79.0,23.0,71.36,83.5,17.0,63.5,64.3,12.9165638,74.8777242,-58.4,238.9,7.181,0
08:26:17.818,52,230.0,2009.0,79.0,22.0,71.36,83.5,17.0,63.5,64.3,12.9165618,74.8777177,-58.3,238.9,7.219,0
08:26:17.909,52,230.0,2009.0,79.0,22.0,75.24,83.5,17.0,63.5,64.3,12.9165598,74.877711,-58.3,238.9,7.259,0
08:26:17.999,52,230.0,2009.0,79.0,22.0,75.24,83.5,17.0,63.5,64.3,12.9165578,74.8777045,-58.2,239.0,7.297,0
08:26:18.088,52,230.0,2009.0,79.0,22.0,75.24,83.5,17.0,63.5,64.3,12.9165558,74.8776979,-58.2,239.0,7.336,0
08:26:18.178,52,230.0,2009.0,79.0,22.0,75.24,83.5,17.0,67.8,64.3,12.9165539,74.8776913,-58.1,239.0,7.375,0
08:26:18.269,52,230.0,2009.0,79.0,22.0,75.24,83.5,17.0,67.8,67.8,12.9165518,74.8776847,-58.0,239.0,7.414,0
08:26:18.359,53,230.0,2009.0,79.0,22.0,75.24,83.5,17.0,67.8,67.8,12.9165498,74.8776781,-58.0,239.0,7.453,0
08:26:18.449,53,232.0,2009.0,79.0,22.0,75.24,83.5,17.0,67.8,67.8,12.9165479,74.8776715,-57.9,239.1,7.492,0
08:26:18.540,53,232.0,2144.0,79.0,22.0,75.24,83.5,17.0,67.8,67.8,12.9165458,74.8776648,-57.9,239.1,7.531,0
08:26:18.629,53,232.0,2144.0,84.0,22.0,75.24,83.5,17.0,67.8,67.8,12.9165439,74.8776583,-57.8,239.1,7.57,0
08:26:18.719,53,232.0,2144.0,84.0,22.0,75.24,83.5,17.0,67.8,67.8,12.9165419,74.8776517,-57.8,239.1,7.609,0
08:26:18.809,53,232.0,2144.0,84.0,22.0,82.11,83.5,17.0,67.8,67.8,12.9165399,74.8776451,-57.7,239.1,7.647,0
08:26:18.872,53,232.0,2144.0,84.0,22.0,82.11,83.5,17.0,67.8,67.8,12.9165385,74.8776405,-57.7,239.2,7.675,0
08:26:18.931,53,232.0,2144.0,84.0,22.0,82.11,83.5,17.0,67.8,67.8,12.9165372,74.8776362,-57.7,239.2,7.7,0
08:26:19.020,53,232.0,2144.0,84.0,22.0,82.11,83.5,17.0,57.3,67.8,12.9165352,74.8776297,-57.6,239.2,7.739,0
08:26:19.108,53,232.0,2144.0,84.0,22.0,82.11,83.5,17.0,57.3,50.6,12.9165333,74.8776232,-57.6,239.2,7.777,0
08:26:19.199,53,232.0,2144.0,84.0,22.0,82.11,83.5,17.0,57.3,50.6,12.9165313,74.8776165,-57.5,239.2,7.816,0
08:26:19.289,53,205.0,2144.0,84.0,22.0,82.11,83.5,17.0,57.3,50.6,12.9165293,74.87761,-57.5,239.2,7.855,0
08:26:19.379,53,205.0,2097.0,84.0,22.0,82.11,83.5,17.0,57.3,50.6,12.9165273,74.8776034,-57.4,239.3,7.894,0
08:26:19.469,53,205.0,2097.0,87.0,22.0,82.11,83.5,17.0,57.3,50.6,12.9165253,74.8775968,-57.4,239.3,7.933,0
08:26:19.559,53,205.0,2097.0,87.0,22.0,82.11,83.5,17.0,57.3,50.6,12.9165233,74.8775902,-57.3,239.3,7.972,0
08:26:19.649,53,205.0,2097.0,87.0,22.0,26.66,83.5,17.0,57.3,50.6,12.9165213,74.8775836,-57.3,239.3,8.01,0
08:26:19.739,53,205.0,2097.0,87.0,22.0,26.66,83.5,17.0,57.3,50.6,12.9165193,74.877577,-57.2,239.3,8.049,0
08:26:19.829,53,205.0,2097.0,87.0,22.0,26.66,83.5,17.0,57.3,50.6,12.9165173,74.8775704,-57.2,239.4,8.088,0
08:26:19.921,53,205.0,2097.0,87.0,22.0,26.66,83.5,17.0,46.3,50.6,12.9165153,74.8775637,-57.1,239.4,8.128,0
08:26:19.982,53,205.0,2097.0,87.0,22.0,26.66,83.5,17.0,46.3,51.0,12.9165139,74.8775592,-57.1,239.4,8.154,0
08:26:20.069,53,205.0,2097.0,87.0,22.0,26.66,83.5,17.0,46.3,51.0,12.916512,74.8775528,-57.0,239.4,8.192,0
08:26:20.130,53,137.0,2097.0,87.0,22.0,26.66,83.5,17.0,46.3,51.0,12.9165107,74.8775483,-57.0,239.4,8.218,0
08:26:20.219,53,137.0,1746.0,87.0,22.0,26.66,83.5,17.0,46.3,51.0,12.9165087,74.8775418,-56.9,239.5,8.257,0
08:26:20.309,53,137.0,1746.0,86.0,22.0,26.66,83.5,17.0,46.3,51.0,12.9165067,74.8775352,-56.9,239.5,8.296,0
08:26:20.399,53,137.0,1746.0,86.0,18.0,26.66,83.5,17.0,46.3,51.0,12.9165047,74.8775286,-56.8,239.5,8.335,0
08:26:20.489,53,137.0,1746.0,86.0,18.0,45.86,83.5,17.0,46.3,51.0,12.9165027,74.877522,-56.8,239.5,8.373,0
08:26:20.579,53,137.0,1746.0,86.0,18.0,45.86,83.5,17.0,46.3,51.0,12.9165007,74.8775154,-56.7,239.5,8.412,0
08:26:20.699,53,137.0,1746.0,86.0,18.0,45.86,83.5,17.0,46.3,51.0,12.9164981,74.8775067,-56.7,239.6,8.464,0
08:26:20.789,53,137.0,1746.0,86.0,18.0,45.86,83.5,17.0,64.7,51.0,12.9164961,74.8775001,-56.6,239.6,8.503,0
08:26:20.879,53,137.0,1746.0,86.0,18.0,45.86,83.5,17.0,64.7,64.7,12.9164941,74.8774935,-56.6,239.6,8.542,0
08:26:20.969,53,137.0,1746.0,86.0,18.0,45.86,83.5,17.0,64.7,64.7,12.9164921,74.8774869,-56.5,239.6,8.581,0
08:26:21.031,53,220.0,1746.0,86.0,18.0,45.86,83.5,17.0,64.7,64.7,12.9164907,74.8774823,-56.5,239.6,8.608,0
08:26:21.119,53,220.0,1787.0,86.0,18.0,45.86,83.5,17.0,64.7,64.7,12.9164888,74.8774759,-56.4,239.6,8.646,0
08:26:21.179,53,220.0,1787.0,89.0,18.0,45.86,83.5,17.0,64.7,64.7,12.9164874,74.8774715,-56.4,239.7,8.672,0
08:26:21.269,53,220.0,1787.0,89.0,21.0,45.86,83.5,17.0,64.7,64.7,12.9164854,74.8774649,-56.3,239.7,8.711,0
08:26:21.330,53,220.0,1787.0,89.0,21.0,58.58,83.5,17.0,64.7,64.7,12.9164841,74.8774604,-56.3,239.7,8.737,0
08:26:21.419,53,220.0,1787.0,89.0,21.0,58.58,45.9,17.0,64.7,64.7,12.9164821,74.8774539,-56.2,239.7,8.775,0
08:26:21.509,53,220.0,1787.0,89.0,21.0,58.58,45.9,17.0,64.7,64.7,12.9164801,74.8774473,-56.2,239.7,8.814,0
08:26:21.599,53,220.0,1787.0,89.0,21.0,58.58,45.9,17.0,14.1,64.7,12.9164781,74.8774407,-56.1,239.8,8.853,0
08:26:21.689,53,220.0,1787.0,89.0,21.0,58.58,45.9,17.0,14.1,14.5,12.9164761,74.8774341,-56.1,239.8,8.892,0
08:26:21.779,53,220.0,1787.0,89.0,21.0,58.58,45.9,17.0,14.1,14.5,12.9164742,74.8774275,-56.0,239.8,8.931,0
08:26:21.869,53,129.0,1787.0,89.0,21.0,58.58,45.9,17.0,14.1,14.5,12.9164722,74.8774209,-56.0,239.8,8.97,0
08:26:21.959,53,129.0,1478.0,89.0,21.0,58.58,45.9,17.0,14.1,14.5,12.9164702,74.8774144,-55.9,239.8,9.009,0
08:26:22.020,53,129.0,1478.0,88.0,21.0,58.58,45.9,17.0,14.1,14.5,12.9164688,74.8774099,-55.9,239.8,9.035,0
08:26:22.080,53,129.0,1478.0,88.0,21.0,58.58,45.9,17.0,14.1,14.5,12.9164675,74.8774055,-55.9,239.9,9.061,0
08:26:22.169,53,129.0,1478.0,88.0,21.0,26.97,45.9,17.0,14.1,14.5,12.9164655,74.877399,-55.8,239.9,9.099,0
08:26:22.230,53,129.0,1478.0,88.0,21.0,26.97,63.5,17.0,14.1,14.5,12.9164642,74.8773945,-55.8,239.9,9.126,0
08:26:22.320,53,129.0,1478.0,88.0,21.0,26.97,63.5,17.0,14.1,14.5,12.9164622,74.8773879,-55.7,239.9,9.165,0
08:26:22.381,53,129.0,1478.0,88.0,21.0,26.97,63.5,17.0,59.6,14.5,12.9164608,74.8773834,-55.7,239.9,9.191,0
08:26:22.470,53,129.0,1478.0,88.0,21.0,26.97,63.5,17.0,59.6,61.6,12.9164589,74.8773769,-55.6,239.9,9.23,0
08:26:22.530,53,129.0,1478.0,88.0,21.0,26.97,63.5,17.0,59.6,61.6,12.9164575,74.8773725,-55.6,240.0,9.255,0
08:26:22.619,53,141.0,1478.0,88.0,21.0,26.97,63.5,17.0,59.6,61.6,12.9164556,74.877366,-55.6,240.0,9.294,0
08:26:22.709,53,141.0,1496.0,88.0,21.0,26.97,63.5,17.0,59.6,61.6,12.9164536,74.8773594,-55.5,240.0,9.333,0
08:26:22.799,53,141.0,1496.0,88.0,21.0,26.97,63.5,17.0,59.6,61.6,12.9164516,74.8773528,-55.5,240.0,9.372,0
08:26:22.889,53,141.0,1496.0,88.0,18.0,26.97,63.5,17.0,59.6,61.6,12.9164496,74.8773462,-55.4,240.0,9.411,0
08:26:22.979,53,141.0,1496.0,88.0,18.0,39.27,63.5,17.0,59.6,61.6,12.9164476,74.8773396,-55.4,240.1,9.449,0
08:26:23.069,53,141.0,1496.0,88.0,18.0,39.27,83.5,17.0,59.6,61.6,12.9164456,74.877333,-55.3,240.1,9.488,0
08:26:23.129,53,141.0,1496.0,88.0,18.0,39.27,83.5,17.0,59.6,61.6,12.9164443,74.8773286,-55.3,240.1,9.514,0
08:26:23.219,53,141.0,1496.0,88.0,18.0,39.27,83.5,17.0,61.6,61.6,12.9164423,74.877322,-55.2,240.1,9.553,0
08:26:23.280,53,141.0,1496.0,88.0,18.0,39.27,83.5,17.0,61.6,62.0,12.9164409,74.8773176,-55.2,240.1,9.58,0
08:26:23.369,53,141.0,1496.0,88.0,18.0,39.27,83.5,17.0,61.6,62.0,12.916439,74.8773111,-55.1,240.1,9.618,0
08:26:23.430,53,191.0,1496.0,88.0,18.0,39.27,83.5,17.0,61.6,62.0,12.9164376,74.8773066,-55.1,240.2,9.644,0
08:26:23.519,53,191.0,1518.0,88.0,18.0,39.27,83.5,17.0,61.6,62.0,12.9164356,74.8773001,-55.0,240.2,9.683,0
08:26:23.580,53,191.0,1518.0,90.0,18.0,39.27,83.5,17.0,61.6,62.0,12.9164343,74.8772956,-55.0,240.2,9.709,0
08:26:23.669,53,191.0,1518.0,90.0,20.0,39.27,83.5,17.0,61.6,62.0,12.9164298,74.8772913,-55.0,240.2,9.725,0
08:26:23.731,53,191.0,1518.0,90.0,20.0,49.36,83.5,17.0,61.6,62.0,12.9164259,74.8772888,-54.9,240.1,9.73,0
08:26:23.819,53,191.0,1518.0,90.0,20.0,49.36,83.5,17.0,61.6,62.0,12.9164204,74.8772854,-54.9,240.1,9.737,0
08:26:23.881,53,191.0,1518.0,90.0,20.0,49.36,83.5,17.0,61.6,62.0,12.9164165,74.877283,-54.9,240.0,9.742,0
08:26:23.969,53,191.0,1518.0,90.0,20.0,49.36,83.5,17.0,61.6,62.0,12.916411,74.8772795,-54.8,239.9,9.749,0
08:26:24.030,53,191.0,1518.0,90.0,20.0,49.36,83.5,17.0,61.6,62.0,12.9164072,74.8772771,-54.8,239.9,9.753,0
08:26:24.122,53,191.0,1518.0,90.0,20.0,49.36,83.5,17.0,61.6,62.0,12.9164015,74.8772735,-54.7,239.8,9.761,0
08:26:24.239,53,222.0,1518.0,90.0,20.0,49.36,83.5,17.0,61.6,62.0,12.9163942,74.8772689,-54.7,239.8,9.77,0
08:26:24.329,53,222.0,1564.0,90.0,20.0,49.36,83.5,17.0,61.6,62.0,12.9163885,74.8772654,-54.6,239.7,9.777,0
08:26:24.419,53,222.0,1564.0,92.0,20.0,49.36,83.5,17.0,61.6,62.0,12.9163829,74.8772619,-54.6,239.6,9.784,0
08:26:24.480,53,222.0,1564.0,92.0,22.0,49.36,83.5,17.0,61.6,62.0,12.9163791,74.8772595,-54.5,239.6,9.789,0
08:26:24.570,53,222.0,1564.0,92.0,22.0,52.38,83.5,17.0,61.6,62.0,12.9163735,74.877256,-54.5,239.5,9.796,0
08:26:24.630,53,222.0,1564.0,92.0,22.0,52.38,83.5,17.0,61.6,62.0,12.9163697,74.8772536,-54.5,239.5,9.8,0
08:26:24.719,53,222.0,1564.0,92.0,22.0,52.38,83.5,17.0,61.6,62.0,12.9163642,74.8772501,-54.4,239.4,9.807,0
08:26:24.780,53,222.0,1564.0,92.0,22.0,52.38,83.5,17.0,61.2,62.0,12.9163604,74.8772478,-54.4,239.4,9.812,0
08:26:24.869,53,222.0,1564.0,92.0,22.0,52.38,83.5,17.0,61.2,61.6,12.9163548,74.8772443,-54.3,239.3,9.819,0
08:26:24.930,54,222.0,1564.0,92.0,22.0,52.38,83.5,17.0,61.2,61.6,12.916351,74.8772419,-54.3,239.3,9.824,0
08:26:25.019,54,222.0,1564.0,92.0,22.0,52.38,83.5,17.0,61.2,61.6,12.9163455,74.8772384,-54.3,239.2,9.831,0
08:26:25.082,54,222.0,1588.0,92.0,22.0,52.38,83.5,17.0,61.2,61.6,12.9163415,74.8772359,-54.2,239.2,9.836,0
08:26:25.169,54,222.0,1588.0,94.0,22.0,52.38,83.5,17.0,61.2,61.6,12.9163361,74.8772325,-54.2,239.1,9.843,0
08:26:25.229,54,222.0,1588.0,94.0,22.0,52.38,83.5,17.0,61.2,61.6,12.9163324,74.8772302,-54.2,239.1,9.847,0
08:26:25.319,54,222.0,1588.0,94.0,22.0,46.24,83.5,17.0,61.2,61.6,12.9163267,74.8772266,-54.1,239.0,9.854,0
08:26:25.380,54,222.0,1588.0,94.0,22.0,46.24,31.4,17.0,61.2,61.6,12.9163229,74.8772243,-54.1,239.0,9.859,0
08:26:25.470,54,222.0,1588.0,94.0,22.0,46.24,31.4,18.0,61.2,61.6,12.9163173,74.8772207,-54.0,238.9,9.866,0
08:26:25.531,54,222.0,1588.0,94.0,22.0,46.24,31.4,18.0,14.1,61.6,12.9163135,74.8772183,-54.0,238.9,9.871,0
08:26:25.649,54,222.0,1588.0,94.0,22.0,46.24,31.4,18.0,14.1,14.5,12.9163061,74.8772137,-53.9,238.8,9.88,0
08:26:25.769,54,222.0,1588.0,94.0,22.0,46.24,31.4,18.0,14.1,14.5,12.9162986,74.877209,-53.9,238.7,9.89,0
08:26:25.830,54,135.0,1588.0,94.0,22.0,46.24,31.4,18.0,14.1,14.5,12.9162948,74.8772066,-53.8,238.7,9.894,0
08:26:25.919,54,135.0,1595.0,94.0,22.0,46.24,31.4,18.0,14.1,14.5,12.9162893,74.8772031,-53.8,238.6,9.901,0
08:26:25.981,54,135.0,1595.0,94.0,22.0,46.24,31.4,18.0,14.1,14.5,12.9162854,74.8772007,-53.8,238.6,9.906,0
08:26:26.070,54,135.0,1595.0,94.0,20.0,46.24,31.4,18.0,14.1,14.5,12.9162798,74.8771972,-53.7,238.5,9.913,0
08:26:26.129,54,135.0,1595.0,94.0,20.0,29.69,31.4,18.0,14.1,14.5,12.9162762,74.8771949,-53.7,238.4,9.918,0
08:26:26.219,54,135.0,1595.0,94.0,20.0,29.69,79.6,18.0,14.1,14.5,12.9162705,74.8771914,-53.6,238.4,9.925,0
08:26:26.309,54,135.0,1595.0,94.0,20.0,29.69,79.6,18.0,14.1,14.5,12.9162649,74.8771879,-53.6,238.3,9.932,0
08:26:26.370,54,135.0,1595.0,94.0,20.0,29.69,79.6,18.0,14.1,14.5,12.9162611,74.8771855,-53.6,238.3,9.937,0
08:26:26.432,54,135.0,1595.0,94.0,20.0,29.69,79.6,18.0,14.1,14.5,12.9162572,74.8771831,-53.5,238.2,9.942,0
08:26:26.520,54,135.0,1595.0,94.0,20.0,29.69,79.6,18.0,14.1,14.5,12.9162517,74.8771796,-53.5,238.2,9.948,0
08:26:26.581,54,142.0,1595.0,94.0,20.0,29.69,79.6,18.0,14.1,14.5,12.9162479,74.8771772,-53.4,238.1,9.953,0
08:26:26.669,54,142.0,1591.0,94.0,20.0,29.69,79.6,18.0,14.1,14.5,12.9162424,74.8771738,-53.4,238.1,9.96,0
08:26:26.759,54,142.0,1591.0,94.0,20.0,29.69,79.6,18.0,14.1,14.5,12.9162368,74.8771702,-53.4,238.0,9.967,0
08:26:26.820,54,142.0,1591.0,94.0,20.0,29.69,79.6,18.0,14.1,14.5,12.916233,74.8771679,-53.3,238.0,9.972,0
08:26:26.909,54,142.0,1591.0,94.0,20.0,25.88,79.6,18.0,14.1,14.5,12.9162275,74.8771644,-53.3,237.9,9.979,0
08:26:26.999,54,142.0,1591.0,94.0,20.0,25.88,83.5,18.0,14.1,14.5,12.9162218,74.8771609,-53.2,237.8,9.986,0
08:26:27.088,54,142.0,1591.0,94.0,20.0,25.88,83.5,18.0,14.1,14.5,12.9162163,74.8771574,-53.2,237.8,9.993,0
08:26:27.179,54,142.0,1591.0,94.0,20.0,25.88,83.5,18.0,14.1,14.5,12.9162106,74.8771538,-53.1,237.7,10.0,0
08:26:27.269,54,142.0,1591.0,94.0,20.0,25.88,83.5,18.0,14.1,14.5,12.916205,74.8771503,-53.1,237.7,10.007,0
08:26:27.359,54,142.0,1591.0,94.0,20.0,25.88,83.5,18.0,14.1,14.5,12.9161994,74.8771468,-53.0,237.6,10.014,0
08:26:27.450,54,150.0,1591.0,94.0,20.0,25.88,83.5,18.0,14.1,14.5,12.9161937,74.8771432,-53.0,237.5,10.021,0
08:26:27.539,54,150.0,1590.0,94.0,20.0,25.88,83.5,18.0,14.1,14.5,12.9161881,74.8771397,-52.9,237.5,10.028,0
08:26:27.629,54,150.0,1590.0,94.0,20.0,25.88,83.5,18.0,14.1,14.5,12.9161825,74.8771362,-52.9,237.4,10.035,0
08:26:27.720,54,150.0,1590.0,94.0,18.0,25.88,83.5,18.0,14.1,14.5,12.9161768,74.8771326,-52.9,237.3,10.042,0
08:26:27.809,54,150.0,1590.0,94.0,18.0,26.24,83.5,18.0,14.1,14.5,12.9161713,74.8771291,-52.8,237.3,10.049,0
08:26:27.900,54,150.0,1590.0,94.0,18.0,26.24,83.5,18.0,14.1,14.5,12.9161656,74.8771256,-52.8,237.2,10.057,0
08:26:27.989,54,150.0,1590.0,94.0,18.0,26.24,83.5,18.0,14.1,14.5,12.91616,74.8771221,-52.7,237.2,10.064,0
08:26:28.079,54,150.0,1590.0,94.0,18.0,26.24,83.5,18.0,14.1,14.5,12.9161544,74.8771186,-52.7,237.1,10.071,0
08:26:28.169,54,150.0,1590.0,94.0,18.0,26.24,83.5,18.0,14.1,14.5,12.9161488,74.877115,-52.6,237.0,10.078,0
08:26:28.259,54,150.0,1590.0,94.0,18.0,26.24,83.5,18.0,14.1,14.5,12.9161432,74.8771115,-52.6,237.0,10.085,0
08:26:28.321,54,148.0,1590.0,94.0,18.0,26.24,83.5,18.0,14.1,14.5,12.9161393,74.8771091,-52.5,236.9,10.09,0
08:26:28.410,54,148.0,1590.0,94.0,18.0,26.24,83.5,18.0,14.1,14.5,12.9161337,74.8771056,-52.5,236.9,10.097,0
08:26:28.500,54,148.0,1590.0,94.0,18.0,26.24,83.5,18.0,14.1,14.5,12.9161281,74.8771021,-52.4,236.8,10.104,0
08:26:28.589,54,148.0,1590.0,94.0,18.0,26.24,83.5,18.0,14.1,14.5,12.9161226,74.8770986,-52.4,236.7,10.111,0
08:26:28.679,54,148.0,1590.0,94.0,18.0,26.3,83.5,18.0,14.1,14.5,12.9161169,74.8770951,-52.3,236.7,10.118,0
08:26:28.769,54,148.0,1590.0,94.0,18.0,26.3,83.5,18.0,14.1,14.5,12.9161113,74.8770915,-52.3,236.6,10.125,0
08:26:28.860,54,148.0,1590.0,94.0,18.0,26.3,83.5,18.0,14.1,14.5,12.9161056,74.877088,-52.3,236.6,10.132,0
08:26:28.950,54,148.0,1590.0,94.0,18.0,26.3,83.5,18.0,14.1,14.5,12.9161,74.8770844,-52.2,236.5,10.139,0
08:26:29.039,54,148.0,1590.0,94.0,18.0,26.3,83.5,18.0,14.1,14.5,12.9160945,74.877081,-52.2,236.4,10.146,0
08:26:29.129,54,148.0,1590.0,94.0,18.0,26.3,83.5,18.0,14.1,14.5,12.9160889,74.8770774,-52.1,236.4,10.153,0
08:26:29.219,54,148.0,1590.0,94.0,18.0,26.3,83.5,18.0,14.1,14.5,12.9160832,74.8770739,-52.1,236.3,10.16,0
08:26:29.310,54,148.0,1588.0,94.0,18.0,26.3,83.5,18.0,14.1,14.5,12.9160775,74.8770703,-52.0,236.2,10.167,0
08:26:29.399,54,148.0,1588.0,94.0,18.0,26.3,83.5,18.0,14.1,14.5,12.916072,74.8770669,-52.0,236.2,10.174,0
08:26:29.490,54,148.0,1588.0,94.0,19.0,26.3,83.5,18.0,14.1,14.5,12.9160663,74.8770633,-51.9,236.1,10.181,0
08:26:29.579,54,148.0,1588.0,94.0,19.0,25.44,83.5,18.0,14.1,14.5,12.9160608,74.8770598,-51.9,236.1,10.188,0
08:26:29.669,54,148.0,1588.0,94.0,19.0,25.44,83.5,18.0,14.1,14.5,12.9160551,74.8770563,-51.8,236.0,10.195,0
08:26:29.759,54,148.0,1588.0,94.0,19.0,25.44,83.5,18.0,14.1,14.5,12.9160495,74.8770528,-51.8,235.9,10.202,0
08:26:29.849,54,148.0,1588.0,94.0,19.0,25.44,83.5,18.0,14.1,14.5,12.9160439,74.8770492,-51.7,235.9,10.209,0
08:26:29.939,54,148.0,1588.0,94.0,19.0,25.44,83.5,18.0,14.1,14.5,12.9160383,74.8770457,-51.7,235.8,10.216,0
08:26:30.029,55,148.0,1588.0,94.0,19.0,25.44,83.5,18.0,14.1,14.5,12.9160327,74.8770422,-51.6,235.7,10.223,0
08:26:30.122,55,148.0,1588.0,94.0,19.0,25.44,83.5,18.0,14.1,14.5,12.9160269,74.8770385,-51.6,235.7,10.231,0
08:26:30.209,55,148.0,1596.0,94.0,19.0,25.44,83.5,18.0,14.1,14.5,12.9160214,74.8770351,-51.6,235.6,10.237,0
08:26:30.270,55,148.0,1596.0,94.0,19.0,25.44,83.5,18.0,14.1,14.5,12.9160176,74.8770327,-51.5,235.6,10.242,0
08:26:30.359,55,148.0,1596.0,94.0,19.0,25.44,83.5,18.0,14.1,14.5,12.9160121,74.8770293,-51.5,235.5,10.249,0
08:26:30.421,55,148.0,1596.0,94.0,19.0,25.22,83.5,18.0,14.1,14.5,12.9160082,74.8770268,-51.4,235.5,10.254,0
08:26:30.509,55,148.0,1596.0,94.0,19.0,25.22,83.5,18.0,14.1,14.5,12.9160027,74.8770234,-51.4,235.4,10.261,0
08:26:30.599,55,148.0,1596.0,94.0,19.0,25.22,83.5,18.0,14.1,14.5,12.9159971,74.8770199,-51.3,235.3,10.268,0
08:26:30.690,55,148.0,1596.0,94.0,19.0,25.22,83.5,18.0,14.1,14.5,12.9159914,74.8770163,-51.3,235.3,10.275,0
08:26:30.780,55,148.0,1596.0,94.0,19.0,25.22,83.5,18.0,14.1,14.5,12.9159858,74.8770128,-51.3,235.2,10.282,0
08:26:30.869,55,148.0,1596.0,94.0,19.0,25.22,83.5,18.0,14.1,14.5,12.9159802,74.8770093,-51.2,235.2,10.289,0
08:26:30.959,55,142.0,1596.0,94.0,19.0,25.22,83.5,18.0,14.1,14.5,12.9159746,74.8770058,-51.2,235.1,10.296,0
08:26:31.049,55,142.0,1594.0,94.0,19.0,25.22,83.5,18.0,14.1,14.5,12.915969,74.8770022,-51.1,235.0,10.303,0
08:26:31.139,55,142.0,1594.0,94.0,19.0,25.22,83.5,18.0,14.1,14.5,12.9159634,74.8769987,-51.1,235.0,10.31,0
08:26:31.229,55,142.0,1594.0,94.0,19.0,25.22,83.5,18.0,14.1,14.5,12.9159577,74.8769952,-51.0,234.9,10.317,0
08:26:31.319,55,142.0,1594.0,94.0,19.0,24.52,83.5,18.0,14.1,14.5,12.9159521,74.8769917,-51.0,234.8,10.324,0
08:26:31.409,55,142.0,1594.0,94.0,19.0,24.52,83.5,18.0,14.1,14.5,12.9159465,74.8769881,-50.9,234.8,10.332,0
08:26:31.471,55,142.0,1594.0,94.0,19.0,24.52,83.5,18.0,14.1,14.5,12.9159426,74.8769857,-50.9,234.7,10.336,0
08:26:31.559,55,142.0,1594.0,94.0,19.0,24.52,83.5,18.0,14.1,14.5,12.9159371,74.8769823,-50.8,234.7,10.343,0
08:26:31.621,55,142.0,1594.0,94.0,19.0,24.52,83.5,18.0,14.1,14.5,12.9159333,74.8769798,-50.8,234.6,10.348,0
08:26:31.710,55,142.0,1594.0,94.0,19.0,24.52,83.5,18.0,14.1,14.5,12.9159277,74.8769764,-50.8,234.6,10.355,0
08:26:31.808,55,141.0,1594.0,94.0,19.0,24.52,83.5,18.0,14.1,14.5,12.9159216,74.8769725,-50.7,234.5,10.363,0
08:26:31.889,55,141.0,1593.0,94.0,19.0,24.52,83.5,18.0,14.1,14.5,12.9159165,74.8769693,-50.7,234.5,10.369,0
08:26:31.979,55,141.0,1593.0,94.0,19.0,24.52,83.5,18.0,14.1,14.5,12.9159109,74.8769658,-50.6,234.4,10.376,0
08:26:32.069,55,141.0,1593.0,94.0,19.0,24.52,83.5,18.0,14.1,14.5,12.9159053,74.8769623,-50.6,234.3,10.383,0
08:26:32.159,55,141.0,1593.0,94.0,19.0,24.36,83.5,18.0,14.1,14.5,12.9158997,74.8769588,-50.5,234.3,10.39,0
08:26:32.220,55,141.0,1593.0,94.0,19.0,24.36,83.5,18.0,14.1,14.5,12.9158959,74.8769564,-50.5,234.2,10.395,0
08:26:32.310,55,141.0,1593.0,94.0,19.0,24.36,83.5,18.0,14.1,14.5,12.9158902,74.8769529,-50.5,234.2,10.402,0
08:26:32.370,55,141.0,1593.0,94.0,19.0,24.36,83.5,18.0,14.1,14.5,12.9158865,74.8769505,-50.4,234.1,10.407,0
08:26:32.459,55,141.0,1593.0,94.0,19.0,24.36,83.5,18.0,14.1,14.5,12.9158809,74.876947,-50.4,234.1,10.414,0
08:26:32.549,55,141.0,1593.0,94.0,19.0,24.36,83.5,18.0,14.1,14.5,12.9158753,74.8769435,-50.3,234.0,10.421,0
08:26:32.640,55,141.0,1593.0,94.0,19.0,24.36,83.5,18.0,14.1,14.5,12.9158696,74.8769399,-50.3,233.9,10.428,0
08:26:32.729,55,141.0,1594.0,94.0,19.0,24.36,83.5,18.0,14.1,14.5,12.9158641,74.8769364,-50.2,233.9,10.435,0
08:26:32.819,55,141.0,1594.0,95.0,19.0,24.36,83.5,18.0,14.1,14.5,12.9158585,74.8769329,-50.2,233.8,10.442,0
08:26:32.909,55,141.0,1594.0,95.0,19.0,24.36,83.5,18.0,14.1,14.5,12.9158528,74.8769294,-50.1,233.7,10.449,0
08:26:32.999,55,141.0,1594.0,95.0,19.0,22.16,83.5,18.0,14.1,14.5,12.9158472,74.8769259,-50.1,233.7,10.456,0
08:26:33.090,55,141.0,1594.0,95.0,19.0,22.16,83.5,18.0,14.1,14.5,12.9158415,74.8769223,-50.0,233.6,10.463,0
08:26:33.178,55,141.0,1594.0,95.0,19.0,22.16,83.5,18.0,14.1,14.5,12.915836,74.8769189,-50.0,233.6,10.47,0
08:26:33.269,55,141.0,1594.0,95.0,19.0,22.16,83.5,18.0,14.1,14.5,12.9158304,74.8769153,-50.0,233.5,10.477,0
08:26:33.359,55,141.0,1594.0,95.0,19.0,22.16,83.5,18.0,14.1,14.5,12.9158247,74.8769118,-49.9,233.4,10.484,0
08:26:33.420,55,141.0,1594.0,95.0,19.0,22.16,83.5,18.0,14.1,14.5,12.9158209,74.8769094,-49.9,233.4,10.489,0
08:26:33.509,55,136.0,1594.0,95.0,19.0,22.16,83.5,18.0,14.1,14.5,12.9158154,74.8769059,-49.8,233.3,10.496,0
08:26:33.570,55,136.0,1593.0,95.0,19.0,22.16,83.5,18.0,14.1,14.5,12.9158116,74.8769035,-49.8,233.3,10.501,0
08:26:33.659,55,136.0,1593.0,94.0,19.0,22.16,83.5,18.0,14.1,14.5,12.915806,74.8769,-49.7,233.2,10.508,0
08:26:33.749,55,136.0,1593.0,94.0,18.0,22.16,83.5,18.0,14.1,14.5,12.9158004,74.8768965,-49.7,233.2,10.515,0
08:26:33.839,55,136.0,1593.0,94.0,18.0,22.8,83.5,18.0,14.1,14.5,12.9157948,74.876893,-49.7,233.1,10.522,0
08:26:33.929,55,136.0,1593.0,94.0,18.0,22.8,83.5,18.0,14.1,14.5,12.9157892,74.8768894,-49.6,233.0,10.529,0
08:26:34.019,55,136.0,1593.0,94.0,18.0,22.8,83.5,18.0,14.1,14.5,12.9157835,74.8768859,-49.6,233.0,10.536,0
08:26:34.109,55,136.0,1593.0,94.0,18.0,22.8,83.5,18.0,14.1,14.5,12.9157779,74.8768824,-49.5,232.9,10.543,0
08:26:34.199,55,136.0,1593.0,94.0,18.0,22.8,83.5,18.0,14.1,14.5,12.9157723,74.8768789,-49.5,232.8,10.55,0
08:26:34.260,56,136.0,1593.0,94.0,18.0,22.8,83.5,18.0,14.1,14.5,12.9157685,74.8768765,-49.4,232.8,10.555,0
08:26:34.320,56,137.0,1593.0,94.0,18.0,22.8,83.5,18.0,14.1,14.5,12.9157647,74.8768741,-49.4,232.8,10.56,0
08:26:34.409,56,137.0,1590.0,94.0,18.0,22.8,83.5,18.0,14.1,14.5,12.9157592,74.8768706,-49.4,232.7,10.567,0
08:26:34.499,56,137.0,1590.0,94.0,18.0,22.8,83.5,18.0,14.1,14.5,12.9157536,74.8768671,-49.3,232.6,10.574,0
08:26:34.589,56,137.0,1590.0,94.0,18.0,22.8,83.5,18.0,14.1,14.5,12.915748,74.8768636,-49.3,232.6,10.581,0
08:26:34.679,56,137.0,1590.0,94.0,18.0,23.16,83.5,18.0,14.1,14.5,12.9157423,74.8768601,-49.2,232.5,10.588,0
08:26:34.769,56,137.0,1590.0,94.0,18.0,23.16,83.5,18.0,14.1,14.5,12.9157367,74.8768565,-49.2,232.5,10.595,0
08:26:34.859,56,137.0,1590.0,94.0,18.0,23.16,83.5,18.0,14.1,14.5,12.9157311,74.876853,-49.1,232.4,10.602,0
08:26:34.949,56,137.0,1590.0,94.0,18.0,23.16,83.5,18.0,14.1,14.5,12.9157255,74.8768495,-49.1,232.3,10.609,0
08:26:35.039,56,137.0,1590.0,94.0,18.0,23.16,83.5,18.0,14.1,14.5,12.9157199,74.876846,-49.0,232.3,10.616,0
08:26:35.129,56,137.0,1590.0,94.0,18.0,23.16,83.5,18.0,14.1,14.5,12.9157142,74.8768425,-49.0,232.2,10.623,0
08:26:35.219,56,138.0,1590.0,94.0,18.0,23.16,83.5,18.0,14.1,14.5,12.9157086,74.8768389,-48.9,232.1,10.63,0
08:26:35.309,56,138.0,1592.0,94.0,18.0,23.16,83.5,18.0,14.1,14.5,12.915703,74.8768354,-48.9,232.1,10.637,0
08:26:35.399,56,138.0,1592.0,94.0,18.0,23.16,83.5,18.0,14.1,14.5,12.9156974,74.8768319,-48.8,232.0,10.644,0
08:26:35.460,56,138.0,1592.0,94.0,19.0,23.16,83.5,18.0,14.1,14.5,12.9156936,74.8768295,-48.8,232.0,10.649,0
08:26:35.520,56,138.0,1592.0,94.0,19.0,23.44,83.5,18.0,14.1,14.5,12.9156898,74.8768271,-48.8,231.9,10.654,0
08:26:35.609,56,138.0,1592.0,94.0,19.0,23.44,83.5,18.0,14.1,14.5,12.9156843,74.8768237,-48.7,231.9,10.661,0
08:26:35.699,56,138.0,1592.0,94.0,19.0,23.44,83.5,18.0,14.1,14.5,12.9156786,74.8768201,-48.7,231.8,10.668,0
08:26:35.789,56,138.0,1592.0,94.0,19.0,23.44,83.5,18.0,14.1,14.5,12.915673,74.8768166,-48.6,231.7,10.675,0
08:26:35.880,56,138.0,1592.0,94.0,19.0,23.44,83.5,18.0,14.1,14.5,12.9156673,74.876813,-48.6,231.7,10.682,0
08:26:35.969,56,138.0,1592.0,94.0,19.0,23.44,83.5,18.0,14.1,14.5,12.9156618,74.8768096,-48.5,231.6,10.689,0
08:26:36.059,56,139.0,1592.0,94.0,19.0,23.44,83.5,18.0,14.1,14.5,12.9156562,74.876806,-48.5,231.6,10.696,0
08:26:36.149,56,139.0,1592.0,94.0,19.0,23.44,83.5,18.0,14.1,14.5,12.9156506,74.8768025,-48.4,231.5,10.703,0
08:26:36.239,56,139.0,1592.0,94.0,19.0,23.44,83.5,18.0,14.1,14.5,12.9156449,74.876799,-48.4,231.4,10.71,0
08:26:36.329,56,139.0,1592.0,94.0,19.0,23.44,83.5,18.0,14.1,14.5,12.9156393,74.8767955,-48.4,231.4,10.717,0
08:26:36.419,56,139.0,1592.0,94.0,19.0,22.94,83.5,18.0,14.1,14.5,12.9156337,74.8767919,-48.3,231.3,10.724,0
08:26:36.509,56,139.0,1592.0,94.0,19.0,22.94,83.5,18.0,14.1,14.5,12.9156281,74.8767884,-48.3,231.2,10.731,0
08:26:36.570,56,139.0,1592.0,94.0,19.0,22.94,83.5,18.0,14.1,14.5,12.9156243,74.876786,-48.2,231.2,10.736,0
08:26:36.659,56,139.0,1592.0,94.0,19.0,22.94,83.5,18.0,14.1,14.5,12.9156187,74.8767825,-48.2,231.1,10.743,0
08:26:36.720,56,139.0,1592.0,94.0,19.0,22.94,83.5,18.0,14.1,14.5,12.9156149,74.8767801,-48.1,231.1,10.748,0
08:26:36.809,56,139.0,1592.0,94.0,19.0,22.94,83.5,18.0,14.1,14.5,12.9156093,74.8767767,-48.1,231.0,10.755,0
08:26:36.900,56,135.0,1592.0,94.0,19.0,22.94,83.5,18.0,14.1,14.5,12.9156037,74.8767731,-48.1,231.0,10.762,0
08:26:36.989,56,135.0,1591.0,94.0,19.0,22.94,83.5,18.0,14.1,14.5,12.9155981,74.8767696,-48.0,230.9,10.769,0
08:26:37.079,56,135.0,1591.0,94.0,19.0,22.94,83.5,18.0,14.1,14.5,12.9155954,74.8767633,-47.9,231.3,10.761,0
08:26:37.168,56,135.0,1591.0,94.0,19.0,22.94,83.5,18.0,14.1,14.5,12.9155933,74.8767564,-47.7,231.8,10.751,0
08:26:37.259,56,135.0,1591.0,94.0,19.0,20.94,83.5,18.0,14.1,14.5,12.9155911,74.8767494,-47.6,232.3,10.741,0
08:26:37.320,56,135.0,1591.0,94.0,19.0,20.94,83.5,18.0,14.1,14.5,12.9155897,74.8767447,-47.5,232.6,10.734,0
08:26:37.410,56,135.0,1591.0,94.0,19.0,20.94,83.5,18.0,14.1,14.5,12.9155875,74.8767377,-47.4,233.1,10.723,0
08:26:37.470,56,135.0,1591.0,94.0,19.0,20.94,83.5,18.0,14.5,14.5,12.9155861,74.8767331,-47.3,233.4,10.716,0
08:26:37.559,56,135.0,1591.0,94.0,19.0,20.94,83.5,18.0,14.5,14.5,12.915584,74.8767262,-47.1,233.8,10.706,0
08:26:37.621,56,135.0,1591.0,94.0,19.0,20.94,83.5,18.0,14.5,14.5,12.9155826,74.8767214,-47.0,234.2,10.699,0
08:26:37.709,56,132.0,1591.0,94.0,19.0,20.94,83.5,18.0,14.5,14.5,12.9155805,74.8767146,-46.9,234.6,10.689,0
08:26:37.770,56,132.0,1591.0,94.0,19.0,20.94,83.5,18.0,14.5,14.5,12.915579,74.8767099,-46.8,235.0,10.682,0
08:26:37.859,56,132.0,1591.0,94.0,19.0,20.94,83.5,18.0,14.5,14.5,12.9155769,74.876703,-46.7,235.4,10.672,0
08:26:37.920,56,132.0,1591.0,94.0,19.0,20.94,83.5,18.0,14.5,14.5,12.9155755,74.8766983,-46.6,235.8,10.665,0
08:26:38.009,56,132.0,1591.0,94.0,19.0,19.38,83.5,18.0,14.5,14.5,12.9155734,74.8766914,-46.4,236.2,10.654,0
08:26:38.099,56,132.0,1591.0,94.0,19.0,19.38,83.5,18.0,14.5,14.5,12.9155713,74.8766845,-46.3,236.7,10.644,0
08:26:38.189,56,132.0,1591.0,94.0,19.0,19.38,83.5,18.0,14.5,14.5,12.9155691,74.8766775,-46.1,237.2,10.634,0
08:26:38.279,56,132.0,1591.0,94.0,19.0,19.38,83.5,18.0,14.1,14.5,12.915567,74.8766706,-46.0,237.7,10.623,0
08:26:38.369,56,132.0,1591.0,94.0,19.0,19.38,83.5,18.0,14.1,14.5,12.9155649,74.8766636,-45.9,238.2,10.613,0
08:26:38.459,56,132.0,1591.0,94.0,19.0,19.38,83.5,18.0,14.1,14.5,12.9155627,74.8766567,-45.7,238.6,10.603,0
08:26:38.520,56,123.0,1591.0,94.0,19.0,19.38,83.5,18.0,14.1,14.5,12.9155613,74.876652,-45.6,239.0,10.596,0
08:26:38.609,56,123.0,1587.0,94.0,19.0,19.38,83.5,18.0,14.1,14.5,12.9155592,74.8766451,-45.5,239.4,10.585,0
08:26:38.671,56,123.0,1587.0,94.0,19.0,19.38,83.5,18.0,14.1,14.5,12.9155577,74.8766403,-45.4,239.8,10.578,0
08:26:38.759,56,123.0,1587.0,94.0,18.0,19.38,83.5,18.0,14.1,14.5,12.9155557,74.8766335,-45.2,240.2,10.568,0
08:26:38.820,56,123.0,1587.0,94.0,18.0,16.8,83.5,18.0,14.1,14.5,12.9155542,74.8766288,-45.1,240.6,10.561,0
08:26:38.909,56,123.0,1587.0,94.0,18.0,16.8,83.5,18.0,14.1,14.5,12.9155521,74.8766219,-45.0,241.0,10.551,0
08:26:38.970,56,123.0,1587.0,94.0,18.0,16.8,83.5,18.0,14.1,14.5,12.9155507,74.8766172,-44.9,241.4,10.544,0
08:26:39.059,56,123.0,1587.0,94.0,18.0,16.8,83.5,18.0,14.1,14.5,12.9155486,74.8766104,-44.8,241.8,10.534,0
08:26:39.120,56,123.0,1587.0,94.0,18.0,16.8,83.5,18.0,14.1,14.5,12.9155471,74.8766056,-44.7,242.2,10.527,0
08:26:39.209,57,123.0,1587.0,94.0,18.0,16.8,83.5,18.0,14.1,14.5,12.915545,74.8765988,-44.5,242.6,10.516,0
08:26:39.299,57,119.0,1587.0,94.0,18.0,16.8,83.5,18.0,14.1,14.5,12.9155429,74.8765918,-44.4,243.1,10.506,0
08:26:39.389,57,119.0,1586.0,94.0,18.0,16.8,83.5,18.0,14.1,14.5,12.9155408,74.8765849,-44.2,243.6,10.496,0
08:26:39.481,57,119.0,1586.0,94.0,18.0,16.8,83.5,18.0,14.1,14.5,12.9155386,74.8765778,-44.1,244.1,10.485,0
08:26:39.569,57,119.0,1586.0,94.0,18.0,16.8,83.5,18.0,14.1,14.5,12.9155365,74.876571,-44.0,244.5,10.475,0
08:26:39.659,57,119.0,1586.0,94.0,18.0,16.61,83.5,18.0,14.1,14.5,12.9155344,74.876564,-43.8,245.0,10.465,0
08:26:39.720,57,119.0,1586.0,94.0,18.0,16.61,83.5,18.0,14.1,14.5,12.915533,74.8765593,-43.7,245.3,10.458,0
08:26:39.809,57,119.0,1586.0,94.0,18.0,16.61,83.5,18.0,14.1,14.5,12.9155308,74.8765524,-43.6,245.8,10.447,0
08:26:39.870,57,119.0,1586.0,94.0,18.0,16.61,83.5,18.0,14.1,14.5,12.9155294,74.8765477,-43.5,246.1,10.44,0
08:26:39.960,57,119.0,1586.0,94.0,18.0,16.61,83.5,18.0,14.1,14.5,12.9155273,74.8765408,-43.3,246.6,10.43,0
08:26:40.020,57,119.0,1586.0,94.0,18.0,16.61,83.5,18.0,14.1,14.5,12.9155259,74.8765361,-43.3,246.9,10.423,0
08:26:40.109,57,117.0,1586.0,94.0,18.0,16.61,83.5,18.0,14.1,14.5,12.9155238,74.8765293,-43.1,247.4,10.413,0
08:26:40.170,57,117.0,1579.0,94.0,18.0,16.61,83.5,18.0,14.1,14.5,12.9155223,74.8765246,-43.0,247.7,10.406,0
08:26:40.259,57,117.0,1579.0,94.0,18.0,16.61,83.5,18.0,14.1,14.5,12.9155202,74.8765177,-42.9,248.2,10.396,0
08:26:40.320,57,117.0,1579.0,94.0,18.0,16.61,83.5,18.0,14.1,14.5,12.9155188,74.876513,-42.8,248.5,10.389,0
08:26:40.409,57,117.0,1579.0,94.0,18.0,16.47,83.5,18.0,14.1,14.5,12.9155167,74.8765061,-42.6,249.0,10.378,0
08:26:40.499,57,117.0,1579.0,94.0,18.0,16.47,83.5,18.0,14.1,14.5,12.9155145,74.8764991,-42.5,249.5,10.368,0
08:26:40.589,57,117.0,1579.0,94.0,18.0,16.47,83.5,18.0,14.1,14.5,12.9155124,74.8764922,-42.4,250.0,10.358,0
08:26:40.679,57,117.0,1579.0,94.0,18.0,16.47,83.5,18.0,14.1,14.5,12.9155103,74.8764852,-42.2,250.5,10.347,0
08:26:40.769,57,117.0,1579.0,94.0,18.0,16.47,83.5,18.0,14.1,14.5,12.9155082,74.8764783,-42.1,250.9,10.337,0
08:26:40.859,57,117.0,1579.0,94.0,18.0,16.47,83.5,18.0,14.1,14.5,12.915506,74.8764713,-41.9,251.4,10.327,0
08:26:40.920,57,113.0,1579.0,94.0,18.0,16.47,83.5,18.0,14.1,14.5,12.9155046,74.8764666,-41.8,251.7,10.32,0
08:26:41.009,57,113.0,1573.0,94.0,18.0,16.47,83.5,18.0,14.1,14.5,12.9155025,74.8764598,-41.7,252.2,10.309,0
08:26:41.069,57,113.0,1573.0,93.0,18.0,16.47,83.5,18.0,14.1,14.5,12.9155011,74.8764551,-41.6,252.5,10.302,0
08:26:41.159,57,113.0,1573.0,93.0,18.0,16.47,83.5,18.0,14.1,14.5,12.9154989,74.8764482,-41.5,253.0,10.292,0
08:26:41.250,57,113.0,1573.0,93.0,18.0,16.02,83.5,18.0,14.1,14.5,12.9154968,74.8764411,-41.3,253.5,10.282,0
08:26:41.339,57,113.0,1573.0,93.0,18.0,16.02,83.5,18.0,14.1,14.5,12.9154947,74.8764343,-41.2,254.0,10.271,0
08:26:41.428,57,113.0,1573.0,93.0,18.0,16.02,83.5,18.0,14.1,14.5,12.9154926,74.8764274,-41.0,254.4,10.261,0
08:26:41.518,57,113.0,1573.0,93.0,18.0,16.02,83.5,18.0,14.1,14.5,12.9154905,74.8764204,-40.9,254.9,10.251,0
08:26:41.609,57,113.0,1573.0,93.0,18.0,16.02,83.5,18.0,14.1,14.5,12.9154883,74.8764134,-40.7,255.4,10.24,0
08:26:41.699,57,113.0,1573.0,93.0,18.0,16.02,83.5,18.0,14.1,14.5,12.9154862,74.8764065,-40.6,255.9,10.23,0
08:26:41.789,57,112.0,1573.0,93.0,18.0,16.02,83.5,18.0,14.1,14.5,12.9154841,74.8763995,-40.5,256.4,10.22,0
08:26:41.879,57,112.0,1565.0,93.0,18.0,16.02,83.5,18.0,14.1,14.5,12.9154819,74.8763926,-40.3,256.8,10.209,0
08:26:42.029,57,112.0,1565.0,93.0,18.0,16.02,83.5,18.0,14.1,14.5,12.9154784,74.876381,-40.1,257.6,10.192,0
08:26:42.119,57,112.0,1565.0,93.0,18.0,14.86,83.5,18.0,14.1,14.5,12.9154763,74.876374,-39.9,258.1,10.182,0
08:26:42.209,57,112.0,1565.0,93.0,18.0,14.86,83.5,18.0,14.1,14.5,12.9154741,74.8763671,-39.8,258.6,10.171,0
08:26:42.270,57,112.0,1565.0,93.0,18.0,14.86,83.5,18.0,14.1,14.5,12.9154727,74.8763624,-39.7,258.9,10.164,0
08:26:42.359,57,112.0,1565.0,93.0,18.0,14.86,83.5,18.0,14.1,14.5,12.9154706,74.8763555,-39.6,259.4,10.154,0
08:26:42.450,57,112.0,1565.0,93.0,18.0,14.86,83.5,18.0,14.1,14.5,12.9154684,74.8763485,-39.4,259.9,10.143,0
08:26:42.539,57,112.0,1565.0,93.0,18.0,14.86,83.5,18.0,14.1,14.5,12.9154663,74.8763416,-39.3,260.4,10.133,0
08:26:42.629,57,113.0,1565.0,93.0,18.0,14.86,83.5,18.0,14.1,14.5,12.9154642,74.8763346,-39.1,260.8,10.123,0
08:26:42.719,57,113.0,1555.0,93.0,18.0,14.86,83.5,18.0,14.1,14.5,12.9154621,74.8763277,-39.0,261.3,10.112,0
08:26:42.809,57,113.0,1555.0,92.0,18.0,14.86,83.5,18.0,14.1,14.5,12.91546,74.8763207,-38.9,261.8,10.102,0
08:26:42.871,57,113.0,1555.0,92.0,18.0,14.86,83.5,18.0,14.1,14.5,12.9154585,74.876316,-38.8,262.1,10.095,0
08:26:42.960,57,113.0,1555.0,92.0,18.0,15.16,83.5,18.0,14.1,14.5,12.9154564,74.8763091,-38.6,262.6,10.085,0
08:26:43.020,57,113.0,1555.0,92.0,18.0,15.16,83.5,18.0,14.1,14.5,12.915455,74.8763045,-38.5,262.9,10.078,0
08:26:43.108,57,113.0,1555.0,92.0,18.0,15.16,83.5,18.0,14.1,14.5,12.9154529,74.8762977,-38.4,263.4,10.068,0
08:26:43.170,57,113.0,1555.0,92.0,18.0,15.16,83.5,18.0,14.1,14.5,12.9154514,74.8762929,-38.3,263.7,10.061,0
08:26:43.259,57,113.0,1555.0,92.0,18.0,15.16,83.5,18.0,14.1,14.5,12.9154493,74.876286,-38.1,264.2,10.05,0
08:26:43.320,57,113.0,1555.0,92.0,18.0,15.16,83.5,18.0,14.1,14.5,12.9154479,74.8762813,-38.1,264.5,10.043,0
08:26:43.409,57,115.0,1555.0,92.0,18.0,15.16,83.5,18.0,14.1,14.5,12.9154458,74.8762744,-37.9,265.0,10.033,0
08:26:43.472,57,115.0,1552.0,92.0,18.0,15.16,83.5,18.0,14.1,14.5,12.9154443,74.8762695,-37.8,265.3,10.026,0
08:26:43.559,57,115.0,1552.0,92.0,18.0,15.16,83.5,18.0,14.1,14.5,12.9154422,74.8762628,-37.7,265.8,10.016,0
08:26:43.621,57,115.0,1552.0,92.0,18.0,15.16,83.5,18.0,14.1,14.5,12.9154408,74.876258,-37.6,266.1,10.009,0
08:26:43.709,57,115.0,1552.0,92.0,18.0,15.44,83.5,18.0,14.1,14.5,12.9154387,74.8762512,-37.4,266.6,9.999,0
08:26:43.771,57,115.0,1552.0,92.0,18.0,15.44,83.5,18.0,14.1,14.5,12.9154372,74.8762465,-37.3,266.9,9.991,0
08:26:43.859,57,115.0,1552.0,92.0,18.0,15.44,83.5,18.0,14.1,14.5,12.9154351,74.8762397,-37.2,267.4,9.981,0
08:26:43.921,57,115.0,1552.0,92.0,18.0,15.44,83.5,18.0,14.1,14.5,12.9154337,74.8762349,-37.1,267.7,9.974,0
08:26:44.009,57,115.0,1552.0,92.0,18.0,15.44,83.5,18.0,14.1,14.5,12.9154316,74.8762281,-37.0,268.2,9.964,0
08:26:44.070,58,115.0,1552.0,92.0,18.0,15.44,83.5,18.0,14.1,14.5,12.9154302,74.8762234,-36.9,268.5,9.957,0
08:26:44.159,58,117.0,1552.0,92.0,18.0,15.44,83.5,18.0,14.1,14.5,12.9154281,74.8762165,-36.7,269.0,9.947,0
08:26:44.220,58,117.0,1546.0,92.0,18.0,15.44,83.5,18.0,14.1,14.5,12.9154266,74.8762118,-36.6,269.3,9.94,0
08:26:44.309,58,117.0,1546.0,92.0,18.0,15.44,83.5,18.0,14.1,14.5,12.9154245,74.8762049,-36.5,269.8,9.93,0
08:26:44.371,58,117.0,1546.0,92.0,19.0,15.44,83.5,18.0,14.1,14.5,12.915423,74.8762001,-36.4,270.1,9.922,0
08:26:44.459,58,117.0,1546.0,92.0,19.0,16.02,83.5,18.0,14.1,14.5,12.915421,74.8761933,-36.3,270.6,9.912,0
08:26:44.520,58,117.0,1546.0,92.0,19.0,16.02,83.5,18.0,14.1,14.5,12.9154195,74.8761886,-36.2,270.9,9.905,0
08:26:44.609,58,117.0,1546.0,92.0,19.0,16.02,83.5,18.0,14.1,14.5,12.9154174,74.8761817,-36.0,271.4,9.895,0
08:26:44.670,58,117.0,1546.0,92.0,19.0,16.02,83.5,18.0,14.1,14.5,12.915416,74.876177,-35.9,271.7,9.888,0
08:26:44.759,58,117.0,1546.0,92.0,19.0,16.02,83.5,18.0,14.1,14.5,12.9154139,74.8761702,-35.8,272.2,9.878,0
08:26:44.820,58,117.0,1546.0,92.0,19.0,16.02,83.5,18.0,14.1,14.5,12.9154124,74.8761654,-35.7,272.5,9.871,0
08:26:44.909,58,121.0,1546.0,92.0,19.0,16.02,83.5,18.0,14.1,14.5,12.9154103,74.8761586,-35.5,273.0,9.86,0
08:26:44.970,58,121.0,1540.0,92.0,19.0,16.02,83.5,18.0,14.1,14.5,12.9154089,74.8761539,-35.5,273.3,9.853,0
08:26:45.059,58,121.0,1540.0,91.0,19.0,16.02,83.5,18.0,14.1,14.5,12.9154068,74.876147,-35.3,273.8,9.843,0
08:26:45.120,58,121.0,1540.0,91.0,19.0,16.02,83.5,18.0,14.1,14.5,12.9154053,74.8761423,-35.2,274.1,9.836,0
08:26:45.209,58,121.0,1540.0,91.0,19.0,16.97,83.5,18.0,14.1,14.5,12.9154032,74.8761354,-35.1,274.6,9.826,0
08:26:45.271,58,121.0,1540.0,91.0,19.0,16.97,83.5,18.0,14.1,14.5,12.9154018,74.8761306,-35.0,274.9,9.819,0
08:26:45.359,58,121.0,1540.0,91.0,19.0,16.97,83.5,18.0,14.1,14.5,12.9153997,74.8761238,-34.8,275.4,9.809,0
08:26:45.420,58,121.0,1540.0,91.0,19.0,16.97,83.5,18.0,14.1,14.5,12.9153983,74.8761191,-34.7,275.7,9.802,0
08:26:45.509,58,121.0,1540.0,91.0,19.0,16.97,83.5,18.0,14.1,14.5,12.9153962,74.8761122,-34.6,276.2,9.791,0
08:26:45.570,58,121.0,1540.0,91.0,19.0,16.97,83.5,18.0,14.1,14.5,12.9153947,74.8761075,-34.5,276.5,9.784,0
08:26:45.689,58,123.0,1540.0,91.0,19.0,16.97,83.5,18.0,14.1,14.5,12.9153919,74.8760983,-34.3,277.1,9.771,0
08:26:45.779,58,123.0,1540.0,91.0,19.0,16.97,83.5,18.0,14.1,14.5,12.9153898,74.8760914,-34.2,277.6,9.76,0
08:26:45.869,58,123.0,1540.0,91.0,19.0,16.97,83.5,18.0,14.1,14.5,12.9153876,74.8760844,-34.0,278.1,9.75,0
08:26:45.959,58,123.0,1540.0,91.0,19.0,16.97,83.5,18.0,14.1,14.5,12.9153855,74.8760775,-33.9,278.6,9.74,0
08:26:46.020,58,123.0,1540.0,91.0,19.0,17.8,83.5,18.0,14.1,14.5,12.9153841,74.8760728,-33.8,278.9,9.733,0
08:26:46.109,58,123.0,1540.0,91.0,19.0,17.8,83.5,18.0,14.1,14.5,12.915382,74.8760659,-33.7,279.4,9.722,0
08:26:46.229,58,123.0,1540.0,91.0,19.0,17.8,83.5,18.0,14.1,14.5,12.9153791,74.8760566,-33.5,280.0,9.709,0
08:26:46.319,58,123.0,1540.0,91.0,19.0,17.8,83.5,18.0,14.1,14.5,12.915377,74.8760497,-33.3,280.5,9.698,0
08:26:46.409,58,123.0,1540.0,91.0,19.0,17.8,83.5,18.0,14.1,14.5,12.9153749,74.8760427,-33.2,280.9,9.688,0
08:26:46.471,58,123.0,1540.0,91.0,19.0,17.8,83.5,18.0,14.1,14.5,12.9153734,74.8760379,-33.1,281.3,9.681,0
08:26:46.559,58,127.0,1540.0,91.0,19.0,17.8,83.5,18.0,14.1,14.5,12.9153713,74.8760311,-32.9,281.7,9.671,0
08:26:46.620,58,127.0,1537.0,91.0,19.0,17.8,83.5,18.0,14.1,14.5,12.9153699,74.8760264,-32.9,282.1,9.664,0
08:26:46.709,58,127.0,1537.0,91.0,19.0,17.8,83.5,18.0,14.1,14.5,12.9153678,74.8760196,-32.7,282.5,9.653,0
08:26:46.770,58,127.0,1537.0,91.0,19.0,17.8,83.5,18.0,14.1,14.5,12.9153664,74.8760148,-32.6,282.9,9.646,0
08:26:46.859,58,127.0,1537.0,91.0,19.0,18.69,83.5,18.0,14.1,14.5,12.9153643,74.876008,-32.5,283.3,9.636,0
08:26:46.921,58,127.0,1537.0,91.0,19.0,18.69,83.5,18.0,14.1,14.5,12.9153628,74.8760032,-32.4,283.7,9.629,0
08:26:47.009,58,127.0,1537.0,91.0,19.0,18.69,83.5,18.0,14.1,14.5,12.9153607,74.8759964,-32.2,284.1,9.619,0
08:26:47.070,58,127.0,1537.0,91.0,19.0,18.69,83.5,18.0,14.1,14.5,12.9153593,74.8759917,-32.1,284.5,9.612,0
08:26:47.159,58,127.0,1537.0,91.0,19.0,18.69,83.5,18.0,14.1,14.5,12.9153572,74.8759848,-32.0,284.9,9.602,0
08:26:47.220,58,127.0,1537.0,91.0,19.0,18.69,83.5,18.0,14.1,14.5,12.9153557,74.8759801,-31.9,285.3,9.595,0
08:26:47.309,58,131.0,1537.0,91.0,19.0,18.69,83.5,18.0,14.1,14.5,12.9153536,74.8759732,-31.8,285.7,9.584,0
08:26:47.371,58,131.0,1537.0,91.0,19.0,18.69,83.5,18.0,14.1,14.5,12.9153522,74.8759684,-31.7,286.1,9.577,0
08:26:47.459,58,131.0,1537.0,91.0,19.0,18.69,83.5,18.0,14.1,14.5,12.9153501,74.8759616,-31.5,286.5,9.567,0
08:26:47.520,58,131.0,1537.0,91.0,20.0,18.69,83.5,18.0,14.1,14.5,12.9153486,74.8759569,-31.4,286.9,9.56,0
08:26:47.609,58,131.0,1537.0,91.0,20.0,18.97,83.5,18.0,14.1,14.5,12.9153465,74.8759501,-31.3,287.3,9.55,0
08:26:47.671,58,131.0,1537.0,91.0,20.0,18.97,83.5,18.0,14.1,14.5,12.9153451,74.8759453,-31.2,287.7,9.543,0
08:26:47.759,58,131.0,1537.0,91.0,20.0,18.97,83.5,18.0,14.1,14.5,12.915343,74.8759385,-31.1,288.1,9.533,0
08:26:47.820,58,131.0,1537.0,91.0,20.0,18.97,83.5,18.0,14.1,14.5,12.9153415,74.8759338,-31.0,288.5,9.526,0
08:26:47.909,58,131.0,1537.0,91.0,20.0,18.97,83.5,18.0,14.1,14.5,12.9153394,74.8759269,-30.8,288.9,9.515,0
08:26:47.970,58,131.0,1537.0,91.0,20.0,18.97,83.5,18.0,14.1,14.5,12.915338,74.8759222,-30.7,289.3,9.508,0
08:26:48.060,58,133.0,1537.0,91.0,20.0,18.97,83.5,18.0,14.1,14.5,12.9153359,74.8759152,-30.6,289.7,9.498,0
08:26:48.120,58,133.0,1542.0,91.0,20.0,18.97,83.5,18.0,14.1,14.5,12.9153345,74.8759106,-30.5,290.1,9.491,0
08:26:48.210,58,133.0,1542.0,91.0,20.0,18.97,83.5,18.0,14.1,14.5,12.9153323,74.8759036,-30.3,290.5,9.481,0
08:26:48.270,58,133.0,1542.0,91.0,20.0,18.97,83.5,18.0,14.1,14.5,12.9153309,74.875899,-30.3,290.9,9.474,0
08:26:48.359,58,133.0,1542.0,91.0,20.0,20.61,83.5,18.0,14.1,14.5,12.9153288,74.8758921,-30.1,291.3,9.464,0
08:26:48.421,58,133.0,1542.0,91.0,20.0,20.61,83.5,18.0,14.1,14.5,12.9153273,74.8758873,-30.0,291.7,9.456,0
08:26:48.509,58,133.0,1542.0,91.0,20.0,20.61,83.5,18.0,14.1,14.5,12.9153253,74.8758805,-29.9,292.1,9.446,0
08:26:48.570,58,133.0,1542.0,91.0,20.0,20.61,83.5,18.0,14.1,14.5,12.9153238,74.8758758,-29.8,292.4,9.439,0
08:26:48.661,58,133.0,1542.0,91.0,20.0,20.61,83.5,18.0,14.1,14.5,12.9153217,74.8758688,-29.6,292.9,9.429,0
08:26:48.721,58,133.0,1542.0,91.0,20.0,20.61,83.5,18.0,14.1,14.5,12.9153203,74.8758642,-29.5,293.3,9.422,0
08:26:48.809,58,136.0,1542.0,91.0,20.0,20.61,83.5,18.0,14.1,14.5,12.9153182,74.8758574,-29.4,293.7,9.412,0
08:26:48.871,58,136.0,1537.0,91.0,20.0,20.61,83.5,18.0,14.1,14.5,12.9153167,74.8758526,-29.3,294.0,9.405,0
08:26:48.960,58,136.0,1537.0,91.0,20.0,20.61,83.5,18.0,14.1,14.5,12.9153146,74.8758457,-29.2,294.5,9.394,0
08:26:49.020,58,136.0,1537.0,91.0,20.0,20.61,83.5,18.0,14.1,14.5,12.9153132,74.8758411,-29.1,294.8,9.387,0
08:26:49.109,58,136.0,1537.0,91.0,20.0,22.66,83.5,18.0,14.1,14.5,12.9153111,74.8758342,-28.9,295.3,9.377,0
08:26:49.170,58,136.0,1537.0,91.0,20.0,22.66,83.5,18.0,14.1,14.5,12.9153096,74.8758295,-28.8,295.6,9.37,0
08:26:49.259,58,136.0,1537.0,91.0,20.0,22.66,83.5,18.0,14.1,14.5,12.9153075,74.8758226,-28.7,296.1,9.36,0
08:26:49.320,58,136.0,1537.0,91.0,20.0,22.66,83.5,18.0,14.1,14.5,12.9153061,74.8758179,-28.6,296.4,9.353,0
08:26:49.409,58,136.0,1537.0,91.0,20.0,22.66,83.5,18.0,14.1,14.1,12.915304,74.875811,-28.5,296.9,9.343,0
08:26:49.469,59,136.0,1537.0,91.0,20.0,22.66,83.5,18.0,14.1,14.1,12.9153026,74.8758064,-28.4,297.2,9.336,0
08:26:49.558,59,141.0,1537.0,91.0,20.0,22.66,83.5,18.0,14.1,14.1,12.9153005,74.8757995,-28.2,297.7,9.326,0
08:26:49.619,59,141.0,1539.0,91.0,20.0,22.66,83.5,18.0,14.1,14.1,12.915299,74.8757948,-28.1,298.0,9.319,0
08:26:49.707,59,141.0,1539.0,91.0,20.0,22.66,83.5,18.0,14.1,14.1,12.915297,74.875788,-28.0,298.5,9.308,0
08:26:49.772,59,141.0,1539.0,91.0,20.0,22.66,83.5,18.0,14.1,14.1,12.9152954,74.875783,-27.9,298.8,9.301,0
08:26:49.857,59,141.0,1539.0,91.0,20.0,23.02,83.5,18.0,14.1,14.1,12.9152934,74.8757764,-27.8,299.3,9.291,0
08:26:49.918,59,141.0,1539.0,91.0,20.0,23.02,83.5,18.0,14.1,14.1,12.915292,74.8757717,-27.7,299.6,9.284,0
08:26:50.006,59,141.0,1539.0,91.0,20.0,23.02,83.5,18.0,14.1,14.1,12.9152899,74.8757649,-27.5,300.1,9.274,0
08:26:50.067,59,141.0,1539.0,91.0,20.0,23.02,83.5,18.0,14.1,14.1,12.9152885,74.8757602,-27.4,300.4,9.267,0
08:26:50.155,59,141.0,1539.0,91.0,20.0,23.02,83.5,18.0,14.1,14.5,12.9152864,74.8757534,-27.3,300.9,9.257,0
08:26:50.216,59,141.0,1539.0,91.0,20.0,23.02,83.5,18.0,14.1,14.5,12.9152849,74.8757487,-27.2,301.2,9.25,0
08:26:50.305,59,143.0,1539.0,91.0,20.0,23.02,83.5,18.0,14.1,14.5,12.9152828,74.8757418,-27.0,301.7,9.24,0
08:26:50.366,59,143.0,1537.0,91.0,20.0,23.02,83.5,18.0,14.1,14.5,12.9152814,74.8757371,-27.0,302.0,9.233,0
08:26:50.455,59,143.0,1537.0,91.0,20.0,23.02,83.5,18.0,14.1,14.5,12.9152793,74.8757303,-26.8,302.5,9.222,0
08:26:50.517,59,143.0,1537.0,91.0,20.0,23.02,83.5,18.0,14.1,14.5,12.9152778,74.8757255,-26.7,302.8,9.215,0
08:26:50.605,59,143.0,1537.0,91.0,20.0,24.91,83.5,18.0,14.1,14.5,12.9152757,74.8757187,-26.6,303.3,9.205,0
08:26:50.725,59,143.0,1537.0,91.0,20.0,24.91,83.5,18.0,14.1,14.5,12.9152729,74.8757094,-26.4,303.9,9.191,0
08:26:50.815,59,143.0,1537.0,91.0,20.0,24.91,83.5,18.0,14.1,14.5,12.9152708,74.8757025,-26.2,304.4,9.181,0
08:26:50.905,59,143.0,1537.0,91.0,20.0,24.91,83.5,18.0,14.1,14.5,12.9152686,74.8756955,-26.1,304.9,9.171,0
08:26:50.967,59,143.0,1537.0,91.0,20.0,24.91,83.5,18.0,14.1,14.5,12.9152672,74.8756907,-26.0,305.2,9.163,0
08:26:51.055,59,143.0,1537.0,91.0,20.0,24.91,83.5,18.0,14.1,14.5,12.9152651,74.8756839,-25.9,305.7,9.153,0
08:26:51.116,59,148.0,1537.0,91.0,20.0,24.91,83.5,18.0,14.1,14.5,12.9152637,74.8756792,-25.8,306.0,9.146,0
08:26:51.205,59,148.0,1550.0,91.0,20.0,24.91,83.5,18.0,14.1,14.5,12.9152616,74.8756723,-25.6,306.5,9.136,0
08:26:51.266,59,148.0,1550.0,92.0,20.0,24.91,83.5,18.0,14.1,14.5,12.9152601,74.8756676,-25.5,306.8,9.129,0
08:26:51.356,59,148.0,1550.0,92.0,21.0,24.91,83.5,18.0,14.1,14.5,12.915258,74.8756607,-25.4,307.3,9.119,0
08:26:51.418,59,148.0,1550.0,92.0,21.0,24.94,83.5,18.0,14.1,14.5,12.9152565,74.8756559,-25.3,307.6,9.112,0
08:26:51.505,59,148.0,1550.0,92.0,21.0,24.94,83.5,18.0,14.1,14.5,12.9152545,74.8756492,-25.2,308.1,9.102,0
08:26:51.596,59,148.0,1550.0,92.0,21.0,24.94,83.5,18.0,14.1,14.5,12.9152523,74.8756421,-25.0,308.6,9.091,0
08:26:51.657,59,148.0,1550.0,92.0,21.0,24.94,83.5,18.0,14.1,14.5,12.9152533,74.8756385,-25.0,308.5,9.087,0
08:26:51.717,59,148.0,1550.0,92.0,21.0,24.94,83.5,18.0,14.1,14.5,12.9152547,74.8756352,-25.0,308.4,9.083,0
08:26:51.805,59,148.0,1550.0,92.0,21.0,24.94,83.5,18.0,14.1,14.5,12.9152568,74.8756303,-25.0,308.2,9.078,0
08:26:51.867,59,149.0,1550.0,92.0,21.0,24.94,83.5,18.0,14.1,14.5,12.9152583,74.8756268,-25.0,308.0,9.075,0
08:26:51.956,59,149.0,1553.0,92.0,21.0,24.94,83.5,18.0,14.1,14.5,12.9152603,74.8756219,-25.1,307.8,9.069,0
08:26:52.018,59,149.0,1553.0,92.0,21.0,24.94,83.5,18.0,14.1,14.5,12.9152618,74.8756184,-25.1,307.7,9.066,0
08:26:52.105,59,149.0,1553.0,92.0,21.0,24.94,83.5,18.0,14.1,14.5,12.9152638,74.8756135,-25.1,307.5,9.061,0
08:26:52.166,59,149.0,1553.0,92.0,21.0,24.02,83.5,18.0,14.1,14.5,12.9152653,74.8756101,-25.1,307.4,9.057,0
08:26:52.256,59,149.0,1553.0,92.0,21.0,24.02,83.5,18.0,14.1,14.5,12.9152674,74.8756051,-25.1,307.2,9.052,0
08:26:52.405,59,149.0,1553.0,92.0,21.0,24.02,83.5,18.0,14.1,14.5,12.9152709,74.8755968,-25.1,306.9,9.043,0
08:26:52.466,59,149.0,1553.0,92.0,21.0,24.02,83.5,18.0,14.1,14.5,12.9152723,74.8755934,-25.1,306.7,9.04,0
08:26:52.556,59,149.0,1553.0,92.0,21.0,24.02,83.5,18.0,14.1,14.5,12.9152744,74.8755884,-25.1,306.5,9.034,0
08:26:52.616,59,143.0,1553.0,92.0,21.0,24.02,83.5,18.0,14.1,14.5,12.9152758,74.875585,-25.1,306.4,9.031,0
08:26:52.705,59,143.0,1363.0,92.0,21.0,24.02,83.5,18.0,14.1,14.5,12.9152779,74.87558,-25.2,306.2,9.026,0
08:26:52.766,59,143.0,1363.0,92.0,21.0,24.02,83.5,18.0,14.1,14.5,12.9152793,74.8755766,-25.2,306.1,9.022,0
08:26:52.855,59,143.0,1363.0,92.0,21.0,24.02,83.5,18.0,14.1,14.5,12.9152814,74.8755717,-25.2,305.9,9.017,0
08:26:52.916,59,143.0,1363.0,92.0,21.0,20.55,83.5,18.0,14.1,14.5,12.9152828,74.8755683,-25.2,305.8,9.013,0
08:26:53.005,59,143.0,1363.0,92.0,21.0,20.55,31.0,18.0,14.1,14.5,12.9152849,74.8755633,-25.2,305.6,9.008,0
08:26:53.066,59,143.0,1363.0,92.0,21.0,20.55,31.0,18.0,14.1,14.5,12.9152864,74.8755599,-25.2,305.4,9.005,0
08:26:53.155,59,143.0,1363.0,92.0,21.0,20.55,31.0,18.0,14.1,14.5,12.9152885,74.8755549,-25.2,305.2,8.999,0
08:26:53.216,59,143.0,1363.0,92.0,21.0,20.55,31.0,18.0,14.1,14.5,12.9152899,74.8755515,-25.2,305.1,8.996,0
08:26:53.305,59,143.0,1363.0,92.0,21.0,20.55,31.0,18.0,14.1,14.5,12.915292,74.8755466,-25.3,304.9,8.991,0
08:26:53.367,59,105.0,1363.0,92.0,21.0,20.55,31.0,18.0,14.1,14.5,12.9152934,74.8755431,-25.3,304.8,8.987,0
08:26:53.458,59,105.0,1245.0,92.0,21.0,20.55,31.0,18.0,14.1,14.5,12.9152956,74.875538,-25.3,304.6,8.982,0
08:26:53.517,59,105.0,1245.0,90.0,21.0,20.55,31.0,18.0,14.1,14.5,12.9152969,74.8755347,-25.3,304.5,8.978,0
08:26:53.605,59,105.0,1245.0,90.0,20.0,20.55,31.0,18.0,14.1,14.5,12.915299,74.8755298,-25.3,304.3,8.973,0
08:26:53.667,59,105.0,1245.0,90.0,20.0,15.91,31.0,18.0,14.1,14.5,12.9153005,74.8755264,-25.3,304.1,8.969,0
08:26:53.755,59,105.0,1245.0,90.0,20.0,15.91,83.1,18.0,14.1,14.5,12.9153025,74.8755214,-25.3,303.9,8.964,0
08:26:53.817,59,105.0,1245.0,90.0,20.0,15.91,83.1,18.0,14.1,14.5,12.915304,74.875518,-25.3,303.8,8.961,0
08:26:53.905,59,105.0,1245.0,90.0,20.0,15.91,83.1,18.0,14.1,14.5,12.915306,74.8755131,-25.3,303.6,8.955,0
08:26:53.967,59,105.0,1245.0,90.0,20.0,15.91,83.1,18.0,14.1,14.5,12.9153075,74.8755096,-25.3,303.5,8.952,0
08:26:54.055,59,105.0,1245.0,90.0,20.0,15.91,83.1,18.0,14.1,14.5,12.9153096,74.8755047,-25.4,303.3,8.947,0
08:26:54.116,59,113.0,1245.0,90.0,20.0,15.91,83.1,18.0,14.1,14.5,12.915311,74.8755013,-25.4,303.2,8.943,0
08:26:54.205,59,113.0,1696.0,90.0,20.0,15.91,83.1,18.0,14.1,14.5,12.9153131,74.8754963,-25.4,303.0,8.938,0
08:26:54.267,59,113.0,1696.0,89.0,20.0,15.91,83.1,18.0,14.1,14.5,12.9153145,74.8754929,-25.4,302.8,8.934,0
08:26:54.355,59,113.0,1696.0,89.0,19.0,15.91,83.1,18.0,14.1,14.5,12.9153166,74.8754879,-25.4,302.7,8.929,0
08:26:54.417,59,113.0,1696.0,89.0,19.0,13.13,83.1,18.0,14.1,14.5,12.915318,74.8754845,-25.4,302.5,8.925,0
08:26:54.505,59,113.0,1696.0,89.0,19.0,13.13,83.5,18.0,14.1,14.5,12.9153201,74.8754796,-25.4,302.3,8.92,0
08:26:54.568,59,113.0,1696.0,89.0,19.0,13.13,83.5,18.0,14.1,14.5,12.9153216,74.8754761,-25.4,302.2,8.917,0
08:26:54.655,59,113.0,1696.0,89.0,19.0,13.13,83.5,18.0,14.1,14.5,12.9153236,74.8754712,-25.5,302.0,8.912,0
08:26:54.739,59,113.0,1696.0,89.0,19.0,13.13,83.5,18.0,14.1,14.5,12.9153256,74.8754665,-25.5,301.8,8.907,0
08:26:54.804,60,113.0,1696.0,89.0,19.0,13.13,83.5,18.0,14.1,14.5,12.9153271,74.8754629,-25.5,301.7,8.903,0
08:26:54.866,60,115.0,1696.0,89.0,19.0,13.13,83.5,18.0,14.1,14.5,12.9153286,74.8754594,-25.5,301.5,8.899,0
08:26:54.955,60,115.0,1012.0,89.0,19.0,13.13,83.5,18.0,14.1,14.5,12.9153307,74.8754545,-25.5,301.4,8.894,0
08:26:55.016,60,115.0,1012.0,88.0,19.0,13.13,83.5,18.0,14.1,14.5,12.9153321,74.8754511,-25.5,301.2,8.89,0
08:26:55.104,60,115.0,1012.0,88.0,19.0,13.13,83.5,18.0,14.1,14.5,12.9153342,74.8754461,-25.5,301.0,8.885,0
08:26:55.165,60,115.0,1012.0,88.0,19.0,12.94,83.5,18.0,14.1,14.5,12.9153356,74.8754427,-25.5,300.9,8.882,0
08:26:55.255,60,115.0,1012.0,88.0,19.0,12.94,83.5,18.0,14.1,14.5,12.9153377,74.8754377,-25.5,300.7,8.876,0
08:26:55.315,60,115.0,1012.0,88.0,19.0,12.94,83.5,18.0,14.1,14.5,12.9153391,74.8754344,-25.5,300.6,8.873,0
08:26:55.405,60,115.0,1012.0,88.0,19.0,12.94,83.5,18.0,14.1,14.5,12.9153412,74.8754293,-25.6,300.4,8.868,0
08:26:55.555,60,115.0,1012.0,88.0,19.0,12.94,83.5,18.0,14.1,14.5,12.9153447,74.875421,-25.6,300.1,8.859,0
08:26:55.765,60,115.0,2165.0,88.0,19.0,12.94,83.5,18.0,14.1,14.5,12.9153496,74.8754092,-25.6,299.6,8.847,0
08:26:55.856,60,115.0,2165.0,85.0,19.0,12.94,83.5,18.0,14.1,14.5,12.9153518,74.8754042,-25.6,299.4,8.841,0
08:26:55.917,60,115.0,2165.0,85.0,16.0,12.94,83.5,18.0,14.1,14.5,12.9153532,74.8754008,-25.6,299.3,8.838,0
08:26:56.005,60,115.0,2165.0,85.0,16.0,27.44,83.5,18.0,14.1,14.5,12.9153553,74.8753959,-25.7,299.1,8.833,0
08:26:56.066,60,115.0,2165.0,85.0,16.0,27.44,83.5,18.0,14.1,14.5,12.9153567,74.8753924,-25.7,299.0,8.829,0
08:26:56.216,60,115.0,2165.0,85.0,16.0,27.44,83.5,18.0,14.1,14.5,12.9153602,74.8753841,-25.7,298.6,8.82,0
08:26:56.365,60,115.0,2165.0,85.0,16.0,27.44,83.5,18.0,14.1,14.5,12.9153637,74.8753758,-25.7,298.3,8.811,0
08:26:56.455,60,122.0,2165.0,85.0,16.0,27.44,83.5,18.0,14.1,14.5,12.9153658,74.8753707,-25.7,298.1,8.806,0
08:26:56.517,60,122.0,2105.0,85.0,16.0,27.44,83.5,18.0,14.1,14.5,12.9153673,74.8753673,-25.7,298.0,8.803,0
08:26:56.605,60,122.0,2105.0,82.0,16.0,27.44,83.5,18.0,14.1,14.5,12.9153693,74.8753624,-25.7,297.8,8.797,0
08:26:56.666,60,122.0,2105.0,82.0,21.0,27.44,83.5,18.0,14.1,14.5,12.9153708,74.875359,-25.7,297.7,8.794,0
08:26:56.755,60,122.0,2105.0,82.0,21.0,24.05,83.5,18.0,14.1,14.5,12.9153729,74.875354,-25.8,297.5,8.789,0
08:26:56.845,60,122.0,2105.0,82.0,21.0,24.05,83.5,18.0,14.1,14.5,12.915375,74.875349,-25.8,297.3,8.783,0
08:26:56.907,60,122.0,2105.0,82.0,21.0,24.05,83.5,18.0,14.1,14.5,12.9153764,74.8753455,-25.8,297.1,8.78,0
08:26:56.995,60,122.0,2105.0,82.0,21.0,24.05,83.5,18.0,14.1,14.5,12.9153785,74.8753406,-25.8,296.9,8.775,0
08:26:57.085,60,122.0,2105.0,82.0,21.0,24.05,83.5,18.0,14.1,14.5,12.9153806,74.8753356,-25.8,296.7,8.769,0
08:26:57.175,60,122.0,2105.0,82.0,21.0,24.05,83.5,18.0,14.1,14.5,12.9153827,74.8753305,-25.8,296.6,8.764,0
08:26:57.325,60,122.0,2041.0,82.0,21.0,24.05,83.5,18.0,14.1,14.5,12.9153862,74.8753222,-25.8,296.2,8.755,0
08:26:57.415,60,122.0,2041.0,80.0,21.0,24.05,83.5,18.0,14.1,14.5,12.9153883,74.8753171,-25.9,296.0,8.75,0
08:26:57.505,60,122.0,2041.0,80.0,20.0,24.05,83.5,18.0,14.1,14.5,12.9153904,74.8753121,-25.9,295.8,8.745,0
08:26:57.595,60,122.0,2041.0,80.0,20.0,18.74,83.5,18.0,14.1,14.5,12.9153926,74.8753071,-25.9,295.6,8.739,0
08:26:57.656,60,122.0,2041.0,80.0,20.0,18.74,83.5,18.0,14.1,14.5,12.915394,74.8753037,-25.9,295.5,8.736,0
08:26:57.746,60,122.0,2041.0,80.0,20.0,18.74,83.5,18.0,14.1,14.5,12.9153961,74.8752987,-25.9,295.3,8.731,0
08:26:57.835,60,122.0,2041.0,80.0,20.0,18.74,83.5,18.0,14.1,14.5,12.9153982,74.8752937,-25.9,295.1,8.725,0
08:26:57.926,60,122.0,2041.0,80.0,20.0,18.74,83.5,18.0,14.1,14.5,12.9154003,74.8752886,-25.9,294.9,8.72,0
08:26:58.015,60,122.0,2041.0,80.0,20.0,18.74,83.5,18.0,14.1,14.5,12.9154024,74.8752837,-25.9,294.7,8.715,0
08:26:58.105,60,119.0,2041.0,80.0,20.0,18.74,83.5,18.0,14.1,14.5,12.9154045,74.8752786,-26.0,294.5,8.71,0
08:26:58.195,60,119.0,953.0,80.0,20.0,18.74,83.5,18.0,14.1,14.5,12.9154066,74.8752736,-26.0,294.3,8.704,0
08:26:58.257,60,119.0,953.0,78.0,20.0,18.74,83.5,18.0,14.1,14.5,12.9154081,74.8752702,-26.0,294.2,8.701,0
08:26:58.345,60,119.0,953.0,78.0,19.0,18.74,83.5,18.0,14.1,14.5,12.9154101,74.8752652,-26.0,294.0,8.696,0
08:26:58.407,60,119.0,953.0,78.0,19.0,8.19,83.5,18.0,14.1,14.5,12.9154116,74.8752618,-26.0,293.9,8.692,0
08:26:58.495,60,119.0,953.0,78.0,19.0,8.19,83.5,18.0,14.1,14.5,12.9154137,74.8752569,-26.0,293.7,8.687,0
08:26:58.557,60,119.0,953.0,78.0,19.0,8.19,83.5,18.0,14.1,14.5,12.9154151,74.8752534,-26.0,293.6,8.683,0
08:26:58.645,60,119.0,953.0,78.0,19.0,8.19,83.5,18.0,14.1,14.5,12.9154172,74.8752485,-26.0,293.4,8.678,0
08:26:58.707,60,119.0,953.0,78.0,19.0,8.19,83.5,18.0,14.1,14.5,12.9154186,74.875245,-26.1,293.2,8.674,0
08:26:58.796,60,119.0,953.0,78.0,19.0,8.19,83.5,18.0,14.1,14.5,12.9154207,74.8752401,-26.1,293.0,8.669,0
08:26:58.857,60,107.0,953.0,78.0,19.0,8.19,83.5,18.0,14.1,14.5,12.9154221,74.8752367,-26.1,292.9,8.666,0
08:26:59.155,60,107.0,953.0,78.0,19.0,23.49,83.5,18.0,14.1,14.5,12.9154291,74.87522,-26.1,292.3,8.648,0
08:26:59.305,60,107.0,953.0,78.0,19.0,23.49,83.5,18.0,14.1,14.5,12.9154327,74.8752117,-26.1,291.9,8.639,0
08:26:59.395,60,107.0,953.0,78.0,19.0,23.49,83.5,18.0,14.1,14.5,12.9154348,74.8752066,-26.2,291.8,8.634,0
08:26:59.456,60,107.0,953.0,78.0,19.0,23.49,83.5,18.0,14.1,14.5,12.9154362,74.8752032,-26.2,291.6,8.631,0
08:26:59.545,60,107.0,953.0,78.0,19.0,23.49,83.5,18.0,14.1,14.5,12.9154383,74.8751983,-26.2,291.4,8.625,0
08:26:59.606,60,110.0,953.0,78.0,19.0,23.49,83.5,18.0,14.1,14.5,12.9154397,74.8751949,-26.2,291.3,8.622,0
08:26:59.696,60,110.0,2562.0,78.0,19.0,23.49,83.5,18.0,14.1,14.5,12.9154418,74.8751898,-26.2,291.1,8.617,0
08:26:59.758,60,110.0,2562.0,69.0,19.0,23.49,83.5,18.0,14.1,14.5,12.9154433,74.8751864,-26.2,291.0,8.613,0
08:26:59.845,60,110.0,2562.0,69.0,21.0,23.49,83.5,18.0,14.1,14.5,12.9154453,74.8751815,-26.2,290.8,8.608,0
08:26:59.907,60,110.0,2562.0,69.0,21.0,35.63,83.5,18.0,14.1,14.5,12.9154468,74.8751781,-26.2,290.6,8.604,0
08:26:59.995,60,110.0,2562.0,69.0,21.0,35.63,83.5,18.0,14.1,14.5,12.9154488,74.8751731,-26.2,290.5,8.599,0
08:27:00.056,60,110.0,2562.0,69.0,21.0,35.63,83.5,18.0,14.1,14.5,12.9154503,74.8751697,-26.3,290.3,8.595,0
08:27:00.145,60,110.0,2562.0,69.0,21.0,35.63,83.5,18.0,14.1,14.5,12.9154523,74.8751648,-26.3,290.1,8.59,0
08:27:00.235,60,110.0,2562.0,69.0,21.0,35.63,83.5,18.0,14.1,14.1,12.9154545,74.8751597,-26.3,289.9,8.585,0
08:27:00.297,60,110.0,2562.0,69.0,21.0,35.63,83.5,18.0,14.1,14.1,12.9154559,74.8751563,-26.3,289.8,8.581,0
08:27:00.356,60,125.0,2562.0,69.0,21.0,35.63,83.5,18.0,14.1,14.1,12.9154573,74.875153,-26.3,289.7,8.578,0
08:27:00.446,60,125.0,2442.0,69.0,21.0,35.63,83.5,18.0,14.1,14.1,12.9154594,74.875148,-26.3,289.5,8.573,0
08:27:00.510,60,125.0,2442.0,66.0,21.0,35.63,83.5,18.0,14.1,14.1,12.9154609,74.8751444,-26.3,289.3,8.569,0
08:27:00.595,60,125.0,2442.0,66.0,23.0,35.63,83.5,18.0,14.1,14.1,12.9154629,74.8751396,-26.3,289.2,8.564,0
08:27:00.685,60,125.0,2442.0,66.0,23.0,31.88,83.5,18.0,14.1,14.1,12.915465,74.8751346,-26.3,289.0,8.559,0
08:27:00.775,60,125.0,2442.0,66.0,23.0,31.88,83.5,18.0,14.1,14.1,12.9154671,74.8751296,-26.4,288.8,8.553,0
08:27:00.865,60,125.0,2442.0,66.0,23.0,31.88,83.5,18.0,14.1,14.1,12.9154692,74.8751246,-26.4,288.6,8.548,0
08:27:00.955,60,125.0,2442.0,66.0,23.0,31.88,83.5,18.0,14.1,14.1,12.9154713,74.8751196,-26.4,288.4,8.543,0
08:27:01.052,60,125.0,2442.0,66.0,23.0,31.88,83.5,18.0,14.1,14.5,12.9154736,74.8751141,-26.4,288.2,8.537,0
08:27:01.106,60,125.0,2442.0,66.0,23.0,31.88,83.5,18.0,14.1,14.5,12.9154749,74.8751111,-26.4,288.0,8.534,0
08:27:01.195,60,127.0,2442.0,66.0,23.0,31.88,83.5,18.0,14.1,14.5,12.915477,74.8751062,-26.4,287.9,8.529,0
08:27:01.256,60,127.0,2368.0,66.0,23.0,31.88,83.5,18.0,14.1,14.5,12.9154784,74.8751028,-26.4,287.7,8.525,0
08:27:01.345,60,127.0,2368.0,64.0,23.0,31.88,83.5,18.0,14.1,14.5,12.9154805,74.8750978,-26.4,287.5,8.52,0
08:27:01.407,60,127.0,2368.0,64.0,22.0,31.88,83.5,18.0,14.1,14.5,12.9154819,74.8750943,-26.5,287.4,8.516,0
08:27:01.495,60,127.0,2368.0,64.0,22.0,30.49,83.5,18.0,14.1,14.5,12.915484,74.8750894,-26.5,287.2,8.511,0
08:27:01.586,60,127.0,2368.0,64.0,22.0,30.49,83.5,18.0,14.1,14.5,12.9154861,74.8750843,-26.5,287.0,8.506,0
08:27:01.675,60,127.0,2368.0,64.0,22.0,30.49,83.5,18.0,14.1,14.5,12.9154882,74.8750794,-26.5,286.8,8.501,0
08:27:01.765,60,127.0,2368.0,64.0,22.0,30.49,83.5,18.0,27.8,14.5,12.9154903,74.8750743,-26.5,286.6,8.495,0
08:27:01.855,60,127.0,2368.0,64.0,22.0,30.49,83.5,18.0,27.8,28.2,12.9154924,74.8750693,-26.5,286.4,8.49,0
08:27:01.945,61,127.0,2368.0,64.0,22.0,30.49,83.5,18.0,27.8,28.2,12.9154946,74.8750643,-26.5,286.2,8.485,0
08:27:02.007,61,130.0,2368.0,64.0,22.0,30.49,83.5,18.0,27.8,28.2,12.915496,74.8750608,-26.5,286.1,8.481,0
08:27:02.095,61,130.0,2340.0,64.0,22.0,30.49,83.5,18.0,27.8,28.2,12.9154981,74.8750559,-26.6,285.9,8.476,0
08:27:02.156,61,130.0,2340.0,63.0,22.0,30.49,83.5,18.0,27.8,28.2,12.9154995,74.8750525,-26.6,285.8,8.473,0
08:27:02.246,61,130.0,2340.0,63.0,22.0,30.49,83.5,18.0,27.8,28.2,12.9155016,74.8750475,-26.6,285.6,8.467,0
08:27:02.307,61,130.0,2340.0,63.0,22.0,30.05,83.5,18.0,27.8,28.2,12.915503,74.8750441,-26.6,285.5,8.464,0
08:27:02.395,61,130.0,2340.0,63.0,22.0,30.05,83.5,18.0,27.8,28.2,12.9155051,74.8750392,-26.6,285.3,8.459,0
08:27:02.457,61,130.0,2340.0,63.0,22.0,30.05,83.5,18.0,27.8,28.2,12.9155066,74.8750357,-26.6,285.1,8.455,0
08:27:02.546,61,130.0,2340.0,63.0,22.0,30.05,83.5,18.0,29.4,28.2,12.9155086,74.8750307,-26.6,284.9,8.45,0
08:27:02.606,61,130.0,2340.0,63.0,22.0,30.05,83.5,18.0,29.4,29.4,12.9155101,74.8750274,-26.6,284.8,8.446,0
08:27:02.698,61,130.0,2340.0,63.0,22.0,30.05,83.5,18.0,29.4,29.4,12.9155122,74.8750223,-26.6,284.6,8.441,0
08:27:02.758,61,134.0,2340.0,63.0,22.0,30.05,83.5,18.0,29.4,29.4,12.9155136,74.8750189,-26.7,284.5,8.437,0
08:27:02.845,61,134.0,2322.0,63.0,22.0,30.05,83.5,18.0,29.4,29.4,12.9155157,74.8750141,-26.7,284.3,8.432,0
08:27:02.907,61,134.0,2322.0,62.0,22.0,30.05,83.5,18.0,29.4,29.4,12.9155171,74.8750106,-26.7,284.2,8.429,0
08:27:02.995,61,134.0,2322.0,62.0,22.0,30.05,83.5,18.0,29.4,29.4,12.9155192,74.8750057,-26.7,284.0,8.423,0
08:27:03.058,61,134.0,2322.0,62.0,22.0,27.66,83.5,18.0,29.4,29.4,12.9155207,74.8750022,-26.7,283.8,8.42,0
08:27:03.144,61,134.0,2322.0,62.0,22.0,27.66,83.5,18.0,29.4,29.4,12.9155227,74.8749974,-26.7,283.6,8.415,0
08:27:03.206,61,134.0,2322.0,62.0,22.0,27.66,83.5,18.0,29.4,29.4,12.9155241,74.8749939,-26.7,283.5,8.411,0
08:27:03.295,61,134.0,2322.0,62.0,22.0,27.66,83.5,18.0,31.0,29.4,12.9155262,74.8749889,-26.7,283.3,8.406,0
08:27:03.357,61,134.0,2322.0,62.0,22.0,27.66,83.5,18.0,31.0,31.4,12.9155277,74.8749855,-26.7,283.2,8.402,0
08:27:03.445,61,134.0,2322.0,62.0,22.0,27.66,83.5,18.0,31.0,31.4,12.9155297,74.8749806,-26.8,283.0,8.397,0
08:27:03.507,61,122.0,2322.0,62.0,22.0,27.66,83.5,18.0,31.0,31.4,12.9155312,74.8749771,-26.8,282.9,8.394,0
08:27:03.595,61,122.0,2313.0,62.0,22.0,27.66,83.5,18.0,31.0,31.4,12.9155332,74.8749722,-26.8,282.7,8.388,0
08:27:03.657,61,122.0,2313.0,62.0,22.0,27.66,83.5,18.0,31.0,31.4,12.9155347,74.8749687,-26.8,282.5,8.385,0
08:27:03.745,61,122.0,2313.0,62.0,22.0,27.66,83.5,18.0,31.0,31.4,12.9155368,74.8749638,-26.8,282.3,8.38,0
08:27:03.807,61,122.0,2313.0,62.0,22.0,27.3,83.5,18.0,31.0,31.4,12.9155382,74.8749604,-26.8,282.2,8.376,0
08:27:03.895,61,122.0,2313.0,62.0,22.0,27.3,83.5,18.0,31.0,31.4,12.9155403,74.8749555,-26.8,282.0,8.371,0
08:27:03.957,61,122.0,2313.0,62.0,22.0,27.3,83.5,18.0,31.0,31.4,12.9155417,74.874952,-26.8,281.9,8.367,0
08:27:04.046,61,122.0,2313.0,62.0,22.0,27.3,83.5,18.0,31.4,31.4,12.9155438,74.874947,-26.8,281.7,8.362,0
08:27:04.106,61,122.0,2313.0,62.0,22.0,27.3,83.5,18.0,31.4,31.8,12.9155452,74.8749437,-26.9,281.6,8.358,0
08:27:04.196,61,122.0,2313.0,62.0,22.0,27.3,83.5,18.0,31.4,31.8,12.9155473,74.8749387,-26.9,281.4,8.353,0
08:27:04.257,61,123.0,2313.0,62.0,22.0,27.3,83.5,18.0,31.4,31.8,12.9155488,74.8749352,-26.9,281.2,8.35,0
08:27:04.346,61,123.0,2310.0,62.0,22.0,27.3,83.5,18.0,31.4,31.8,12.9155509,74.8749303,-26.9,281.0,8.344,0
08:27:04.408,61,123.0,2310.0,62.0,22.0,27.3,83.5,18.0,31.4,31.8,12.9155523,74.8749268,-26.9,280.9,8.341,0
08:27:04.495,61,123.0,2310.0,62.0,21.0,27.3,83.5,18.0,31.4,31.8,12.9155543,74.874922,-26.9,280.7,8.336,0
08:27:04.557,61,123.0,2310.0,62.0,21.0,27.08,83.5,18.0,31.4,31.8,12.9155558,74.8749185,-26.9,280.6,8.332,0
08:27:04.646,61,123.0,2310.0,62.0,21.0,27.08,83.5,18.0,31.4,31.8,12.9155579,74.8749135,-26.9,280.4,8.327,0
08:27:04.708,61,123.0,2310.0,62.0,21.0,27.08,83.5,18.0,31.4,31.8,12.9155593,74.8749101,-26.9,280.3,8.323,0
08:27:04.796,61,123.0,2310.0,62.0,21.0,27.08,83.5,18.0,35.3,31.8,12.9155614,74.8749052,-27.0,280.1,8.318,0
08:27:04.857,61,123.0,2310.0,62.0,21.0,27.08,83.5,18.0,35.3,35.7,12.9155628,74.8749018,-27.0,279.9,8.315,0
08:27:04.946,61,123.0,2310.0,62.0,21.0,27.08,83.5,18.0,35.3,35.7,12.9155649,74.8748968,-27.0,279.7,8.309,0
08:27:05.007,61,128.0,2310.0,62.0,21.0,27.08,83.5,18.0,35.3,35.7,12.9155664,74.8748934,-27.0,279.6,8.306,0
08:27:05.095,61,128.0,2328.0,62.0,21.0,27.08,83.5,18.0,35.3,35.7,12.9155684,74.8748885,-27.0,279.4,8.301,0
08:27:05.156,61,128.0,2328.0,63.0,21.0,27.08,83.5,18.0,35.3,35.7,12.9155675,74.8748828,-27.1,279.3,8.312,0
08:27:05.246,61,128.0,2328.0,63.0,21.0,27.08,83.5,18.0,35.3,35.7,12.9155654,74.8748739,-27.1,279.2,8.333,0
08:27:05.307,61,128.0,2328.0,63.0,21.0,32.44,83.5,18.0,35.3,35.7,12.9155641,74.8748678,-27.2,279.1,8.348,0
08:27:05.395,61,128.0,2328.0,63.0,21.0,32.44,83.5,18.0,35.3,35.7,12.9155621,74.8748591,-27.3,278.9,8.368,0
08:27:05.457,61,128.0,2328.0,63.0,21.0,32.44,83.5,18.0,35.3,35.7,12.9155606,74.8748529,-27.4,278.8,8.383,0
08:27:05.546,61,128.0,2328.0,63.0,21.0,32.44,83.5,18.0,36.1,35.7,12.9155586,74.8748441,-27.5,278.7,8.404,0
08:27:05.696,61,128.0,2328.0,63.0,21.0,32.44,83.5,18.0,36.1,36.5,12.9155552,74.8748292,-27.6,278.5,8.44,0
08:27:05.757,61,128.0,2328.0,63.0,21.0,32.44,83.5,18.0,36.1,36.5,12.9155538,74.8748231,-27.7,278.4,8.454,0
08:27:05.846,61,137.0,2328.0,63.0,21.0,32.44,83.5,18.0,36.1,36.5,12.9155518,74.8748143,-27.8,278.2,8.475,0
08:27:05.907,61,137.0,2360.0,63.0,21.0,32.44,83.5,18.0,36.1,36.5,12.9155504,74.8748082,-27.8,278.1,8.489,0
08:27:05.995,61,137.0,2360.0,64.0,21.0,32.44,83.5,18.0,36.1,36.5,12.9155484,74.8747995,-27.9,278.0,8.51,0
08:27:06.062,61,137.0,2360.0,64.0,22.0,32.44,83.5,18.0,36.1,36.5,12.9155469,74.8747928,-28.0,277.9,8.526,0
08:27:06.145,61,137.0,2360.0,64.0,22.0,34.44,83.5,18.0,36.1,36.5,12.915545,74.8747846,-28.1,277.7,8.546,0
08:27:06.207,61,137.0,2360.0,64.0,22.0,34.44,83.5,18.0,36.1,36.5,12.9155436,74.8747784,-28.1,277.7,8.56,0
08:27:06.294,61,137.0,2360.0,64.0,22.0,34.44,83.5,18.0,36.1,36.5,12.9155416,74.8747697,-28.2,277.5,8.581,0
08:27:06.355,61,137.0,2360.0,64.0,22.0,34.44,83.5,18.0,36.9,36.5,12.9155402,74.8747637,-28.3,277.4,8.595,0
08:27:06.445,61,137.0,2360.0,64.0,22.0,34.44,83.5,18.0,36.9,37.3,12.9155382,74.8747547,-28.4,277.3,8.616,0
08:27:06.506,61,137.0,2360.0,64.0,22.0,34.44,83.5,18.0,36.9,37.3,12.9155368,74.8747487,-28.4,277.2,8.631,0
08:27:06.595,61,137.0,2360.0,64.0,22.0,34.44,83.5,18.0,36.9,37.3,12.9155348,74.8747398,-28.5,277.0,8.652,0
08:27:06.657,61,137.0,2390.0,64.0,22.0,34.44,83.5,18.0,36.9,37.3,12.9155334,74.8747337,-28.6,276.9,8.666,0
08:27:06.746,61,137.0,2390.0,64.0,22.0,34.44,83.5,18.0,36.9,37.3,12.9155313,74.8747248,-28.7,276.8,8.687,0
08:27:06.808,61,137.0,2390.0,64.0,22.0,34.44,83.5,18.0,36.9,37.3,12.9155299,74.8747187,-28.8,276.7,8.702,0
08:27:06.896,61,137.0,2390.0,64.0,22.0,34.99,83.5,18.0,36.9,37.3,12.9155279,74.8747099,-28.8,276.6,8.723,0
08:27:06.957,61,137.0,2390.0,64.0,22.0,34.99,83.5,18.0,36.9,37.3,12.9155265,74.8747039,-28.9,276.5,8.737,0
08:27:07.045,61,137.0,2390.0,64.0,22.0,34.99,83.5,18.0,36.9,37.3,12.9155245,74.8746951,-29.0,276.3,8.758,0
08:27:07.106,61,137.0,2390.0,64.0,22.0,34.99,83.5,18.0,36.1,37.3,12.9155231,74.874689,-29.1,276.2,8.772,0
08:27:07.195,61,137.0,2390.0,64.0,22.0,34.99,83.5,18.0,36.1,36.5,12.9155211,74.8746802,-29.2,276.1,8.794,0
08:27:07.256,61,137.0,2390.0,64.0,22.0,34.99,83.5,18.0,36.1,36.5,12.9155197,74.8746741,-29.2,276.0,8.808,0
08:27:07.346,61,136.0,2390.0,64.0,22.0,34.99,83.5,18.0,36.1,36.5,12.9155177,74.8746652,-29.3,275.8,8.829,0
08:27:07.408,61,136.0,2416.0,64.0,22.0,34.99,83.5,18.0,36.1,36.5,12.9155163,74.874659,-29.4,275.7,8.844,0
08:27:07.495,61,136.0,2416.0,65.0,22.0,34.99,83.5,18.0,36.1,36.5,12.9155143,74.8746504,-29.5,275.6,8.864,0
08:27:07.557,61,136.0,2416.0,65.0,22.0,34.99,83.5,18.0,36.1,36.5,12.9155129,74.8746442,-29.5,275.5,8.879,0
08:27:07.646,61,136.0,2416.0,65.0,22.0,35.33,83.5,18.0,36.1,36.5,12.9155109,74.8746354,-29.6,275.4,8.9,0
08:27:07.708,61,136.0,2416.0,65.0,22.0,35.33,83.5,18.0,36.1,36.5,12.9155095,74.8746292,-29.7,275.3,8.915,0
08:27:07.796,61,136.0,2416.0,65.0,22.0,35.33,83.5,18.0,36.1,36.5,12.9155075,74.8746205,-29.8,275.1,8.935,0
08:27:07.857,61,136.0,2416.0,65.0,22.0,35.33,83.5,18.0,35.7,36.5,12.9155061,74.8746144,-29.8,275.0,8.95,0
08:27:07.946,61,136.0,2416.0,65.0,22.0,35.33,83.5,18.0,35.7,36.1,12.915504,74.8746056,-29.9,274.9,8.971,0
08:27:08.007,61,136.0,2416.0,65.0,22.0,35.33,83.5,18.0,35.7,36.1,12.9155027,74.8745995,-30.0,274.8,8.985,0
08:27:08.095,61,135.0,2416.0,65.0,22.0,35.33,83.5,18.0,35.7,36.1,12.9155007,74.8745908,-30.1,274.7,9.006,0
08:27:08.156,61,135.0,2437.0,65.0,22.0,35.33,83.5,18.0,35.7,36.1,12.9154993,74.8745847,-30.1,274.6,9.02,0
08:27:08.246,61,135.0,2437.0,66.0,22.0,35.33,83.5,18.0,35.7,36.1,12.9154972,74.8745758,-30.2,274.4,9.042,0
08:27:08.306,61,135.0,2437.0,66.0,22.0,35.33,83.5,18.0,35.7,36.1,12.9154959,74.8745698,-30.3,274.3,9.056,0
08:27:08.395,61,135.0,2437.0,66.0,22.0,34.63,83.5,18.0,35.7,36.1,12.9154938,74.8745609,-30.4,274.2,9.077,0
08:27:08.456,61,135.0,2437.0,66.0,22.0,34.63,83.5,18.0,35.7,36.1,12.9154925,74.8745549,-30.5,274.1,9.091,0
08:27:08.546,61,135.0,2437.0,66.0,22.0,34.63,83.5,18.0,35.7,36.1,12.9154904,74.8745459,-30.6,273.9,9.113,0
08:27:08.608,61,135.0,2437.0,66.0,22.0,34.63,83.5,18.0,14.1,36.1,12.915489,74.8745398,-30.6,273.8,9.127,0
08:27:08.696,61,135.0,2437.0,66.0,22.0,34.63,83.5,18.0,14.1,14.5,12.915487,74.874531,-30.7,273.7,9.148,0
08:27:08.757,61,135.0,2437.0,66.0,22.0,34.63,83.5,18.0,14.1,14.5,12.9154856,74.874525,-30.8,273.6,9.162,0
08:27:08.846,61,122.0,2437.0,66.0,22.0,34.63,83.5,18.0,14.1,14.5,12.9154836,74.8745161,-30.9,273.5,9.183,0
08:27:08.907,61,122.0,2406.0,66.0,22.0,34.63,83.5,18.0,14.1,14.5,12.9154822,74.8745101,-30.9,273.4,9.198,0
08:27:08.995,61,122.0,2406.0,65.0,22.0,34.63,83.5,18.0,14.1,14.5,12.9154802,74.8745013,-31.0,273.2,9.219,0
08:27:09.056,61,122.0,2406.0,65.0,21.0,34.63,83.5,18.0,14.1,14.5,12.9154788,74.8744953,-31.1,273.1,9.233,0
08:27:09.145,61,122.0,2406.0,65.0,21.0,30.52,83.5,18.0,14.1,14.5,12.9154768,74.8744864,-31.2,273.0,9.254,0
08:27:09.205,61,122.0,2406.0,65.0,21.0,30.52,83.5,18.0,14.1,14.5,12.9154754,74.8744804,-31.2,272.9,9.268,0
08:27:09.294,61,122.0,2406.0,65.0,21.0,30.52,83.5,18.0,14.1,14.5,12.9154734,74.8744716,-31.3,272.8,9.289,0
08:27:09.355,61,122.0,2406.0,65.0,21.0,30.52,83.5,18.0,14.1,14.5,12.915472,74.8744655,-31.4,272.7,9.304,0
08:27:09.444,61,122.0,2406.0,65.0,21.0,30.52,83.5,18.0,14.1,14.5,12.91547,74.8744567,-31.5,272.5,9.325,0
08:27:09.505,61,122.0,2406.0,65.0,21.0,30.52,83.5,18.0,14.1,14.5,12.9154686,74.8744506,-31.5,272.4,9.339,0
08:27:09.595,61,127.0,2406.0,65.0,21.0,30.52,83.5,18.0,14.1,14.5,12.9154666,74.8744417,-31.6,272.3,9.36,0
08:27:09.747,61,127.0,2406.0,62.0,21.0,30.52,83.5,18.0,14.1,14.5,12.9154631,74.8744266,-31.8,272.0,9.396,0
08:27:09.806,61,127.0,2406.0,62.0,21.0,30.52,83.5,18.0,14.1,14.5,12.9154618,74.8744207,-31.9,271.9,9.41,0
08:27:09.895,61,127.0,2406.0,62.0,21.0,28.22,83.5,18.0,14.1,14.5,12.9154597,74.8744119,-31.9,271.8,9.431,0
08:27:09.956,61,127.0,2406.0,62.0,21.0,28.22,83.5,18.0,14.1,14.5,12.9154583,74.8744058,-32.0,271.7,9.445,0
08:27:10.044,61,127.0,2406.0,62.0,21.0,28.22,83.5,18.0,14.1,14.5,12.9154563,74.8743971,-32.1,271.6,9.466,0
08:27:10.107,61,127.0,2406.0,62.0,21.0,28.22,83.5,18.0,14.1,14.5,12.9154549,74.8743908,-32.2,271.5,9.481,0
08:27:10.195,61,127.0,2406.0,62.0,21.0,28.22,83.5,18.0,14.1,14.5,12.9154529,74.8743821,-32.3,271.3,9.502,0
08:27:10.256,61,127.0,2406.0,62.0,21.0,28.22,83.5,18.0,14.1,14.5,12.9154515,74.874376,-32.3,271.2,9.516,0
08:27:10.345,61,125.0,2406.0,62.0,21.0,28.22,83.5,18.0,14.1,14.5,12.9154495,74.8743672,-32.4,271.1,9.537,0
08:27:10.406,61,125.0,2151.0,62.0,21.0,28.22,83.5,18.0,14.1,14.5,12.9154481,74.8743611,-32.5,271.0,9.552,0
08:27:10.495,61,125.0,2151.0,58.0,21.0,28.22,83.5,18.0,14.1,14.5,12.9154461,74.8743522,-32.6,270.8,9.573,0
08:27:10.557,61,125.0,2151.0,58.0,20.0,28.22,83.5,18.0,14.1,14.5,12.9154447,74.8743461,-32.6,270.7,9.587,0
08:27:10.705,61,125.0,2151.0,58.0,20.0,24.24,83.5,18.0,14.1,14.5,12.9154413,74.8743314,-32.8,270.5,9.622,0
08:27:10.795,61,125.0,2151.0,58.0,20.0,24.24,83.5,18.0,14.1,14.5,12.9154393,74.8743224,-32.9,270.4,9.644,0
08:27:10.855,61,125.0,2151.0,58.0,20.0,24.24,83.5,18.0,14.1,14.5,12.9154379,74.8743165,-32.9,270.3,9.658,0
08:27:10.945,61,125.0,2151.0,58.0,20.0,24.24,83.5,18.0,14.1,14.5,12.9154359,74.8743075,-33.0,270.1,9.679,0
08:27:11.006,61,125.0,2151.0,58.0,20.0,24.24,83.5,18.0,14.1,14.5,12.9154345,74.8743015,-33.1,270.0,9.693,0
08:27:11.095,62,125.0,2151.0,58.0,20.0,24.24,83.5,18.0,14.1,14.5,12.9154324,74.8742926,-33.2,269.9,9.714,0
08:27:11.156,62,121.0,2151.0,58.0,20.0,24.24,83.5,18.0,14.1,14.5,12.9154311,74.8742866,-33.2,269.8,9.729,0
08:27:11.245,62,121.0,2048.0,58.0,20.0,24.24,83.5,18.0,14.1,14.5,12.915429,74.8742777,-33.3,269.7,9.75,0
08:27:11.306,62,121.0,2048.0,55.0,20.0,24.24,83.5,18.0,14.1,14.5,12.9154276,74.8742716,-33.4,269.6,9.764,0
08:27:11.395,62,121.0,2048.0,55.0,20.0,24.24,83.5,18.0,14.1,14.5,12.9154256,74.8742628,-33.5,269.4,9.785,0
08:27:11.456,62,121.0,2048.0,55.0,20.0,21.99,83.5,18.0,14.1,14.5,12.9154242,74.8742567,-33.6,269.3,9.8,0
08:27:11.544,62,121.0,2048.0,55.0,20.0,21.99,83.5,18.0,14.1,14.5,12.9154222,74.874248,-33.6,269.2,9.82,0
08:27:11.605,62,121.0,2048.0,55.0,20.0,21.99,83.5,18.0,14.1,14.5,12.9154208,74.8742419,-33.7,269.1,9.835,0
08:27:11.695,62,121.0,2048.0,55.0,20.0,21.99,83.5,18.0,14.1,14.5,12.9154188,74.874233,-33.8,268.9,9.856,0
08:27:11.756,62,121.0,2048.0,55.0,20.0,21.99,83.5,18.0,14.1,14.5,12.9154174,74.8742269,-33.9,268.8,9.87,0
08:27:11.845,62,121.0,2048.0,55.0,20.0,21.99,83.5,18.0,14.1,14.5,12.9154154,74.8742181,-34.0,268.7,9.892,0
08:27:11.906,62,119.0,2048.0,55.0,20.0,21.99,83.5,18.0,14.1,14.5,12.915414,74.874212,-34.0,268.6,9.906,0
08:27:11.995,62,119.0,1980.0,55.0,20.0,21.99,83.5,18.0,14.1,14.5,12.915412,74.8742032,-34.1,268.5,9.927,0
08:27:12.055,62,119.0,1980.0,53.0,20.0,21.99,83.5,18.0,14.1,14.5,12.9154106,74.8741972,-34.2,268.4,9.941,0
08:27:12.145,62,119.0,1980.0,53.0,19.0,21.99,83.5,18.0,14.1,14.5,12.9154086,74.8741883,-34.3,268.2,9.962,0
08:27:12.206,62,119.0,1980.0,53.0,19.0,20.49,83.5,18.0,14.1,14.5,12.9154072,74.8741822,-34.3,268.1,9.977,0
08:27:12.295,62,119.0,1980.0,53.0,19.0,20.49,83.5,18.0,14.1,14.5,12.9154052,74.8741734,-34.4,268.0,9.998,0
08:27:12.355,62,119.0,1980.0,53.0,19.0,20.49,83.5,18.0,14.1,14.5,12.9154038,74.8741674,-34.5,267.9,10.012,0
08:27:12.445,62,119.0,1980.0,53.0,19.0,20.49,83.5,18.0,16.1,14.5,12.9154017,74.8741584,-34.6,267.8,10.033,0
08:27:12.506,62,119.0,1980.0,53.0,19.0,20.49,83.5,18.0,16.1,21.6,12.9154004,74.8741524,-34.6,267.7,10.048,0
08:27:12.595,62,119.0,1980.0,53.0,19.0,20.49,83.5,18.0,16.1,21.6,12.9153983,74.8741435,-34.7,267.5,10.069,0
08:27:12.656,62,118.0,1980.0,53.0,19.0,20.49,83.5,18.0,16.1,21.6,12.9153969,74.8741375,-34.8,267.4,10.083,0
08:27:12.745,62,118.0,1919.0,53.0,19.0,20.49,83.5,18.0,16.1,21.6,12.9153949,74.8741286,-34.9,267.3,10.104,0
08:27:12.805,62,118.0,1919.0,51.0,19.0,20.49,83.5,18.0,16.1,21.6,12.9153936,74.8741227,-34.9,267.2,10.118,0
08:27:12.894,62,118.0,1919.0,51.0,19.0,20.49,83.5,18.0,16.1,21.6,12.9153915,74.8741138,-35.0,267.0,10.139,0
08:27:12.955,62,118.0,1919.0,51.0,19.0,20.86,83.5,18.0,16.1,21.6,12.9153901,74.8741078,-35.1,266.9,10.154,0
08:27:13.045,62,118.0,1919.0,51.0,19.0,20.86,83.5,18.0,16.1,21.6,12.9153881,74.8740988,-35.2,266.8,10.175,0
08:27:13.105,62,118.0,1919.0,51.0,19.0,20.86,83.5,18.0,16.1,21.6,12.9153867,74.8740929,-35.3,266.7,10.189,0
08:27:13.195,62,118.0,1919.0,51.0,19.0,20.86,83.5,18.0,42.7,21.6,12.9153847,74.8740839,-35.4,266.6,10.21,0
08:27:13.255,62,118.0,1919.0,51.0,19.0,20.86,83.5,18.0,42.7,45.1,12.9153833,74.8740779,-35.4,266.5,10.224,0
08:27:13.345,62,118.0,1919.0,51.0,19.0,20.86,83.5,18.0,42.7,45.1,12.9153813,74.874069,-35.5,266.3,10.246,0
08:27:13.406,62,133.0,1919.0,51.0,19.0,20.86,83.5,18.0,42.7,45.1,12.9153799,74.8740629,-35.6,266.2,10.26,0
08:27:13.495,62,133.0,1917.0,51.0,19.0,20.86,83.5,18.0,42.7,45.1,12.9153779,74.8740541,-35.7,266.1,10.281,0
08:27:13.556,62,133.0,1917.0,51.0,19.0,20.86,83.5,18.0,42.7,45.1,12.9153765,74.874048,-35.7,266.0,10.296,0
08:27:13.645,62,133.0,1917.0,51.0,19.0,20.86,83.5,18.0,42.7,45.1,12.9153745,74.8740392,-35.8,265.8,10.317,0
08:27:13.706,62,133.0,1917.0,51.0,19.0,35.99,83.5,18.0,42.7,45.1,12.9153731,74.8740331,-35.9,265.7,10.331,0
08:27:13.794,62,133.0,1917.0,51.0,19.0,35.99,83.5,18.0,42.7,45.1,12.9153711,74.8740244,-36.0,265.6,10.352,0
08:27:13.855,62,133.0,1917.0,51.0,19.0,35.99,83.5,18.0,42.7,45.1,12.9153697,74.8740183,-36.0,265.5,10.366,0
08:27:13.945,62,133.0,1917.0,51.0,19.0,35.99,83.5,18.0,48.6,45.1,12.9153676,74.8740094,-36.1,265.4,10.387,0
08:27:14.005,62,133.0,1917.0,51.0,19.0,35.99,83.5,18.0,48.6,49.4,12.9153663,74.8740034,-36.2,265.3,10.402,0
08:27:14.095,62,133.0,1917.0,51.0,19.0,35.99,83.5,18.0,48.6,49.4,12.9153642,74.8739945,-36.3,265.1,10.423,0
08:27:14.156,62,177.0,1917.0,51.0,19.0,35.99,83.5,18.0,48.6,49.4,12.9153628,74.8739884,-36.3,265.0,10.437,0
08:27:14.245,62,177.0,1964.0,51.0,19.0,35.99,83.5,18.0,48.6,49.4,12.9153608,74.8739796,-36.4,264.9,10.458,0
08:27:14.306,62,177.0,1964.0,53.0,19.0,35.99,83.5,18.0,48.6,49.4,12.9153594,74.8739735,-36.5,264.8,10.473,0
08:27:14.395,62,177.0,1964.0,53.0,21.0,35.99,83.5,18.0,48.6,49.4,12.9153574,74.8739647,-36.6,264.7,10.494,0
08:27:14.456,62,177.0,1964.0,53.0,21.0,45.86,83.5,18.0,48.6,49.4,12.915356,74.8739586,-36.7,264.6,10.508,0
08:27:14.545,62,177.0,1964.0,53.0,21.0,45.86,83.5,18.0,48.6,49.4,12.915354,74.8739497,-36.7,264.4,10.529,0
08:27:14.606,62,177.0,1964.0,53.0,21.0,45.86,83.5,18.0,48.6,49.4,12.9153526,74.8739437,-36.8,264.3,10.543,0
08:27:14.695,62,177.0,1964.0,53.0,21.0,45.86,83.5,18.0,51.0,49.4,12.9153506,74.8739348,-36.9,264.2,10.564,0
08:27:14.756,62,177.0,1964.0,53.0,21.0,45.86,83.5,18.0,51.0,51.4,12.9153492,74.8739288,-37.0,264.1,10.579,0
08:27:14.845,62,177.0,1964.0,53.0,21.0,45.86,83.5,18.0,51.0,51.4,12.9153472,74.8739199,-37.1,263.9,10.6,0
08:27:14.906,62,212.0,1964.0,53.0,21.0,45.86,83.5,18.0,51.0,51.4,12.9153458,74.8739139,-37.1,263.8,10.614,0
08:27:14.995,62,212.0,2061.0,53.0,21.0,45.86,83.5,18.0,51.0,51.4,12.9153438,74.873905,-37.2,263.7,10.635,0
08:27:15.055,62,212.0,2061.0,56.0,21.0,45.86,83.5,18.0,51.0,51.4,12.9153424,74.8738991,-37.3,263.6,10.649,0
08:27:15.145,62,212.0,2061.0,56.0,23.0,45.86,83.5,18.0,51.0,51.4,12.9153403,74.8738901,-37.4,263.5,10.671,0
08:27:15.206,62,212.0,2061.0,56.0,23.0,62.41,83.5,18.0,51.0,51.4,12.915339,74.8738841,-37.4,263.4,10.685,0
08:27:15.295,62,212.0,2061.0,56.0,23.0,62.41,83.5,18.0,51.0,51.4,12.9153369,74.8738752,-37.5,263.2,10.706,0
08:27:15.356,62,212.0,2061.0,56.0,23.0,62.41,83.5,18.0,51.0,51.4,12.9153355,74.8738691,-37.6,263.1,10.721,0
08:27:15.445,62,212.0,2061.0,56.0,23.0,62.41,83.5,18.0,48.6,51.4,12.9153335,74.8738603,-37.7,263.0,10.742,0
08:27:15.535,62,212.0,2061.0,56.0,23.0,62.41,83.5,18.0,48.6,48.6,12.9153315,74.8738514,-37.8,262.8,10.763,0
08:27:15.655,62,212.0,2061.0,56.0,23.0,62.41,83.5,18.0,48.6,48.6,12.9153288,74.8738394,-37.9,262.7,10.791,0
08:27:15.746,62,198.0,2061.0,56.0,23.0,62.41,83.5,18.0,48.6,48.6,12.9153267,74.8738304,-38.0,262.5,10.813,0
08:27:15.835,62,198.0,2188.0,56.0,23.0,62.41,83.5,18.0,48.6,48.6,12.9153247,74.8738215,-38.1,262.4,10.834,0
08:27:15.925,62,198.0,2188.0,59.0,23.0,62.41,83.5,18.0,48.6,48.6,12.9153226,74.8738126,-38.2,262.2,10.855,0
08:27:16.015,62,198.0,2188.0,59.0,24.0,62.41,83.5,18.0,48.6,48.6,12.9153206,74.8738037,-38.3,262.1,10.876,0
08:27:16.105,62,198.0,2188.0,59.0,24.0,39.77,83.5,18.0,48.6,48.6,12.9153185,74.8737947,-38.4,261.9,10.897,0
08:27:16.195,62,198.0,2188.0,59.0,24.0,39.77,83.5,18.0,48.6,48.6,12.9153165,74.8737858,-38.4,261.8,10.919,0
08:27:16.285,62,198.0,2188.0,59.0,24.0,39.77,83.5,18.0,48.6,48.6,12.9153144,74.8737768,-38.5,261.7,10.94,0
08:27:16.375,62,198.0,2188.0,59.0,24.0,39.77,83.5,18.0,31.4,48.6,12.9153124,74.8737679,-38.6,261.5,10.961,0
08:27:16.465,62,198.0,2188.0,59.0,24.0,39.77,83.5,18.0,31.4,27.1,12.9153103,74.8737589,-38.7,261.4,10.982,0
08:27:16.555,62,198.0,2188.0,59.0,24.0,39.77,83.5,18.0,31.4,27.1,12.9153083,74.87375,-38.8,261.2,11.004,0
08:27:16.645,62,131.0,2188.0,59.0,24.0,39.77,83.5,18.0,31.4,27.1,12.9153062,74.873741,-38.9,261.1,11.025,0
08:27:16.735,62,131.0,2220.0,59.0,24.0,39.77,83.5,18.0,31.4,27.1,12.9153042,74.8737321,-39.0,260.9,11.046,0
08:27:16.825,62,131.0,2220.0,60.0,24.0,39.77,83.5,18.0,31.4,27.1,12.9153021,74.8737232,-39.1,260.8,11.067,0
08:27:16.915,62,131.0,2220.0,60.0,22.0,39.77,83.5,18.0,31.4,27.1,12.9153001,74.8737142,-39.2,260.7,11.089,0
08:27:17.005,62,131.0,2220.0,60.0,22.0,22.99,83.5,18.0,31.4,27.1,12.9152981,74.8737053,-39.3,260.5,11.11,0
08:27:17.125,62,131.0,2220.0,60.0,22.0,22.99,83.5,18.0,31.4,27.1,12.9152953,74.8736933,-39.4,260.3,11.138,0
08:27:17.215,62,131.0,2220.0,60.0,22.0,22.99,83.5,18.0,31.4,27.1,12.9152933,74.8736844,-39.5,260.2,11.16,0
08:27:17.305,62,131.0,2220.0,60.0,22.0,22.99,83.5,18.0,25.1,27.1,12.9152912,74.8736754,-39.6,260.0,11.181,0
08:27:17.395,62,131.0,2220.0,60.0,22.0,22.99,83.5,18.0,25.1,25.5,12.9152892,74.8736665,-39.7,259.9,11.202,0
08:27:17.485,62,131.0,2220.0,60.0,22.0,22.99,83.5,18.0,25.1,25.5,12.9152871,74.8736576,-39.8,259.8,11.223,0
08:27:17.575,62,112.0,2220.0,60.0,22.0,22.99,83.5,18.0,25.1,25.5,12.9152851,74.8736486,-39.9,259.6,11.245,0
08:27:17.665,62,112.0,2201.0,60.0,22.0,22.99,83.5,18.0,25.1,25.5,12.915283,74.8736397,-40.0,259.5,11.266,0
08:27:17.756,62,112.0,2201.0,59.0,22.0,22.99,83.5,18.0,25.1,25.5,12.915281,74.8736306,-40.1,259.3,11.287,0
08:27:17.846,62,112.0,2201.0,59.0,19.0,22.99,83.5,18.0,25.1,25.5,12.9152789,74.8736217,-40.2,259.2,11.309,0
08:27:17.935,62,112.0,2201.0,59.0,19.0,25.88,83.5,18.0,25.1,25.5,12.9152769,74.8736128,-40.2,259.0,11.33,0
08:27:18.027,62,112.0,2201.0,59.0,19.0,25.88,83.5,18.0,25.1,25.5,12.9152748,74.8736037,-40.3,258.9,11.351,0
08:27:18.115,62,112.0,2201.0,59.0,19.0,25.88,83.5,18.0,25.1,25.5,12.9152728,74.8735949,-40.4,258.8,11.372,0
08:27:18.206,62,112.0,2201.0,59.0,19.0,25.88,83.5,18.0,40.4,25.5,12.9152707,74.8735859,-40.5,258.6,11.394,0
08:27:18.326,62,112.0,2201.0,59.0,19.0,25.88,83.5,18.0,40.4,40.8,12.915268,74.873574,-40.6,258.4,11.422,0
08:27:18.415,62,112.0,2201.0,59.0,19.0,25.88,83.5,18.0,40.4,40.8,12.915266,74.8735651,-40.7,258.3,11.443,0
08:27:18.506,62,147.0,2201.0,59.0,19.0,25.88,83.5,18.0,40.4,40.8,12.9152639,74.8735561,-40.8,258.1,11.464,0
08:27:18.595,62,147.0,2203.0,59.0,19.0,25.88,83.5,18.0,40.4,40.8,12.9152619,74.8735472,-40.9,258.0,11.485,0
08:27:18.656,62,147.0,2203.0,59.0,19.0,25.88,83.5,18.0,40.4,40.8,12.9152605,74.8735412,-41.0,257.9,11.5,0
08:27:18.746,62,147.0,2203.0,59.0,19.0,25.88,83.5,18.0,40.4,40.8,12.9152585,74.8735322,-41.1,257.8,11.521,0
08:27:18.807,62,147.0,2203.0,59.0,19.0,30.41,83.5,18.0,40.4,40.8,12.9152571,74.8735262,-41.1,257.7,11.535,0
08:27:18.895,62,147.0,2203.0,59.0,19.0,30.41,83.5,18.0,40.4,40.8,12.9152551,74.8735174,-41.2,257.5,11.556,0
08:27:18.987,62,147.0,2203.0,59.0,19.0,30.41,83.5,18.0,40.4,40.8,12.915253,74.8735083,-41.3,257.4,11.578,0
08:27:19.075,62,147.0,2203.0,59.0,19.0,30.41,83.5,18.0,14.1,40.8,12.915251,74.8734995,-41.4,257.2,11.599,0
08:27:19.165,62,147.0,2203.0,59.0,19.0,30.41,83.5,18.0,14.1,14.5,12.9152489,74.8734906,-41.5,257.1,11.62,0
08:27:19.255,62,147.0,2203.0,59.0,19.0,30.41,83.5,18.0,14.1,14.5,12.9152469,74.8734817,-41.6,256.9,11.641,0
08:27:19.347,62,126.0,2203.0,59.0,19.0,30.41,83.5,18.0,14.1,14.5,12.9152448,74.8734725,-41.7,256.8,11.663,0
08:27:19.435,62,126.0,1568.0,59.0,19.0,30.41,83.5,18.0,14.1,14.5,12.9152428,74.8734638,-41.8,256.7,11.684,0
08:27:19.526,62,126.0,1568.0,59.0,19.0,30.41,83.5,18.0,14.1,14.5,12.9152407,74.8734547,-41.9,256.5,11.705,0
08:27:19.615,62,126.0,1568.0,59.0,20.0,30.41,83.5,18.0,14.1,14.5,12.9152387,74.8734459,-42.0,256.4,11.726,0
08:27:19.706,62,126.0,1568.0,59.0,20.0,15.05,83.5,18.0,14.1,14.5,12.9152366,74.8734368,-42.1,256.2,11.748,0
08:27:19.795,62,126.0,1568.0,59.0,20.0,15.05,83.5,18.0,14.1,14.5,12.9152346,74.873428,-42.2,256.1,11.769,0
08:27:19.885,62,126.0,1568.0,59.0,20.0,15.05,83.5,18.0,14.1,14.5,12.9152326,74.873419,-42.3,255.9,11.79,0
08:27:19.975,62,126.0,1568.0,59.0,20.0,15.05,83.5,18.0,40.4,14.5,12.9152305,74.8734101,-42.3,255.8,11.811,0
08:27:20.064,62,126.0,1568.0,59.0,20.0,15.05,83.5,18.0,40.4,42.0,12.9152285,74.8734013,-42.4,255.7,11.832,0
08:27:20.155,63,126.0,1568.0,59.0,20.0,15.05,83.5,18.0,40.4,42.0,12.9152264,74.8733922,-42.5,255.5,11.854,0
08:27:20.245,63,130.0,1568.0,59.0,20.0,15.05,83.5,18.0,40.4,42.0,12.9152244,74.8733833,-42.6,255.4,11.875,0
08:27:20.335,63,130.0,1537.0,59.0,20.0,15.05,83.5,18.0,40.4,42.0,12.9152223,74.8733743,-42.7,255.2,11.896,0
08:27:20.425,63,130.0,1537.0,60.0,20.0,15.05,83.5,18.0,40.4,42.0,12.9152203,74.8733654,-42.8,255.1,11.917,0
08:27:20.514,63,130.0,1537.0,60.0,17.0,15.05,83.5,18.0,40.4,42.0,12.9152183,74.8733565,-42.9,254.9,11.939,0
08:27:20.605,63,130.0,1537.0,60.0,17.0,24.97,83.5,18.0,40.4,42.0,12.9152162,74.8733475,-43.0,254.8,11.96,0
08:27:20.725,63,130.0,1537.0,60.0,17.0,24.97,83.5,18.0,40.4,42.0,12.9152218,74.8733372,-43.3,255.1,11.986,0
08:27:20.815,63,130.0,1537.0,60.0,17.0,24.97,83.5,18.0,40.4,42.0,12.915226,74.8733295,-43.6,255.4,12.006,0
08:27:20.905,63,130.0,1537.0,60.0,17.0,24.97,83.5,18.0,45.9,42.0,12.9152302,74.8733218,-43.9,255.6,12.025,0
08:27:20.995,63,130.0,1537.0,60.0,17.0,24.97,83.5,18.0,45.9,47.1,12.9152344,74.8733141,-44.1,255.9,12.045,0
08:27:21.085,63,130.0,1537.0,60.0,17.0,24.97,83.5,18.0,45.9,47.1,12.9152387,74.8733063,-44.4,256.2,12.064,0
08:27:21.175,63,154.0,1537.0,60.0,17.0,24.97,83.5,18.0,45.9,47.1,12.9152429,74.8732986,-44.7,256.4,12.084,0
08:27:21.265,63,154.0,1585.0,60.0,17.0,24.97,83.5,18.0,45.9,47.1,12.9152471,74.8732909,-44.9,256.7,12.104,0
08:27:21.355,63,154.0,1585.0,62.0,17.0,24.97,83.5,18.0,45.9,47.1,12.9152513,74.8732832,-45.2,256.9,12.123,0
08:27:21.445,63,154.0,1585.0,62.0,19.0,24.97,83.5,18.0,45.9,47.1,12.9152555,74.8732755,-45.4,257.2,12.143,0
08:27:21.534,63,154.0,1585.0,62.0,19.0,32.94,83.5,18.0,45.9,47.1,12.9152597,74.8732679,-45.7,257.4,12.162,0
08:27:21.625,63,154.0,1585.0,62.0,19.0,32.94,83.5,18.0,45.9,47.1,12.9152639,74.8732601,-46.0,257.7,12.182,0
08:27:21.715,63,154.0,1585.0,62.0,19.0,32.94,83.5,18.0,45.9,47.1,12.9152682,74.8732523,-46.2,257.9,12.201,0
08:27:21.805,63,154.0,1585.0,62.0,19.0,32.94,83.5,18.0,47.8,47.1,12.9152724,74.8732446,-46.5,258.2,12.221,0
08:27:21.895,63,154.0,1585.0,62.0,19.0,32.94,83.5,18.0,47.8,49.0,12.9152766,74.8732369,-46.7,258.5,12.241,0
08:27:21.985,63,154.0,1585.0,62.0,19.0,32.94,83.5,18.0,47.8,49.0,12.9152808,74.8732292,-47.0,258.7,12.26,0
08:27:22.075,63,178.0,1585.0,62.0,19.0,32.94,83.5,18.0,47.8,49.0,12.915285,74.8732215,-47.3,259.0,12.28,0
08:27:22.165,63,178.0,1651.0,62.0,19.0,32.94,83.5,18.0,47.8,49.0,12.9152892,74.8732138,-47.5,259.2,12.299,0
08:27:22.254,63,178.0,1651.0,64.0,19.0,32.94,83.5,18.0,47.8,49.0,12.9152934,74.8732061,-47.8,259.5,12.319,0
08:27:22.345,63,178.0,1651.0,64.0,21.0,32.94,83.5,18.0,47.8,49.0,12.9152977,74.8731983,-48.0,259.7,12.338,0
08:27:22.435,63,178.0,1651.0,64.0,21.0,37.58,83.5,18.0,47.8,49.0,12.9153019,74.8731906,-48.3,260.0,12.358,0
08:27:22.525,63,178.0,1651.0,64.0,21.0,37.58,83.5,18.0,47.8,49.0,12.9153061,74.8731829,-48.6,260.2,12.378,0
08:27:22.614,63,178.0,1651.0,64.0,21.0,37.58,83.5,18.0,47.8,49.0,12.9153102,74.8731753,-48.8,260.5,12.397,0
08:27:22.705,63,178.0,1651.0,64.0,21.0,37.58,83.5,18.0,48.2,49.0,12.9153145,74.8731675,-49.1,260.7,12.417,0
08:27:22.795,63,178.0,1651.0,64.0,21.0,37.58,83.5,18.0,48.2,49.0,12.9153187,74.8731598,-49.4,261.0,12.436,0
08:27:22.884,63,178.0,1651.0,64.0,21.0,37.58,83.5,18.0,48.2,49.0,12.9153229,74.8731521,-49.6,261.2,12.456,0
08:27:22.974,63,192.0,1651.0,64.0,21.0,37.58,83.5,18.0,48.2,49.0,12.9153271,74.8731444,-49.9,261.5,12.475,0
08:27:23.065,63,192.0,1719.0,64.0,21.0,37.58,83.5,18.0,48.2,49.0,12.9153314,74.8731366,-50.1,261.8,12.495,0
08:27:23.154,63,192.0,1719.0,67.0,21.0,37.58,83.5,18.0,48.2,49.0,12.9153355,74.873129,-50.4,262.0,12.514,0
08:27:23.245,63,192.0,1719.0,67.0,21.0,37.58,83.5,18.0,48.2,49.0,12.9153398,74.8731212,-50.7,262.3,12.534,0
08:27:23.335,63,192.0,1719.0,67.0,21.0,37.58,83.5,18.0,48.2,49.0,12.915344,74.8731135,-50.9,262.5,12.554,0
08:27:23.425,63,192.0,1719.0,67.0,21.0,37.58,83.5,18.0,48.2,49.0,12.9153482,74.8731058,-51.2,262.8,12.573,0
08:27:23.515,63,192.0,1719.0,67.0,21.0,37.58,83.5,18.0,48.2,49.0,12.9153524,74.873098,-51.4,263.0,12.593,0
08:27:23.605,63,192.0,1719.0,67.0,21.0,37.58,83.5,18.0,47.1,49.0,12.9153566,74.8730903,-51.7,263.3,12.613,0
08:27:23.695,63,192.0,1719.0,67.0,21.0,37.58,83.5,18.0,47.1,47.8,12.9153609,74.8730826,-52.0,263.5,12.632,0
08:27:23.785,63,192.0,1719.0,67.0,21.0,37.58,83.5,18.0,47.1,47.8,12.9153651,74.8730749,-52.2,263.8,12.652,0
08:27:23.875,63,186.0,1719.0,67.0,21.0,37.58,83.5,18.0,47.1,47.8,12.9153693,74.8730672,-52.5,264.1,12.671,0
08:27:23.965,63,186.0,1782.0,67.0,21.0,37.58,83.5,18.0,47.1,47.8,12.9153735,74.8730595,-52.7,264.3,12.691,0
08:27:24.054,63,186.0,1782.0,69.0,21.0,37.58,83.5,18.0,47.1,47.8,12.9153777,74.8730518,-53.0,264.6,12.71,0
08:27:24.145,63,186.0,1782.0,69.0,21.0,37.58,83.5,18.0,47.1,47.8,12.9153819,74.873044,-53.3,264.8,12.73,0
08:27:24.235,63,186.0,1782.0,69.0,21.0,37.16,83.5,18.0,47.1,47.8,12.9153861,74.8730363,-53.5,265.1,12.75,0
08:27:24.325,63,186.0,1782.0,69.0,21.0,37.16,83.5,18.0,47.1,47.8,12.9153904,74.8730286,-53.8,265.3,12.769,0
08:27:24.414,63,186.0,1782.0,69.0,21.0,37.16,83.5,18.0,47.1,47.8,12.9153945,74.873021,-54.0,265.6,12.788,0
08:27:24.505,63,186.0,1782.0,69.0,21.0,37.16,83.5,18.0,47.5,47.8,12.9153988,74.8730132,-54.3,265.8,12.808,0
08:27:24.595,63,186.0,1782.0,69.0,21.0,37.16,83.5,18.0,47.5,48.2,12.915403,74.8730055,-54.6,266.1,12.828,0
08:27:24.685,63,186.0,1782.0,69.0,21.0,37.16,83.5,18.0,47.5,48.2,12.9154072,74.8729977,-54.8,266.3,12.847,0
08:27:24.775,63,187.0,1782.0,69.0,21.0,37.16,83.5,18.0,47.5,48.2,12.9154114,74.87299,-55.1,266.6,12.867,0
08:27:24.865,63,187.0,1835.0,69.0,21.0,37.16,83.5,18.0,47.5,48.2,12.9154156,74.8729823,-55.4,266.9,12.887,0
08:27:24.955,63,187.0,1835.0,71.0,21.0,37.16,83.5,18.0,47.5,48.2,12.9154198,74.8729746,-55.6,267.1,12.906,0
08:27:25.045,63,187.0,1835.0,71.0,21.0,37.16,83.5,18.0,47.5,48.2,12.9154241,74.8729669,-55.9,267.4,12.926,0
08:27:25.134,63,187.0,1835.0,71.0,21.0,38.99,83.5,18.0,47.5,48.2,12.9154282,74.8729593,-56.1,267.6,12.945,0
08:27:25.226,63,187.0,1835.0,71.0,21.0,38.99,83.5,18.0,47.5,48.2,12.9154325,74.8729514,-56.4,267.9,12.965,0
08:27:25.315,63,187.0,1835.0,71.0,21.0,38.99,83.5,18.0,47.5,48.2,12.9154367,74.8729437,-56.7,268.1,12.984,0
08:27:25.405,63,187.0,1835.0,71.0,21.0,38.99,83.5,18.0,47.8,48.2,12.9154409,74.872936,-56.9,268.4,13.004,0
08:27:25.495,63,187.0,1835.0,71.0,21.0,38.99,83.5,18.0,47.8,48.6,12.9154451,74.8729283,-57.2,268.6,13.024,0
08:27:25.585,63,187.0,1835.0,71.0,21.0,38.99,83.5,18.0,47.8,48.6,12.9154493,74.8729206,-57.4,268.9,13.043,0
08:27:25.735,63,191.0,1835.0,71.0,21.0,38.99,83.5,18.0,47.8,48.6,12.9154564,74.8729077,-57.9,269.3,13.076,0
08:27:25.825,63,191.0,1884.0,71.0,21.0,38.99,83.5,18.0,47.8,48.6,12.9154606,74.8729,-58.1,269.6,13.095,0
08:27:25.915,63,191.0,1884.0,74.0,21.0,38.99,83.5,18.0,47.8,48.6,12.9154648,74.8728923,-58.4,269.8,13.115,0
08:27:26.005,63,191.0,1884.0,74.0,21.0,38.99,83.5,18.0,47.8,48.6,12.915469,74.8728846,-58.7,270.1,13.135,0
08:27:26.095,63,191.0,1884.0,74.0,21.0,41.52,83.5,18.0,47.8,48.6,12.9154732,74.8728769,-58.9,270.3,13.154,0
08:27:26.184,63,191.0,1884.0,74.0,21.0,41.52,83.5,18.0,47.8,48.6,12.9154774,74.8728692,-59.2,270.6,13.173,0
08:27:26.275,63,191.0,1884.0,74.0,21.0,41.52,83.5,18.0,47.8,48.6,12.9154816,74.8728614,-59.4,270.8,13.193,0
08:27:26.365,63,191.0,1884.0,74.0,21.0,41.52,83.5,18.0,49.8,48.6,12.9154859,74.8728537,-59.7,271.1,13.213,0
08:27:26.455,63,191.0,1884.0,74.0,21.0,41.52,83.5,18.0,49.8,50.6,12.9154901,74.872846,-60.0,271.4,13.232,0
08:27:26.545,63,191.0,1884.0,74.0,21.0,41.52,83.5,18.0,49.8,50.6,12.9154943,74.8728383,-60.2,271.6,13.252,0
08:27:26.635,63,205.0,1884.0,74.0,21.0,41.52,83.5,18.0,49.8,50.6,12.9154985,74.8728306,-60.5,271.9,13.272,0
08:27:26.725,63,205.0,1936.0,74.0,21.0,41.52,83.5,18.0,49.8,50.6,12.9155027,74.8728229,-60.7,272.1,13.291,0
08:27:26.815,63,205.0,1936.0,75.0,21.0,41.52,83.5,18.0,49.8,50.6,12.9155069,74.8728152,-61.0,272.4,13.311,0
08:27:26.905,63,205.0,1936.0,75.0,22.0,41.52,83.5,18.0,49.8,50.6,12.9155111,74.8728074,-61.3,272.6,13.33,0
08:27:26.995,63,205.0,1936.0,75.0,22.0,65.11,83.5,18.0,49.8,50.6,12.9155154,74.8727997,-61.5,272.9,13.35,0
08:27:27.085,63,205.0,1936.0,75.0,22.0,65.11,83.5,18.0,49.8,50.6,12.9155196,74.872792,-61.8,273.1,13.369,0
08:27:27.175,63,205.0,1936.0,75.0,22.0,65.11,83.5,18.0,49.8,50.6,12.9155238,74.8727843,-62.1,273.4,13.389,0
08:27:27.265,63,205.0,1936.0,75.0,22.0,65.11,83.5,18.0,52.5,50.6,12.915528,74.8727766,-62.3,273.6,13.409,0
08:27:27.355,63,205.0,1936.0,75.0,22.0,65.11,83.5,18.0,52.5,52.9,12.9155322,74.8727689,-62.6,273.9,13.428,0
08:27:27.445,64,205.0,1936.0,75.0,22.0,65.11,83.5,18.0,52.5,52.9,12.9155364,74.8727612,-62.8,274.2,13.448,0
08:27:27.535,64,215.0,1936.0,75.0,22.0,65.11,83.5,18.0,52.5,52.9,12.9155406,74.8727534,-63.1,274.4,13.467,0
08:27:27.625,64,215.0,1999.0,75.0,22.0,65.11,83.5,18.0,52.5,52.9,12.9155448,74.8727457,-63.4,274.7,13.487,0
08:27:27.714,64,215.0,1999.0,78.0,22.0,65.11,83.5,18.0,52.5,52.9,12.915549,74.8727381,-63.6,274.9,13.506,0
08:27:27.805,64,215.0,1999.0,78.0,23.0,65.11,83.5,18.0,52.5,52.9,12.9155533,74.8727303,-63.9,275.2,13.526,0
08:27:27.895,64,215.0,1999.0,78.0,23.0,66.49,83.5,18.0,52.5,52.9,12.9155575,74.8727226,-64.1,275.4,13.546,0
08:27:27.987,64,215.0,1999.0,78.0,23.0,66.49,83.5,18.0,52.5,52.9,12.9155618,74.8727147,-64.4,275.7,13.566,0
08:27:28.075,64,215.0,1999.0,78.0,23.0,66.49,83.5,18.0,52.5,52.9,12.9155659,74.8727071,-64.7,275.9,13.585,0
08:27:28.165,64,215.0,1999.0,78.0,23.0,66.49,83.5,18.0,52.2,52.9,12.9155701,74.8726994,-64.9,276.2,13.604,0
08:27:28.255,64,215.0,1999.0,78.0,23.0,66.49,83.5,18.0,52.2,52.2,12.9155743,74.8726917,-65.2,276.4,13.624,0
08:27:28.346,64,215.0,1999.0,78.0,23.0,66.49,83.5,18.0,52.2,52.2,12.9155786,74.8726839,-65.4,276.7,13.644,0
08:27:28.436,64,211.0,1999.0,78.0,23.0,66.49,83.5,18.0,52.2,52.2,12.9155828,74.8726762,-65.7,277.0,13.663,0
08:27:28.526,64,211.0,2033.0,78.0,23.0,66.49,83.5,18.0,52.2,52.2,12.915587,74.8726685,-66.0,277.2,13.683,0
08:27:28.616,64,211.0,2033.0,80.0,23.0,66.49,83.5,18.0,52.2,52.2,12.9155912,74.8726608,-66.2,277.5,13.702,0
08:27:28.707,64,211.0,2033.0,80.0,23.0,66.49,83.5,18.0,52.2,52.2,12.9155955,74.872653,-66.5,277.7,13.722,0
08:27:28.795,64,211.0,2033.0,80.0,23.0,34.47,83.5,18.0,52.2,52.2,12.9155996,74.8726454,-66.8,278.0,13.741,0
08:27:28.887,64,211.0,2033.0,80.0,23.0,34.47,31.4,18.0,52.2,52.2,12.9156039,74.8726375,-67.0,278.2,13.761,0
08:27:28.976,64,211.0,2033.0,80.0,23.0,34.47,31.4,18.0,52.2,52.2,12.9156081,74.8726299,-67.3,278.5,13.781,0
08:27:29.065,64,211.0,2033.0,80.0,23.0,34.47,31.4,18.0,17.6,52.2,12.9156123,74.8726223,-67.5,278.7,13.8,0
08:27:29.155,64,211.0,2033.0,80.0,23.0,34.47,31.4,18.0,17.6,28.2,12.9156165,74.8726146,-67.8,279.0,13.82,0
08:27:29.246,64,211.0,2033.0,80.0,23.0,34.47,31.4,18.0,17.6,28.2,12.9156207,74.8726068,-68.1,279.3,13.839,0
08:27:29.336,64,103.0,2033.0,80.0,23.0,34.47,31.4,18.0,17.6,28.2,12.915625,74.8725991,-68.3,279.5,13.859,0
08:27:29.426,64,103.0,1606.0,80.0,23.0,34.47,31.4,18.0,17.6,28.2,12.9156292,74.8725913,-68.6,279.8,13.879,0
08:27:29.516,64,103.0,1606.0,78.0,23.0,34.47,31.4,18.0,17.6,28.2,12.9156334,74.8725836,-68.8,280.0,13.898,0
08:27:29.607,64,103.0,1606.0,78.0,21.0,34.47,31.4,18.0,17.6,28.2,12.9156376,74.8725758,-69.1,280.3,13.918,0
08:27:29.695,64,103.0,1606.0,78.0,21.0,30.13,31.4,18.0,17.6,28.2,12.9156418,74.8725683,-69.4,280.5,13.937,0
08:27:29.787,64,103.0,1606.0,78.0,21.0,30.13,82.0,18.0,17.6,28.2,12.9156461,74.8725604,-69.6,280.8,13.957,0
08:27:29.876,64,103.0,1606.0,78.0,21.0,30.13,82.0,18.0,17.6,28.2,12.9156502,74.8725528,-69.9,281.0,13.976,0
08:27:29.967,64,103.0,1606.0,78.0,21.0,30.13,82.0,18.0,58.4,28.2,12.9156545,74.872545,-70.1,281.3,13.996,0
08:27:30.055,64,103.0,1606.0,78.0,21.0,30.13,82.0,18.0,58.4,59.2,12.9156586,74.8725374,-70.4,281.5,14.015,0
08:27:30.144,64,103.0,1606.0,78.0,21.0,30.13,82.0,18.0,58.4,59.2,12.9156628,74.8725298,-70.7,281.8,14.035,0
08:27:30.234,64,150.0,1606.0,78.0,21.0,30.13,82.0,18.0,58.4,59.2,12.915667,74.8725221,-70.9,282.1,14.054,0
08:27:30.326,64,150.0,1595.0,78.0,21.0,30.13,82.0,18.0,58.4,59.2,12.9156713,74.8725142,-71.2,282.3,14.074,0
08:27:30.415,64,150.0,1595.0,79.0,21.0,30.13,82.0,18.0,58.4,59.2,12.9156755,74.8725066,-71.4,282.6,14.094,0
08:27:30.505,64,150.0,1595.0,79.0,19.0,30.13,82.0,18.0,58.4,59.2,12.9156797,74.8724988,-71.7,282.8,14.113,0
08:27:30.595,64,150.0,1595.0,79.0,19.0,45.41,82.0,18.0,58.4,59.2,12.9156839,74.8724911,-72.0,283.1,14.133,0
08:27:30.686,64,150.0,1595.0,79.0,19.0,45.41,83.5,18.0,58.4,59.2,12.9156882,74.8724833,-72.2,283.3,14.153,0
08:27:30.775,64,150.0,1595.0,79.0,19.0,45.41,83.5,18.0,58.4,59.2,12.9156923,74.8724757,-72.5,283.6,14.172,0
08:27:30.866,64,150.0,1595.0,79.0,19.0,45.41,83.5,18.0,62.7,59.2,12.9156966,74.8724679,-72.8,283.8,14.192,0
08:27:30.957,64,150.0,1595.0,79.0,19.0,45.41,83.5,18.0,62.7,63.9,12.9157008,74.8724601,-73.0,284.1,14.212,0
08:27:31.047,64,150.0,1595.0,79.0,19.0,45.41,83.5,18.0,62.7,63.9,12.9157051,74.8724524,-73.3,284.4,14.231,0
08:27:31.135,64,221.0,1595.0,79.0,19.0,45.41,83.5,18.0,62.7,63.9,12.9157092,74.8724448,-73.5,284.6,14.25,0
08:27:31.226,64,221.0,1645.0,79.0,19.0,45.41,83.5,18.0,62.7,63.9,12.9157134,74.872437,-73.8,284.9,14.27,0
08:27:31.316,64,221.0,1645.0,81.0,19.0,45.41,83.5,18.0,62.7,63.9,12.9157176,74.8724293,-74.1,285.1,14.29,0
08:27:31.407,64,221.0,1645.0,81.0,20.0,45.41,83.5,18.0,62.7,63.9,12.9157219,74.8724215,-74.3,285.4,14.309,0
08:27:31.497,64,221.0,1645.0,81.0,20.0,57.66,83.5,18.0,62.7,63.9,12.9157261,74.8724138,-74.6,285.6,14.329,0
08:27:31.586,64,221.0,1645.0,81.0,20.0,57.66,83.5,18.0,62.7,63.9,12.9157303,74.8724062,-74.8,285.9,14.348,0
08:27:31.676,64,221.0,1645.0,81.0,20.0,57.66,83.5,18.0,62.7,63.9,12.9157345,74.8723985,-75.1,286.1,14.368,0
08:27:31.769,64,221.0,1645.0,81.0,20.0,57.66,83.5,18.0,66.3,63.9,12.9157389,74.8723905,-75.4,286.4,14.388,0
08:27:31.856,64,221.0,1645.0,81.0,20.0,57.66,83.5,18.0,66.3,66.7,12.9157429,74.872383,-75.6,286.6,14.407,0
08:27:31.946,64,221.0,1645.0,81.0,20.0,57.66,83.5,18.0,66.3,66.7,12.9157471,74.8723753,-75.9,286.9,14.427,0
08:27:32.038,64,230.0,1645.0,81.0,20.0,57.66,83.5,18.0,66.3,66.7,12.9157515,74.8723674,-76.2,287.2,14.447,0
08:27:32.155,64,230.0,1711.0,81.0,20.0,57.66,83.5,18.0,66.3,66.7,12.9157569,74.8723574,-76.5,287.5,14.472,0
08:27:32.246,64,230.0,1711.0,85.0,20.0,57.66,83.5,18.0,66.3,66.7,12.9157612,74.8723496,-76.8,287.7,14.492,0
08:27:32.335,64,230.0,1711.0,85.0,22.0,57.66,83.5,18.0,66.3,66.7,12.9157654,74.872342,-77.0,288.0,14.511,0
08:27:32.427,64,230.0,1711.0,85.0,22.0,60.27,83.5,18.0,66.3,66.7,12.9157697,74.8723341,-77.3,288.3,14.531,0
08:27:32.515,64,230.0,1711.0,85.0,22.0,60.27,83.5,18.0,66.3,66.7,12.9157738,74.8723265,-77.5,288.5,14.55,0
08:27:32.606,64,230.0,1711.0,85.0,22.0,60.27,83.5,18.0,66.3,66.7,12.915778,74.8723187,-77.8,288.8,14.57,0
08:27:32.695,64,230.0,1711.0,85.0,22.0,60.27,83.5,18.0,68.2,66.7,12.9157822,74.8723111,-78.1,289.0,14.59,0
08:27:32.787,64,230.0,1711.0,85.0,22.0,60.27,83.5,18.0,68.2,68.2,12.9157865,74.8723032,-78.3,289.3,14.61,0
08:27:32.875,65,230.0,1711.0,85.0,22.0,60.27,83.5,18.0,68.2,68.2,12.9157906,74.8722957,-78.6,289.5,14.629,0
08:27:32.967,65,233.0,1711.0,85.0,22.0,60.27,83.5,18.0,68.2,68.2,12.9157949,74.8722878,-78.8,289.8,14.649,0
08:27:33.056,65,233.0,1777.0,85.0,22.0,60.27,83.5,18.0,68.2,68.2,12.9157991,74.8722802,-79.1,290.0,14.668,0
08:27:33.176,65,233.0,1777.0,88.0,22.0,60.27,83.5,18.0,68.2,68.2,12.9158047,74.8722699,-79.5,290.4,14.694,0
08:27:33.266,65,233.0,1777.0,88.0,22.0,60.27,83.5,18.0,68.2,68.2,12.9158089,74.8722622,-79.7,290.6,14.714,0
08:27:33.355,65,233.0,1777.0,88.0,22.0,64.44,83.5,18.0,68.2,68.2,12.9158131,74.8722545,-80.0,290.9,14.733,0
08:27:33.446,65,233.0,1777.0,88.0,22.0,64.44,83.5,18.0,68.2,68.2,12.9158174,74.8722467,-80.2,291.1,14.753,0
08:27:33.535,65,233.0,1777.0,88.0,22.0,64.44,83.5,18.0,68.2,68.2,12.9158215,74.8722391,-80.5,291.4,14.772,0
08:27:33.626,65,233.0,1777.0,88.0,22.0,64.44,83.5,18.0,68.6,68.2,12.9158258,74.8722313,-80.8,291.6,14.792,0
08:27:33.716,65,233.0,1777.0,88.0,22.0,64.44,83.5,18.0,68.6,68.6,12.91583,74.8722236,-81.0,291.9,14.812,0
08:27:33.807,65,233.0,1777.0,88.0,22.0,64.44,83.5,18.0,68.6,68.6,12.9158343,74.8722158,-81.3,292.2,14.831,0
08:27:33.895,65,234.0,1777.0,88.0,22.0,64.44,83.5,18.0,68.6,68.6,12.9158384,74.8722082,-81.5,292.4,14.851,0
08:27:33.985,65,234.0,1849.0,88.0,22.0,64.44,83.5,18.0,68.6,68.6,12.9158426,74.8722005,-81.8,292.7,14.87,0
08:27:34.079,65,234.0,1849.0,92.0,22.0,64.44,83.5,18.0,68.6,68.6,12.915847,74.8721925,-82.1,292.9,14.891,0
08:27:34.165,65,234.0,1849.0,92.0,22.0,64.44,83.5,18.0,68.6,68.6,12.915851,74.8721851,-82.3,293.2,14.909,0
08:27:34.256,65,234.0,1849.0,92.0,22.0,66.99,83.5,18.0,68.6,68.6,12.9158553,74.8721773,-82.6,293.4,14.929,0
08:27:34.346,65,234.0,1849.0,92.0,22.0,66.99,83.5,18.0,68.6,68.6,12.9158595,74.8721696,-82.8,293.7,14.949,0
08:27:34.435,65,234.0,1849.0,92.0,22.0,66.99,83.5,18.0,68.6,68.6,12.9158637,74.872162,-83.1,293.9,14.968,0
08:27:34.528,65,234.0,1849.0,92.0,22.0,66.99,83.5,18.0,68.6,68.6,12.915868,74.872154,-83.4,294.2,14.988,0
08:27:34.616,65,234.0,1849.0,92.0,22.0,66.99,83.5,18.0,68.6,68.2,12.9158721,74.8721464,-83.6,294.5,15.007,0
08:27:34.707,65,234.0,1849.0,92.0,22.0,66.99,83.5,18.0,68.6,68.2,12.9158764,74.8721386,-83.9,294.7,15.027,0
08:27:34.795,65,235.0,1849.0,92.0,22.0,66.99,83.5,18.0,68.6,68.2,12.9158805,74.8721311,-84.2,295.0,15.046,0
08:27:34.887,65,235.0,1921.0,92.0,22.0,66.99,83.5,18.0,68.6,68.2,12.9158848,74.8721232,-84.4,295.2,15.066,0
08:27:34.975,65,235.0,1921.0,95.0,22.0,66.99,83.5,18.0,68.6,68.2,12.915889,74.8721157,-84.7,295.5,15.085,0
08:27:35.079,65,235.0,1921.0,95.0,21.0,66.99,83.5,18.0,68.6,68.2,12.9158938,74.8721068,-85.0,295.8,15.108,0
08:27:35.185,65,235.0,1921.0,95.0,21.0,33.63,83.5,18.0,68.6,68.2,12.9158988,74.8720977,-85.3,296.1,15.131,0
08:27:35.276,65,235.0,1921.0,95.0,21.0,33.63,33.7,18.0,68.6,68.2,12.915903,74.8720899,-85.5,296.3,15.151,0
08:27:35.367,65,235.0,1921.0,95.0,21.0,33.63,33.7,18.0,68.6,68.2,12.9159073,74.8720821,-85.8,296.6,15.171,0
08:27:35.456,65,235.0,1921.0,95.0,21.0,33.63,33.7,18.0,16.1,68.2,12.9159115,74.8720744,-86.1,296.8,15.19,0
08:27:35.548,65,235.0,1921.0,95.0,21.0,33.63,33.7,18.0,16.1,26.7,12.9159158,74.8720665,-86.3,297.1,15.21,0
08:27:35.635,65,235.0,1921.0,95.0,21.0,33.63,33.7,18.0,16.1,26.7,12.9159199,74.8720591,-86.6,297.3,15.229,0
08:27:35.727,65,110.0,1921.0,95.0,21.0,33.63,33.7,18.0,16.1,26.7,12.9159242,74.8720512,-86.9,297.6,15.249,0
08:27:35.816,65,110.0,1602.0,95.0,21.0,33.63,33.7,18.0,16.1,26.7,12.9159283,74.8720436,-87.1,297.8,15.268,0
08:27:35.906,65,110.0,1602.0,95.0,21.0,33.63,33.7,18.0,16.1,26.7,12.9159325,74.8720359,-87.4,298.1,15.288,0
08:27:35.996,65,110.0,1602.0,95.0,19.0,33.63,33.7,18.0,16.1,26.7,12.9159368,74.8720281,-87.6,298.4,15.308,0
08:27:36.085,65,110.0,1602.0,95.0,19.0,25.52,33.7,18.0,16.1,26.7,12.9159409,74.8720205,-87.9,298.6,15.327,0
08:27:36.175,65,110.0,1602.0,95.0,19.0,25.52,80.0,18.0,16.1,26.7,12.9159451,74.8720128,-88.2,298.9,15.346,0
08:27:36.266,65,110.0,1602.0,95.0,19.0,25.52,80.0,18.0,16.1,26.7,12.9159494,74.872005,-88.4,299.1,15.366,0
08:27:36.356,65,110.0,1602.0,95.0,19.0,25.52,80.0,18.0,43.1,26.7,12.9159536,74.8719973,-88.7,299.4,15.386,0
08:27:36.446,65,110.0,1602.0,95.0,19.0,25.52,80.0,18.0,43.1,43.5,12.9159578,74.8719896,-88.9,299.6,15.405,0
08:27:36.536,65,110.0,1602.0,95.0,19.0,25.52,80.0,18.0,43.1,43.5,12.915962,74.8719819,-89.2,299.9,15.425,0
08:27:36.627,65,135.0,1602.0,95.0,19.0,25.52,80.0,18.0,43.1,43.5,12.9159663,74.8719741,-89.5,300.1,15.445,0
08:27:36.715,65,135.0,1594.0,95.0,19.0,25.52,80.0,18.0,43.1,43.5,12.9159704,74.8719665,-89.7,300.4,15.464,0
08:27:36.807,65,135.0,1594.0,95.0,19.0,25.52,80.0,18.0,43.1,43.5,12.9159747,74.8719586,-90.0,300.7,15.484,0
08:27:36.895,65,135.0,1594.0,95.0,17.0,25.52,80.0,18.0,43.1,43.5,12.9159788,74.8719511,-90.2,300.9,15.503,0
08:27:36.988,65,135.0,1594.0,95.0,17.0,24.66,80.0,18.0,43.1,43.5,12.9159832,74.8719431,-90.5,301.2,15.523,0
08:27:37.105,65,135.0,1594.0,95.0,17.0,24.66,30.6,18.0,43.1,43.5,12.9159887,74.8719331,-90.8,301.5,15.549,0
08:27:37.195,65,135.0,1594.0,95.0,17.0,24.66,30.6,18.0,43.1,43.5,12.9159929,74.8719254,-91.1,301.7,15.568,0
08:27:37.285,65,135.0,1594.0,95.0,17.0,24.66,30.6,18.0,14.1,43.5,12.9159971,74.8719176,-91.4,302.0,15.588,0
08:27:37.375,65,135.0,1594.0,95.0,17.0,24.66,30.6,18.0,14.1,14.5,12.9160013,74.8719099,-91.6,302.3,15.607,0
08:27:37.466,66,135.0,1594.0,95.0,17.0,24.66,30.6,18.0,14.1,14.5,12.9160056,74.8719021,-91.9,302.5,15.627,0
08:27:37.554,66,105.0,1594.0,95.0,17.0,24.66,30.6,18.0,14.1,14.5,12.9160097,74.8718946,-92.2,302.8,15.646,0
08:27:37.645,66,105.0,1605.0,95.0,17.0,24.66,30.6,18.0,14.1,14.5,12.916014,74.8718868,-92.4,303.0,15.666,0
08:27:37.735,66,105.0,1605.0,95.0,17.0,24.66,30.6,18.0,14.1,14.5,12.9160182,74.8718791,-92.7,303.3,15.686,0
08:27:37.824,66,105.0,1605.0,95.0,17.0,24.66,30.6,18.0,14.1,14.5,12.9160223,74.8718714,-92.9,303.5,15.705,0
08:27:37.915,66,105.0,1605.0,95.0,17.0,20.99,30.6,18.0,14.1,14.5,12.9160266,74.8718636,-93.2,303.8,15.725,0
08:27:38.005,66,105.0,1605.0,95.0,17.0,20.99,83.1,18.0,14.1,14.5,12.9160308,74.8718559,-93.5,304.0,15.745,0
08:27:38.095,66,105.0,1605.0,95.0,17.0,20.99,83.1,18.0,14.1,14.5,12.916035,74.8718482,-93.7,304.3,15.764,0
08:27:38.185,66,105.0,1605.0,95.0,17.0,20.99,83.1,18.0,14.1,14.5,12.9160392,74.8718405,-94.0,304.6,15.784,0
08:27:38.275,66,105.0,1605.0,95.0,17.0,20.99,83.1,18.0,14.1,14.1,12.9160434,74.8718328,-94.2,304.8,15.803,0
08:27:38.365,66,105.0,1605.0,95.0,17.0,20.99,83.1,18.0,14.1,14.1,12.9160477,74.8718251,-94.5,305.1,15.823,0
08:27:38.459,66,121.0,1605.0,95.0,17.0,20.99,83.1,18.0,14.1,14.1,12.9160521,74.871817,-94.8,305.3,15.843,0
08:27:38.546,66,121.0,1607.0,95.0,17.0,20.99,83.1,18.0,14.1,14.1,12.9160561,74.8718096,-95.0,305.6,15.862,0
08:27:38.635,66,121.0,1607.0,95.0,17.0,20.99,83.1,18.0,14.1,14.1,12.9160603,74.8718019,-95.3,305.8,15.882,0
08:27:38.725,66,121.0,1607.0,95.0,17.0,20.99,83.1,18.0,14.1,14.1,12.9160645,74.8717942,-95.5,306.1,15.901,0
08:27:38.815,66,121.0,1607.0,95.0,17.0,16.91,83.1,18.0,14.1,14.1,12.9160687,74.8717865,-95.8,306.3,15.921,0
08:27:38.905,66,121.0,1607.0,95.0,17.0,16.91,83.5,18.0,14.1,14.1,12.9160729,74.8717788,-96.1,306.6,15.94,0
08:27:38.995,66,121.0,1607.0,95.0,17.0,16.91,83.5,18.0,14.1,14.1,12.9160772,74.8717711,-96.3,306.8,15.96,0
08:27:39.085,66,121.0,1607.0,95.0,17.0,16.91,83.5,18.0,14.1,14.1,12.9160814,74.8717633,-96.6,307.1,15.979,0
08:27:39.176,66,121.0,1607.0,95.0,17.0,16.91,83.5,18.0,14.1,14.5,12.9160856,74.8717555,-96.9,307.4,15.999,0
08:27:39.265,66,121.0,1607.0,95.0,17.0,16.91,83.5,18.0,14.1,14.5,12.9160898,74.8717479,-97.1,307.6,16.019,0
08:27:39.355,66,121.0,1607.0,95.0,17.0,16.91,83.5,18.0,14.1,14.5,12.916094,74.8717402,-97.4,307.9,16.038,0
08:27:39.446,66,121.0,1608.0,95.0,17.0,16.91,83.5,18.0,14.1,14.5,12.9160983,74.8717324,-97.6,308.1,16.058,0
08:27:39.535,66,121.0,1608.0,95.0,17.0,16.91,83.5,18.0,14.1,14.5,12.9161024,74.8717248,-97.9,308.4,16.077,0
08:27:39.626,66,121.0,1608.0,95.0,16.0,16.91,83.5,18.0,14.1,14.5,12.9161067,74.871717,-98.2,308.6,16.097,0
08:27:39.716,66,121.0,1608.0,95.0,16.0,16.97,83.5,18.0,14.1,14.5,12.9161109,74.8717093,-98.4,308.9,16.117,0
08:27:39.806,66,121.0,1608.0,95.0,16.0,16.97,83.5,18.0,14.1,14.5,12.9161151,74.8717015,-98.7,309.1,16.136,0
08:27:39.895,66,121.0,1608.0,95.0,16.0,16.97,83.5,18.0,14.1,14.5,12.9161193,74.8716939,-98.9,309.4,16.156,0
08:27:39.985,66,121.0,1608.0,95.0,16.0,16.97,83.5,18.0,14.1,14.5,12.9161235,74.8716862,-99.2,309.6,16.175,0
08:27:40.074,66,121.0,1608.0,95.0,16.0,16.97,83.5,18.0,14.1,14.1,12.9161277,74.8716786,-99.5,309.9,16.195,0
08:27:40.165,66,121.0,1608.0,95.0,16.0,16.97,83.5,18.0,14.1,14.1,12.9161319,74.8716708,-99.7,310.2,16.214,0
08:27:40.255,66,120.0,1608.0,95.0,16.0,16.97,83.5,18.0,14.1,14.1,12.9161361,74.8716631,-100.0,310.4,16.234,0
08:27:40.346,66,120.0,1611.0,95.0,16.0,16.97,83.5,18.0,14.1,14.1,12.9161404,74.8716553,-100.2,310.7,16.254,0
08:27:40.436,66,120.0,1611.0,95.0,16.0,16.97,83.5,18.0,14.1,14.1,12.9161446,74.8716475,-100.5,310.9,16.273,0
08:27:40.527,66,120.0,1611.0,95.0,17.0,16.97,83.5,18.0,14.1,14.1,12.9161489,74.8716397,-100.8,311.2,16.293,0
08:27:40.615,66,120.0,1611.0,95.0,17.0,18.61,83.5,18.0,14.1,14.1,12.9161525,74.8716316,-101.0,311.4,16.307,0
08:27:40.706,66,120.0,1611.0,95.0,17.0,18.61,83.5,18.0,14.1,14.1,12.9161524,74.871618,-100.9,311.1,16.277,0
08:27:40.796,66,120.0,1611.0,95.0,17.0,18.61,83.5,18.0,14.1,14.1,12.9161523,74.8716045,-100.8,310.9,16.248,0
08:27:40.886,66,120.0,1611.0,95.0,17.0,18.61,83.5,18.0,14.1,14.1,12.9161522,74.8715911,-100.6,310.7,16.219,0
08:27:40.976,66,120.0,1611.0,95.0,17.0,18.61,83.5,18.0,14.1,14.5,12.9161521,74.8715776,-100.5,310.5,16.19,0
08:27:41.065,67,120.0,1611.0,95.0,17.0,18.61,83.5,18.0,14.1,14.5,12.916152,74.8715643,-100.4,310.3,16.162,0
08:27:41.156,67,132.0,1611.0,95.0,17.0,18.61,83.5,18.0,14.1,14.5,12.9161519,74.8715507,-100.3,310.0,16.132,0
08:27:41.245,67,132.0,1616.0,95.0,17.0,18.61,83.5,18.0,14.1,14.5,12.9161518,74.8715374,-100.2,309.8,16.104,0
08:27:41.335,67,132.0,1616.0,96.0,17.0,18.61,83.5,18.0,14.1,14.5,12.9161517,74.871524,-100.0,309.6,16.075,0
08:27:41.425,67,132.0,1616.0,96.0,17.0,18.61,83.5,18.0,14.1,14.5,12.9161516,74.8715105,-99.9,309.4,16.046,0
08:27:41.516,67,132.0,1616.0,96.0,17.0,21.27,83.5,18.0,14.1,14.5,12.9161515,74.8714969,-99.8,309.1,16.016,0
08:27:41.606,67,132.0,1616.0,96.0,17.0,21.27,83.5,18.0,14.1,14.5,12.9161514,74.8714834,-99.7,308.9,15.987,0
08:27:41.695,67,132.0,1616.0,96.0,17.0,21.27,83.5,18.0,14.1,14.5,12.9161513,74.8714701,-99.6,308.7,15.959,0
08:27:41.785,67,132.0,1616.0,96.0,17.0,21.27,83.5,18.0,14.1,14.5,12.9161512,74.8714567,-99.5,308.5,15.93,0
08:27:41.875,67,132.0,1616.0,96.0,17.0,21.27,83.5,18.0,14.1,14.5,12.9161511,74.8714432,-99.3,308.3,15.901,0
08:27:41.966,67,132.0,1616.0,96.0,17.0,21.27,83.5,18.0,14.1,14.5,12.916151,74.8714296,-99.2,308.0,15.871,0
08:27:42.055,67,142.0,1616.0,96.0,17.0,21.27,83.5,18.0,14.1,14.5,12.9161509,74.8714163,-99.1,307.8,15.843,0
08:27:42.146,67,142.0,1624.0,96.0,17.0,21.27,83.5,18.0,14.1,14.5,12.9161508,74.8714027,-99.0,307.6,15.813,0
08:27:42.236,67,142.0,1624.0,96.0,17.0,21.27,83.5,18.0,14.1,14.5,12.9161507,74.8713893,-98.9,307.4,15.784,0
08:27:42.326,67,142.0,1624.0,96.0,17.0,21.27,83.5,18.0,14.1,14.5,12.9161506,74.8713758,-98.7,307.1,15.755,0
08:27:42.415,67,142.0,1624.0,96.0,17.0,22.02,83.5,18.0,14.1,14.5,12.9161505,74.8713625,-98.6,306.9,15.727,0
08:27:42.508,67,142.0,1624.0,96.0,17.0,22.02,83.5,18.0,14.1,14.5,12.9161504,74.8713486,-98.5,306.7,15.697,0
08:27:42.596,67,142.0,1624.0,96.0,17.0,22.02,83.5,18.0,14.1,14.5,12.9161503,74.8713355,-98.4,306.5,15.668,0
08:27:42.717,67,142.0,1624.0,96.0,17.0,22.02,83.5,18.0,14.1,14.5,12.9161502,74.8713174,-98.2,306.2,15.629,0
08:27:42.836,67,142.0,1624.0,96.0,17.0,22.02,83.5,18.0,14.1,14.5,12.9161501,74.8712996,-98.1,305.9,15.591,0
08:27:42.927,67,142.0,1624.0,96.0,17.0,22.02,83.5,18.0,14.1,14.5,12.91615,74.871286,-98.0,305.6,15.562,0
08:27:43.016,67,139.0,1624.0,96.0,17.0,22.02,83.5,18.0,14.1,14.5,12.9161499,74.8712727,-97.8,305.4,15.533,0
08:27:43.105,67,139.0,1636.0,96.0,17.0,22.02,83.5,18.0,14.1,14.5,12.9161498,74.8712594,-97.7,305.2,15.504,0
08:27:43.195,67,139.0,1636.0,97.0,17.0,22.02,83.5,18.0,14.1,14.5,12.9161497,74.871246,-97.6,305.0,15.475,0
08:27:43.285,67,139.0,1636.0,97.0,18.0,22.02,83.5,18.0,14.1,14.5,12.9161496,74.8712325,-97.5,304.8,15.446,0
08:27:43.375,67,139.0,1636.0,97.0,18.0,22.16,83.5,18.0,14.1,14.5,12.9161495,74.8712191,-97.4,304.5,15.417,0
08:27:43.466,67,139.0,1636.0,97.0,18.0,22.16,83.5,18.0,14.1,14.5,12.9161494,74.8712055,-97.3,304.3,15.388,0
08:27:43.556,67,139.0,1636.0,97.0,18.0,22.16,83.5,18.0,14.1,14.5,12.9161493,74.871192,-97.1,304.1,15.359,0
08:27:43.648,67,139.0,1636.0,97.0,18.0,22.16,83.5,18.0,14.1,14.5,12.9161492,74.8711783,-97.0,303.9,15.329,0
08:27:43.736,67,139.0,1636.0,97.0,18.0,22.16,83.5,18.0,14.1,14.5,12.9161491,74.8711651,-96.9,303.6,15.301,0
08:27:43.826,67,139.0,1636.0,97.0,18.0,22.16,83.5,18.0,14.1,14.5,12.916149,74.8711517,-96.8,303.4,15.272,0
08:27:43.915,67,139.0,1636.0,97.0,18.0,22.16,83.5,18.0,14.1,14.5,12.9161489,74.8711384,-96.7,303.2,15.243,0
08:27:44.005,67,139.0,1644.0,97.0,18.0,22.16,83.5,18.0,14.1,14.5,12.9161488,74.8711249,-96.6,303.0,15.214,0
08:27:44.095,67,139.0,1644.0,97.0,18.0,22.16,83.5,18.0,14.1,14.5,12.9161487,74.8711115,-96.4,302.8,15.185,0
08:27:44.185,67,139.0,1644.0,97.0,18.0,22.16,83.5,18.0,14.1,14.5,12.9161486,74.871098,-96.3,302.5,15.156,0
08:27:44.426,67,139.0,1644.0,97.0,18.0,22.16,83.5,18.0,14.1,14.5,12.9161483,74.871062,-96.0,301.9,15.078,0
08:27:44.515,67,139.0,1644.0,97.0,18.0,22.16,83.5,18.0,14.1,14.5,12.9161482,74.8710487,-95.9,301.7,15.05,0
08:27:44.606,67,139.0,1644.0,97.0,18.0,22.16,83.5,18.0,14.1,14.1,12.9161481,74.8710351,-95.8,301.5,15.02,0
08:27:44.696,67,139.0,1644.0,97.0,18.0,22.16,83.5,18.0,14.1,14.1,12.916148,74.8710216,-95.7,301.3,14.991,0
08:27:44.786,67,135.0,1644.0,97.0,18.0,22.16,83.5,18.0,14.1,14.1,12.9161479,74.8710082,-95.5,301.0,14.962,0
08:27:44.876,67,135.0,1654.0,97.0,18.0,22.16,83.5,18.0,14.1,14.1,12.9161478,74.8709947,-95.4,300.8,14.933,0
08:27:44.966,67,135.0,1654.0,98.0,18.0,22.16,83.5,18.0,14.1,14.1,12.9161477,74.8709813,-95.3,300.6,14.904,0
08:27:45.059,67,135.0,1654.0,98.0,18.0,22.16,83.5,18.0,14.1,14.1,12.9161476,74.8709674,-95.2,300.4,14.874,0
08:27:45.145,67,135.0,1654.0,98.0,18.0,19.86,83.5,18.0,14.1,14.1,12.9161475,74.8709545,-95.1,300.2,14.847,0
08:27:45.236,67,135.0,1654.0,98.0,18.0,19.86,83.5,18.0,14.1,14.1,12.9161474,74.8709409,-94.9,299.9,14.817,0
08:27:45.326,67,135.0,1654.0,98.0,18.0,19.86,83.5,18.0,14.1,14.1,12.9161473,74.8709275,-94.8,299.7,14.788,0
08:27:45.416,67,135.0,1654.0,98.0,18.0,19.86,83.5,18.0,14.1,14.1,12.9161472,74.870914,-94.7,299.5,14.759,0
08:27:45.506,67,135.0,1654.0,98.0,18.0,19.86,83.5,18.0,14.1,14.5,12.9161471,74.8709006,-94.6,299.3,14.73,0
08:27:45.596,68,135.0,1654.0,98.0,18.0,19.86,83.5,18.0,14.1,14.5,12.916147,74.8708871,-94.5,299.0,14.701,0
08:27:45.716,68,133.0,1654.0,98.0,18.0,19.86,83.5,18.0,14.1,14.5,12.9161469,74.8708692,-94.3,298.7,14.663,0
08:27:45.805,68,133.0,1653.0,98.0,18.0,19.86,83.5,18.0,14.1,14.5,12.9161468,74.8708559,-94.2,298.5,14.634,0
08:27:45.896,68,133.0,1653.0,98.0,18.0,19.86,83.5,18.0,14.1,14.5,12.9161467,74.8708423,-94.1,298.3,14.605,0
08:27:45.986,68,133.0,1653.0,98.0,18.0,19.86,83.5,18.0,14.1,14.5,12.9161466,74.8708288,-94.0,298.1,14.576,0
08:27:46.166,68,133.0,1653.0,98.0,18.0,19.86,83.5,18.0,14.1,14.5,12.9161464,74.8708019,-93.7,297.6,14.518,0
08:27:46.316,68,133.0,1653.0,98.0,18.0,19.86,83.5,18.0,14.1,14.5,12.9161463,74.8707795,-93.5,297.3,14.469,0
08:27:46.466,68,133.0,1653.0,98.0,18.0,19.86,83.5,18.0,14.1,14.5,12.9161461,74.8707571,-93.3,296.9,14.421,0
08:27:46.616,68,133.0,1659.0,98.0,18.0,19.86,83.5,18.0,14.1,14.5,12.9161459,74.8707347,-93.1,296.5,14.373,0
08:27:46.856,68,133.0,1659.0,98.0,18.0,23.55,83.5,18.0,14.1,14.5,12.9161457,74.8706988,-92.8,295.9,14.295,0
08:27:46.946,68,133.0,1659.0,98.0,18.0,23.55,83.5,18.0,14.1,14.5,12.9161456,74.8706854,-92.7,295.7,14.266,0
08:27:47.055,68,133.0,1659.0,98.0,18.0,23.55,83.5,18.0,14.1,14.5,12.9161454,74.8706691,-92.6,295.4,14.231,0
08:27:47.516,68,133.0,1659.0,99.0,18.0,23.55,83.5,18.0,14.1,14.5,12.9161449,74.8706002,-92.0,294.3,14.083,0
08:27:47.606,68,133.0,1659.0,99.0,19.0,23.55,83.5,18.0,14.1,14.5,12.9161448,74.8705867,-91.8,294.1,14.054,0
08:27:47.875,68,133.0,1659.0,99.0,19.0,23.55,83.5,18.0,14.1,14.5,12.9161445,74.8705465,-91.5,293.4,13.967,0
08:27:48.086,68,133.0,1659.0,99.0,19.0,23.55,83.5,18.0,14.1,14.5,12.9161443,74.870515,-91.2,292.9,13.899,0
08:27:48.626,68,133.0,1659.0,99.0,19.0,23.55,83.5,18.0,14.1,14.5,12.9161437,74.8704343,-90.5,291.5,13.725,0
08:27:48.716,68,133.0,1659.0,99.0,19.0,23.55,83.5,18.0,14.1,14.5,12.9161436,74.8704208,-90.4,291.3,13.696,0
08:27:48.806,68,133.0,1659.0,99.0,19.0,23.55,83.5,18.0,14.1,14.5,12.9161435,74.8704074,-90.3,291.1,13.667,0
08:27:48.896,68,144.0,1659.0,99.0,19.0,23.55,83.5,18.0,14.1,14.5,12.9161434,74.8703939,-90.2,290.9,13.638,0
08:27:48.986,68,144.0,1675.0,99.0,19.0,23.55,83.5,18.0,14.1,14.5,12.9161433,74.8703805,-90.0,290.6,13.609,0
08:27:49.075,68,144.0,1675.0,99.0,19.0,23.55,83.5,18.0,14.1,14.5,12.9161432,74.8703672,-89.9,290.4,13.58,0
08:27:49.165,68,144.0,1675.0,99.0,19.0,23.55,83.5,18.0,14.1,14.5,12.9161431,74.8703537,-89.8,290.2,13.551,0
08:27:49.256,68,144.0,1675.0,99.0,19.0,26.61,83.5,18.0,14.1,14.5,12.916143,74.8703401,-89.7,290.0,13.522,0
08:27:49.346,68,144.0,1675.0,99.0,19.0,26.61,83.5,18.0,14.1,14.5,12.9161429,74.8703267,-89.6,289.7,13.493,0
08:27:49.435,68,144.0,1675.0,99.0,19.0,26.61,83.5,18.0,14.1,14.5,12.9161428,74.8703134,-89.5,289.5,13.464,0
08:27:49.526,68,144.0,1675.0,99.0,19.0,26.61,83.5,18.0,14.1,14.5,12.9161427,74.8702998,-89.3,289.3,13.435,0
08:27:49.616,68,144.0,1675.0,99.0,19.0,26.61,83.5,18.0,14.1,14.5,12.9161426,74.8702863,-89.2,289.1,13.406,0
08:27:49.765,68,151.0,1675.0,99.0,19.0,26.61,83.5,18.0,14.1,14.5,12.9161425,74.870264,-89.0,288.7,13.358,0
08:27:49.855,68,151.0,1675.0,99.0,19.0,26.61,83.5,18.0,14.1,14.5,12.9161424,74.8702506,-88.9,288.5,13.329,0
08:27:49.946,68,151.0,1675.0,99.0,19.0,26.61,83.5,18.0,14.1,14.5,12.9161423,74.870237,-88.8,288.3,13.299,0
08:27:50.036,68,151.0,1675.0,99.0,19.0,26.61,83.5,18.0,14.1,14.5,12.9161422,74.8702235,-88.7,288.0,13.27,0
08:27:50.126,68,151.0,1675.0,99.0,19.0,26.58,83.5,18.0,14.1,14.5,12.9161421,74.8702101,-88.5,287.8,13.241,0
08:27:50.215,68,151.0,1675.0,99.0,19.0,26.58,83.5,18.0,14.1,14.5,12.916142,74.8701968,-88.4,287.6,13.213,0
08:27:50.306,68,151.0,1675.0,99.0,19.0,26.58,83.5,18.0,14.1,14.5,12.9161419,74.8701832,-88.3,287.4,13.183,0
08:27:50.396,68,151.0,1675.0,99.0,19.0,26.58,83.5,18.0,14.1,14.5,12.9161418,74.8701697,-88.2,287.1,13.154,0
08:27:50.486,68,151.0,1675.0,99.0,19.0,26.58,83.5,18.0,14.1,14.5,12.9161417,74.8701563,-88.1,286.9,13.125,0
08:27:50.575,69,151.0,1675.0,99.0,19.0,26.58,83.5,18.0,14.1,14.5,12.9161416,74.870143,-88.0,286.7,13.097,0
08:27:50.875,69,151.0,1675.0,99.0,20.0,26.58,83.5,18.0,14.1,14.5,12.9161412,74.8700981,-87.6,286.0,13.0,0
08:27:50.966,69,151.0,1675.0,99.0,20.0,26.11,83.5,18.0,14.1,14.5,12.9161411,74.8700845,-87.5,285.7,12.971,0
08:27:51.115,69,151.0,1675.0,99.0,20.0,26.11,83.5,18.0,14.1,14.5,12.916141,74.8700623,-87.3,285.4,12.923,0
08:27:51.205,69,151.0,1675.0,99.0,20.0,26.11,83.5,18.0,14.1,14.5,12.9161409,74.8700488,-87.1,285.1,12.894,0
08:27:51.296,69,151.0,1675.0,99.0,20.0,26.11,83.5,18.0,14.1,14.1,12.9161408,74.8700352,-87.0,284.9,12.864,0
08:27:51.385,69,151.0,1675.0,99.0,20.0,26.11,83.5,18.0,14.1,14.1,12.9161407,74.8700219,-86.9,284.7,12.836,0
08:27:51.476,69,148.0,1675.0,99.0,20.0,26.11,83.5,18.0,14.1,14.1,12.9161406,74.8700083,-86.8,284.5,12.806,0
08:27:51.566,69,148.0,1680.0,99.0,20.0,26.11,83.5,18.0,14.1,14.1,12.9161405,74.8699949,-86.7,284.3,12.777,0
08:27:51.655,69,148.0,1680.0,99.0,20.0,26.11,83.5,18.0,14.1,14.1,12.9161404,74.8699816,-86.6,284.0,12.749,0
08:27:51.745,69,148.0,1680.0,99.0,20.0,26.11,83.5,18.0,14.1,14.1,12.9161403,74.8699681,-86.4,283.8,12.719,0
08:27:51.836,69,148.0,1680.0,99.0,20.0,26.88,83.5,18.0,14.1,14.1,12.9161402,74.8699545,-86.3,283.6,12.69,0
08:27:51.926,69,148.0,1680.0,99.0,20.0,26.88,83.5,18.0,14.1,14.1,12.9161401,74.8699411,-86.2,283.4,12.661,0
08:27:52.016,69,148.0,1680.0,99.0,20.0,26.88,83.5,18.0,14.1,14.1,12.91614,74.8699276,-86.1,283.1,12.632,0
08:27:52.105,69,148.0,1680.0,99.0,20.0,26.88,83.5,18.0,14.1,14.1,12.9161399,74.8699143,-86.0,282.9,12.603,0
08:27:52.196,69,148.0,1680.0,99.0,20.0,26.88,83.5,18.0,14.1,14.5,12.9161398,74.8699007,-85.8,282.7,12.574,0
08:27:52.346,69,152.0,1680.0,99.0,20.0,26.88,83.5,18.0,14.1,14.5,12.9161396,74.8698783,-85.6,282.3,12.526,0
08:27:52.436,69,152.0,1682.0,99.0,20.0,26.88,83.5,18.0,14.1,14.5,12.9161395,74.8698648,-85.5,282.1,12.497,0
08:27:52.527,69,152.0,1682.0,100.0,20.0,26.88,83.5,18.0,14.1,14.5,12.9161394,74.8698512,-85.4,281.9,12.467,0
08:27:52.676,69,152.0,1682.0,100.0,20.0,26.8,83.5,18.0,14.1,14.5,12.9161393,74.869829,-85.2,281.5,12.419,0
08:27:52.765,69,152.0,1682.0,100.0,20.0,26.8,83.5,18.0,14.1,14.5,12.9161392,74.8698157,-85.1,281.3,12.391,0
08:27:52.855,69,152.0,1682.0,100.0,20.0,26.8,83.5,18.0,14.1,14.5,12.9161391,74.8698022,-85.0,281.1,12.362,0
08:27:53.156,69,133.0,1682.0,100.0,20.0,26.8,83.5,18.0,14.1,14.5,12.9161387,74.8697572,-84.6,280.3,12.265,0
08:27:53.246,69,133.0,1678.0,100.0,20.0,26.8,83.5,18.0,14.1,14.5,12.9161386,74.8697438,-84.5,280.1,12.236,0
08:27:53.336,69,133.0,1678.0,99.0,20.0,26.8,83.5,18.0,14.1,14.5,12.9161385,74.8697303,-84.4,279.9,12.207,0
08:27:53.426,69,133.0,1678.0,99.0,19.0,26.8,83.5,18.0,14.1,14.5,12.9161384,74.8697169,-84.2,279.6,12.178,0
08:27:53.516,69,133.0,1678.0,99.0,19.0,19.44,83.5,18.0,14.1,14.5,12.9161383,74.8697034,-84.1,279.4,12.149,0
08:27:53.606,69,133.0,1678.0,99.0,19.0,19.44,83.5,18.0,14.1,14.5,12.9161383,74.8696901,-84.0,279.2,12.119,0
08:27:53.696,69,133.0,1678.0,99.0,19.0,19.44,83.5,18.0,14.1,14.5,12.9161412,74.8696836,-83.4,279.4,12.068,0
08:27:53.785,69,133.0,1678.0,99.0,19.0,19.44,83.5,18.0,14.1,14.5,12.916144,74.8696772,-82.8,279.6,12.018,0
08:27:53.876,69,133.0,1678.0,99.0,19.0,19.44,83.5,18.0,14.1,14.5,12.916147,74.8696707,-82.2,279.9,11.966,0
08:27:53.965,69,133.0,1678.0,99.0,19.0,19.44,83.5,18.0,14.1,14.5,12.9161498,74.8696644,-81.6,280.1,11.916,0
08:27:54.055,69,127.0,1678.0,99.0,19.0,19.44,83.5,18.0,14.1,14.5,12.9161527,74.8696579,-81.0,280.3,11.865,0
08:27:54.146,69,127.0,1670.0,99.0,19.0,19.44,83.5,18.0,14.1,14.5,12.9161557,74.8696514,-80.4,280.5,11.814,0
08:27:54.236,69,127.0,1670.0,99.0,19.0,19.44,83.5,18.0,14.1,14.5,12.9161586,74.869645,-79.9,280.7,11.763,0
08:27:54.326,69,127.0,1670.0,99.0,18.0,19.44,83.5,18.0,14.1,14.5,12.9161615,74.8696385,-79.3,280.9,11.712,0
08:27:54.416,69,127.0,1670.0,99.0,18.0,19.88,83.5,18.0,14.1,14.5,12.9161644,74.8696321,-78.7,281.2,11.661,0
08:27:54.506,69,127.0,1670.0,99.0,18.0,19.88,83.5,18.0,14.1,14.5,12.9161673,74.8696256,-78.1,281.4,11.61,0
08:27:54.596,69,127.0,1670.0,99.0,18.0,19.88,83.5,18.0,14.1,14.5,12.9161702,74.8696192,-77.5,281.6,11.559,0
08:27:54.687,69,127.0,1670.0,99.0,18.0,19.88,83.5,18.0,14.1,14.5,12.9161731,74.8696127,-76.9,281.8,11.507,0
08:27:54.776,69,127.0,1670.0,99.0,18.0,19.88,83.5,18.0,14.1,14.5,12.916176,74.8696063,-76.3,282.0,11.457,0
08:27:54.866,69,127.0,1670.0,99.0,18.0,19.88,83.5,18.0,14.1,14.5,12.9161789,74.8695998,-75.7,282.3,11.406,0
08:27:54.956,69,115.0,1670.0,99.0,18.0,19.88,83.5,18.0,14.1,14.5,12.9161818,74.8695934,-75.1,282.5,11.355,0
08:27:55.046,69,115.0,1642.0,99.0,18.0,19.88,83.5,18.0,14.1,14.5,12.9161847,74.869587,-74.5,282.7,11.304,0
08:27:55.135,69,115.0,1642.0,97.0,18.0,19.88,83.5,18.0,14.1,14.5,12.9161876,74.8695806,-73.9,282.9,11.253,0
08:27:55.346,69,115.0,1642.0,97.0,18.0,19.88,83.5,18.0,14.1,14.5,12.9161944,74.8695655,-72.6,283.4,11.134,0
08:27:55.436,69,115.0,1642.0,97.0,18.0,19.88,83.5,18.0,14.1,14.5,12.9161973,74.869559,-72.0,283.6,11.083,0
08:27:55.526,69,115.0,1642.0,97.0,18.0,19.88,83.5,18.0,14.1,14.5,12.9162002,74.8695526,-71.4,283.9,11.032,0
08:27:55.676,70,115.0,1642.0,97.0,18.0,19.88,83.5,18.0,14.1,14.5,12.916205,74.8695419,-70.4,284.2,10.947,0
08:27:55.765,70,119.0,1642.0,97.0,18.0,19.88,83.5,18.0,14.1,14.5,12.9162079,74.8695355,-69.8,284.4,10.897,0
08:27:55.855,70,119.0,1613.0,97.0,18.0,19.88,83.5,18.0,14.1,14.5,12.9162108,74.869529,-69.2,284.6,10.846,0
08:27:55.946,70,119.0,1613.0,95.0,18.0,19.88,83.5,18.0,14.1,14.5,12.9162137,74.8695225,-68.6,284.9,10.794,0
08:27:56.036,70,119.0,1613.0,95.0,18.0,19.88,83.5,18.0,14.1,14.5,12.9162166,74.8695161,-68.0,285.1,10.743,0
08:27:56.125,70,119.0,1613.0,95.0,18.0,16.24,83.5,18.0,14.1,14.5,12.9162195,74.8695097,-67.4,285.3,10.693,0
08:27:56.216,70,119.0,1613.0,95.0,18.0,16.24,83.5,18.0,14.1,14.5,12.9162224,74.8695032,-66.8,285.5,10.641,0
08:27:56.306,70,119.0,1613.0,95.0,18.0,16.24,83.5,18.0,14.1,14.5,12.9162253,74.8694968,-66.3,285.7,10.59,0
08:27:56.396,70,119.0,1613.0,95.0,18.0,16.24,83.5,18.0,14.1,14.5,12.9162282,74.8694903,-65.7,286.0,10.539,0
08:27:56.486,70,119.0,1613.0,95.0,18.0,16.24,83.5,18.0,14.1,14.5,12.9162311,74.8694839,-65.1,286.2,10.488,0
08:27:56.576,70,119.0,1613.0,95.0,18.0,16.24,83.5,18.0,14.1,14.5,12.916234,74.8694774,-64.5,286.4,10.437,0
08:27:56.666,70,119.0,1613.0,95.0,18.0,16.24,83.5,18.0,14.1,14.5,12.9162369,74.869471,-63.9,286.6,10.386,0
08:27:56.756,70,119.0,1577.0,95.0,18.0,16.24,83.5,18.0,14.1,14.5,12.9162398,74.8694645,-63.3,286.8,10.335,0
08:27:56.846,70,119.0,1577.0,93.0,18.0,16.24,83.5,18.0,14.1,14.5,12.9162427,74.8694581,-62.7,287.0,10.284,0
08:27:56.936,70,119.0,1577.0,93.0,18.0,16.24,83.5,18.0,14.1,14.5,12.9162456,74.8694516,-62.1,287.3,10.233,0
08:27:57.026,70,119.0,1577.0,93.0,18.0,15.74,83.5,18.0,14.1,14.5,12.9162485,74.8694452,-61.5,287.5,10.182,0
08:27:57.115,70,119.0,1577.0,93.0,18.0,15.74,83.5,18.0,14.1,14.5,12.9162514,74.8694388,-60.9,287.7,10.132,0
08:27:57.206,70,119.0,1577.0,93.0,18.0,15.74,83.5,18.0,14.1,14.5,12.9162543,74.8694323,-60.3,287.9,10.08,0
08:27:57.296,70,119.0,1577.0,93.0,18.0,15.74,83.5,18.0,14.1,14.5,12.9162572,74.8694259,-59.7,288.1,10.029,0
08:27:57.446,70,119.0,1577.0,93.0,18.0,15.74,83.5,18.0,14.1,14.5,12.916262,74.8694151,-58.8,288.5,9.944,0
08:27:57.536,70,118.0,1577.0,93.0,18.0,15.74,83.5,18.0,14.1,14.5,12.9162649,74.8694087,-58.2,288.7,9.893,0
08:27:57.626,70,118.0,1547.0,93.0,18.0,15.74,83.5,18.0,14.1,14.5,12.9162678,74.8694023,-57.6,288.9,9.842,0
08:27:57.716,70,118.0,1547.0,91.0,18.0,15.74,83.5,18.0,14.1,14.5,12.9162707,74.8693958,-57.0,289.2,9.791,0
08:27:57.807,70,118.0,1547.0,91.0,18.0,15.74,83.5,18.0,14.1,14.5,12.9162737,74.8693893,-56.4,289.4,9.74,0
08:27:57.896,70,118.0,1547.0,91.0,18.0,15.19,83.5,18.0,14.1,14.5,12.9162765,74.8693829,-55.8,289.6,9.689,0
08:27:57.987,70,118.0,1547.0,91.0,18.0,15.19,83.5,18.0,14.1,14.5,12.9162795,74.8693764,-55.2,289.8,9.638,0
08:27:58.075,70,118.0,1547.0,91.0,18.0,15.19,83.5,18.0,14.1,14.5,12.9162823,74.8693701,-54.6,290.0,9.588,0
08:27:58.165,70,118.0,1547.0,91.0,18.0,15.19,83.5,18.0,14.1,14.5,12.9162852,74.8693637,-54.0,290.2,9.537,0
08:27:58.256,70,118.0,1547.0,91.0,18.0,15.19,83.5,18.0,14.1,14.5,12.9162882,74.8693571,-53.4,290.5,9.486,0
08:27:58.346,70,118.0,1547.0,91.0,18.0,15.19,83.5,18.0,14.1,14.5,12.9162911,74.8693507,-52.8,290.7,9.435,0
08:27:58.436,70,116.0,1547.0,91.0,18.0,15.19,83.5,18.0,14.1,14.5,12.916294,74.8693443,-52.3,290.9,9.384,0
08:27:58.526,70,116.0,1509.0,91.0,18.0,15.19,83.5,18.0,14.1,14.5,12.9162969,74.8693378,-51.7,291.1,9.333,0
08:27:58.616,70,116.0,1509.0,89.0,18.0,15.19,83.5,18.0,14.1,14.5,12.9162998,74.8693314,-51.1,291.3,9.282,0
08:27:58.706,70,116.0,1509.0,89.0,18.0,15.19,83.5,18.0,14.1,14.5,12.9163027,74.8693249,-50.5,291.6,9.231,0
08:27:58.796,70,116.0,1509.0,89.0,18.0,14.44,83.5,18.0,14.1,14.5,12.9163056,74.8693185,-49.9,291.8,9.18,0
08:27:58.886,70,116.0,1509.0,89.0,18.0,14.44,83.5,18.0,14.1,14.5,12.9163085,74.869312,-49.3,292.0,9.129,0
08:27:58.976,70,116.0,1509.0,89.0,18.0,14.44,83.5,18.0,14.1,14.5,12.9163114,74.8693056,-48.7,292.2,9.078,0
08:27:59.068,70,116.0,1509.0,89.0,18.0,14.44,83.5,18.0,14.1,14.5,12.9163143,74.869299,-48.1,292.4,9.026,0
08:27:59.155,70,116.0,1509.0,89.0,18.0,14.44,83.5,18.0,14.1,14.5,12.9163171,74.8692928,-47.5,292.6,8.976,0
08:27:59.246,70,116.0,1509.0,89.0,18.0,14.44,83.5,18.0,14.1,14.5,12.9163201,74.8692863,-46.9,292.9,8.925,0
08:27:59.336,70,113.0,1509.0,89.0,18.0,14.44,83.5,18.0,14.1,14.5,12.916323,74.8692798,-46.3,293.1,8.874,0
08:27:59.426,70,113.0,1494.0,89.0,18.0,14.44,83.5,18.0,14.1,14.5,12.9163259,74.8692734,-45.7,293.3,8.823,0
08:27:59.515,70,113.0,1494.0,88.0,18.0,14.44,83.5,18.0,14.1,14.5,12.9163287,74.869267,-45.2,293.5,8.772,0
08:27:59.606,70,113.0,1494.0,88.0,18.0,14.44,83.5,18.0,14.1,14.5,12.9163317,74.8692605,-44.6,293.7,8.721,0
08:27:59.696,70,113.0,1494.0,88.0,18.0,13.88,83.5,18.0,14.1,14.5,12.9163346,74.8692541,-44.0,293.9,8.67,0
08:27:59.786,70,113.0,1494.0,88.0,18.0,13.88,83.5,18.0,14.1,14.5,12.9163375,74.8692476,-43.4,294.2,8.619,0
08:27:59.876,70,113.0,1494.0,88.0,18.0,13.88,83.5,18.0,14.1,14.5,12.9163404,74.8692412,-42.8,294.4,8.568,0
08:27:59.966,70,113.0,1494.0,88.0,18.0,13.88,83.5,18.0,14.1,14.5,12.9163433,74.8692347,-42.2,294.6,8.517,0
08:28:00.056,70,113.0,1494.0,88.0,18.0,13.88,83.5,18.0,14.1,14.5,12.9163462,74.8692283,-41.6,294.8,8.466,0
08:28:00.146,70,113.0,1494.0,88.0,18.0,13.88,83.5,18.0,14.1,14.5,12.9163491,74.8692218,-41.0,295.0,8.415,0
08:28:00.236,70,116.0,1494.0,88.0,18.0,13.88,83.5,18.0,14.1,14.5,12.916352,74.8692154,-40.4,295.3,8.364,0
08:28:00.326,70,116.0,1478.0,88.0,18.0,13.88,83.5,18.0,14.1,14.5,12.9163549,74.8692089,-39.8,295.5,8.313,0
08:28:00.416,70,116.0,1478.0,87.0,18.0,13.88,83.5,18.0,14.1,14.5,12.9163578,74.8692025,-39.2,295.7,8.262,0
08:28:00.506,70,116.0,1478.0,87.0,18.0,13.88,83.5,18.0,14.1,14.5,12.9163607,74.8691961,-38.7,295.9,8.211,0
08:28:00.596,70,116.0,1478.0,87.0,18.0,15.88,83.5,18.0,14.1,14.5,12.9163636,74.8691896,-38.1,296.1,8.16,0
08:28:00.686,70,116.0,1478.0,87.0,18.0,15.88,83.5,18.0,14.1,14.5,12.9163665,74.8691832,-37.5,296.3,8.109,0
08:28:00.776,70,116.0,1478.0,87.0,18.0,15.88,83.5,18.0,14.1,14.5,12.9163694,74.8691767,-36.9,296.6,8.058,0
08:28:00.866,70,116.0,1478.0,87.0,18.0,15.88,83.5,18.0,14.1,14.5,12.9163723,74.8691703,-36.3,296.8,8.007,0
08:28:00.956,70,116.0,1478.0,87.0,18.0,15.88,83.5,18.0,14.1,14.5,12.9163752,74.8691638,-35.7,297.0,7.956,0
08:28:01.046,71,116.0,1478.0,87.0,18.0,15.88,83.5,18.0,14.1,14.5,12.9163781,74.8691574,-35.1,297.2,7.905,0
08:28:01.136,71,124.0,1478.0,87.0,18.0,15.88,83.5,18.0,14.1,14.5,12.916381,74.869151,-34.5,297.4,7.854,0
08:28:01.226,71,124.0,1469.0,87.0,18.0,15.88,83.5,18.0,14.1,14.5,12.9163839,74.8691445,-33.9,297.7,7.803,0
08:28:01.316,71,124.0,1469.0,87.0,18.0,15.88,83.5,18.0,14.1,14.5,12.9163868,74.8691381,-33.3,297.9,7.752,0
08:28:01.406,71,124.0,1469.0,87.0,19.0,15.88,83.5,18.0,14.1,14.5,12.9163897,74.8691316,-32.7,298.1,7.701,0
08:28:01.496,71,124.0,1469.0,87.0,19.0,16.44,83.5,18.0,14.1,14.5,12.9163926,74.8691252,-32.1,298.3,7.65,0
08:28:01.586,71,124.0,1469.0,87.0,19.0,16.44,83.5,18.0,14.1,14.5,12.9163955,74.8691187,-31.6,298.5,7.599,0
08:28:01.676,71,124.0,1469.0,87.0,19.0,16.44,83.5,18.0,14.1,14.5,12.9163984,74.8691123,-31.0,298.7,7.548,0
08:28:01.767,71,124.0,1469.0,87.0,19.0,16.44,83.5,18.0,14.1,14.5,12.9164013,74.8691058,-30.4,299.0,7.497,0
08:28:01.856,71,124.0,1469.0,87.0,19.0,16.44,83.5,18.0,14.1,14.5,12.9164042,74.8690994,-29.8,299.2,7.446,0
08:28:01.946,71,124.0,1469.0,87.0,19.0,16.44,83.5,18.0,14.1,14.5,12.9164071,74.869093,-29.2,299.4,7.395,0
08:28:02.036,71,125.0,1469.0,87.0,19.0,16.44,83.5,18.0,14.1,14.5,12.91641,74.8690865,-28.6,299.6,7.344,0
08:28:02.126,71,125.0,1466.0,87.0,19.0,16.44,83.5,18.0,14.1,14.5,12.9164129,74.8690801,-28.0,299.8,7.293,0
08:28:02.216,71,125.0,1466.0,87.0,19.0,16.44,83.5,18.0,14.1,14.5,12.9164158,74.8690736,-27.4,300.1,7.242,0
08:28:02.306,71,125.0,1466.0,87.0,19.0,16.44,83.5,18.0,14.1,14.5,12.9164187,74.8690672,-26.8,300.3,7.192,0
08:28:02.396,71,125.0,1466.0,87.0,19.0,16.69,83.5,18.0,14.1,14.5,12.9164216,74.8690607,-26.2,300.5,7.141,0
08:28:02.486,71,125.0,1466.0,87.0,19.0,16.69,83.5,18.0,14.1,14.5,12.9164245,74.8690543,-25.6,300.7,7.09,0
08:28:02.576,71,125.0,1466.0,87.0,19.0,16.69,83.5,18.0,14.1,14.5,12.9164274,74.8690479,-25.0,300.9,7.039,0
08:28:02.666,71,125.0,1466.0,87.0,19.0,16.69,83.5,18.0,14.1,14.5,12.9164303,74.8690414,-24.5,301.1,6.988,0
08:28:02.756,71,125.0,1466.0,87.0,19.0,16.69,83.5,18.0,14.1,14.5,12.9164332,74.869035,-23.9,301.4,6.937,0
08:28:02.846,71,125.0,1466.0,87.0,19.0,16.69,83.5,18.0,14.1,14.5,12.9164361,74.8690285,-23.3,301.6,6.886,0
08:28:02.936,71,126.0,1466.0,87.0,19.0,16.69,83.5,18.0,14.1,14.5,12.916439,74.8690221,-22.7,301.8,6.835,0
08:28:03.026,71,126.0,1460.0,87.0,19.0,16.69,83.5,18.0,14.1,14.5,12.9164419,74.8690156,-22.1,302.0,6.784,0
08:28:03.115,71,126.0,1460.0,86.0,19.0,16.69,83.5,18.0,14.1,14.5,12.9164448,74.8690093,-21.5,302.2,6.733,0
08:28:03.206,71,126.0,1460.0,86.0,19.0,16.69,83.5,18.0,14.1,14.5,12.9164477,74.8690028,-20.9,302.4,6.682,0
08:28:03.296,71,126.0,1460.0,86.0,19.0,16.99,83.5,18.0,14.1,14.5,12.9164506,74.8689963,-20.3,302.7,6.631,0
08:28:03.386,71,126.0,1460.0,86.0,19.0,16.99,83.5,18.0,14.1,14.5,12.9164535,74.8689899,-19.7,302.9,6.58,0
08:28:03.476,71,126.0,1460.0,86.0,19.0,16.99,83.5,18.0,14.1,14.5,12.9164564,74.8689834,-19.1,303.1,6.529,0
08:28:03.566,71,126.0,1460.0,86.0,19.0,16.99,83.5,18.0,14.1,14.5,12.9164593,74.868977,-18.5,303.3,6.478,0
08:28:03.656,71,126.0,1460.0,86.0,19.0,16.99,83.5,18.0,14.1,14.5,12.9164622,74.8689705,-18.0,303.5,6.427,0
08:28:03.746,71,126.0,1460.0,86.0,19.0,16.99,83.5,18.0,14.1,14.5,12.9164651,74.8689641,-17.4,303.8,6.376,0
08:28:03.836,71,128.0,1460.0,86.0,19.0,16.99,83.5,18.0,14.1,14.5,12.916468,74.8689577,-16.8,304.0,6.325,0
08:28:03.926,71,128.0,1462.0,86.0,19.0,16.99,83.5,18.0,14.1,14.5,12.9164709,74.8689512,-16.2,304.2,6.274,0
08:28:04.016,71,128.0,1462.0,87.0,19.0,16.99,83.5,18.0,14.1,14.5,12.9164738,74.8689448,-15.6,304.4,6.223,0
08:28:04.105,71,128.0,1462.0,87.0,19.0,16.99,83.5,18.0,14.1,14.5,12.9164767,74.8689384,-15.0,304.6,6.173,0
08:28:04.196,71,128.0,1462.0,87.0,19.0,16.33,83.5,18.0,14.1,14.5,12.9164796,74.8689319,-14.4,304.8,6.121,0
08:28:04.286,71,128.0,1462.0,87.0,19.0,16.33,83.5,18.0,14.1,14.5,12.9164825,74.8689254,-13.8,305.1,6.07,0
08:28:04.376,71,128.0,1462.0,87.0,19.0,16.33,83.5,18.0,14.1,14.5,12.9164854,74.868919,-13.2,305.3,6.019,0
08:28:04.466,71,128.0,1462.0,87.0,19.0,16.33,83.5,18.0,14.1,14.5,12.9164883,74.8689126,-12.6,305.5,5.968,0
08:28:04.556,71,128.0,1462.0,87.0,19.0,16.33,83.5,18.0,14.1,14.5,12.9164912,74.8689061,-12.0,305.7,5.917,0
08:28:04.646,71,128.0,1462.0,87.0,19.0,16.33,83.5,18.0,14.1,14.5,12.9164941,74.8688997,-11.4,305.9,5.866,0
08:28:04.736,71,119.0,1462.0,87.0,19.0,16.33,83.5,18.0,14.1,14.5,12.916497,74.8688932,-10.9,306.2,5.815,0
08:28:04.826,71,119.0,1456.0,87.0,19.0,16.33,83.5,18.0,14.1,14.5,12.9164999,74.8688868,-10.3,306.4,5.764,0
08:28:04.916,71,119.0,1456.0,86.0,19.0,16.33,83.5,18.0,14.1,14.5,12.9165028,74.8688803,-9.7,306.6,5.713,0
08:28:05.006,71,119.0,1456.0,86.0,19.0,16.33,83.5,18.0,14.1,14.5,12.9165057,74.8688739,-9.1,306.8,5.662,0
08:28:05.095,71,119.0,1456.0,86.0,19.0,14.55,83.5,18.0,14.1,14.5,12.9165086,74.8688675,-8.5,307.0,5.612,0
08:28:05.186,71,119.0,1456.0,86.0,19.0,14.55,83.5,18.0,14.1,14.5,12.9165115,74.868861,-7.9,307.2,5.56,0
08:28:05.276,71,119.0,1456.0,86.0,19.0,14.55,83.5,18.0,14.1,14.5,12.9165144,74.8688546,-7.3,307.5,5.509,0
08:28:05.366,71,119.0,1456.0,86.0,19.0,14.55,83.5,18.0,14.1,14.5,12.9165173,74.8688481,-6.7,307.7,5.458,0
08:28:05.456,71,119.0,1456.0,86.0,19.0,14.55,83.5,18.0,14.1,14.5,12.9165202,74.8688417,-6.1,307.9,5.407,0
08:28:05.546,71,119.0,1456.0,86.0,19.0,14.55,83.5,18.0,14.1,14.5,12.9165231,74.8688352,-5.5,308.1,5.356,0
08:28:05.636,71,111.0,1456.0,86.0,19.0,14.55,83.5,18.0,14.1,14.5,12.916526,74.8688288,-4.9,308.3,5.305,0
08:28:05.727,71,111.0,1439.0,86.0,19.0,14.55,83.5,18.0,14.1,14.5,12.916529,74.8688223,-4.3,308.6,5.254,0
08:28:05.816,71,111.0,1439.0,85.0,19.0,14.55,83.5,18.0,14.1,14.5,12.9165318,74.8688159,-3.8,308.8,5.203,0
08:28:05.906,71,111.0,1439.0,85.0,19.0,14.55,83.5,18.0,14.1,14.5,12.9165347,74.8688095,-3.2,309.0,5.152,0
08:28:05.996,71,111.0,1439.0,85.0,19.0,12.24,83.5,18.0,14.1,14.5,12.9165376,74.868803,-2.6,309.2,5.101,0
08:28:06.085,71,111.0,1439.0,85.0,19.0,12.24,83.5,18.0,14.1,14.5,12.9165405,74.8687966,-2.0,309.4,5.051,0
08:28:06.176,71,111.0,1439.0,85.0,19.0,12.24,83.5,18.0,14.1,14.5,12.9165434,74.8687901,-1.4,309.6,4.999,0
08:28:06.266,71,111.0,1439.0,85.0,19.0,12.24,83.5,18.0,14.1,14.5,12.9165463,74.8687837,-0.8,309.9,4.948,0
08:28:06.536,71,111.0,1429.0,85.0,19.0,12.24,83.5,18.0,14.1,14.5,12.916555,74.8687644,1.0,310.5,4.796,0
08:28:06.626,71,111.0,1429.0,84.0,19.0,12.24,83.5,18.0,14.1,14.5,12.9165579,74.8687579,1.6,310.7,4.745,0
08:28:06.716,71,111.0,1429.0,84.0,18.0,12.24,83.5,18.0,14.1,14.5,12.9165608,74.8687515,2.2,310.9,4.694,0
08:28:06.806,71,111.0,1429.0,84.0,18.0,12.94,83.5,18.0,14.1,14.5,12.9165637,74.868745,2.7,311.2,4.643,0
08:28:06.898,71,111.0,1429.0,84.0,18.0,12.94,83.5,18.0,14.1,14.5,12.9165667,74.8687384,3.4,311.4,4.59,0
08:28:06.986,71,111.0,1429.0,84.0,18.0,12.94,83.5,18.0,14.1,14.5,12.9165695,74.8687321,3.9,311.6,4.541,0
08:28:07.075,71,111.0,1429.0,84.0,18.0,12.94,83.5,18.0,14.1,14.5,12.9165724,74.8687258,4.5,311.8,4.49,0
08:28:07.226,72,111.0,1429.0,84.0,18.0,12.94,83.5,18.0,14.1,14.5,12.9165773,74.868715,5.5,312.2,4.405,0
08:28:07.316,72,111.0,1429.0,84.0,18.0,12.94,83.5,18.0,14.1,14.5,12.9165802,74.8687085,6.1,312.4,4.354,0
08:28:07.408,72,111.0,1404.0,84.0,18.0,12.94,83.5,18.0,14.1,14.5,12.9165831,74.8687019,6.7,312.6,4.302,0
08:28:07.496,72,111.0,1404.0,83.0,18.0,12.94,83.5,18.0,14.1,14.5,12.916586,74.8686956,7.3,312.8,4.252,0
08:28:07.586,72,111.0,1404.0,83.0,18.0,12.94,83.5,18.0,14.1,14.5,12.9165889,74.8686892,7.9,313.1,4.201,0
08:28:07.676,72,111.0,1404.0,83.0,18.0,13.63,83.5,18.0,14.1,14.5,12.9165923,74.8686874,8.1,313.4,4.227,0
08:28:07.766,72,111.0,1404.0,83.0,18.0,13.63,83.5,18.0,14.1,14.5,12.9165958,74.8686868,8.1,313.7,4.274,0
08:28:07.856,72,111.0,1404.0,83.0,18.0,13.63,83.5,18.0,14.1,14.5,12.9165993,74.8686862,8.2,314.0,4.321,0
08:28:07.946,72,111.0,1404.0,83.0,18.0,13.63,83.5,18.0,14.1,14.5,12.9166029,74.8686857,8.3,314.4,4.369,0
08:28:08.036,72,111.0,1404.0,83.0,18.0,13.63,83.5,18.0,14.1,14.5,12.9166064,74.8686851,8.4,314.7,4.416,0
08:28:08.126,72,111.0,1404.0,83.0,18.0,13.63,83.5,18.0,14.1,14.5,12.9166099,74.8686845,8.5,315.1,4.463,0
08:28:08.216,72,112.0,1404.0,83.0,18.0,13.63,83.5,18.0,14.1,14.5,12.9166135,74.8686839,8.6,315.4,4.51,0
08:28:08.306,72,112.0,1372.0,83.0,18.0,13.63,83.5,18.0,14.1,14.5,12.916617,74.8686834,8.6,315.7,4.557,0
08:28:08.396,72,112.0,1372.0,81.0,18.0,13.63,83.5,18.0,14.1,14.5,12.9166205,74.8686828,8.7,316.1,4.604,0
08:28:08.486,72,112.0,1372.0,81.0,18.0,13.63,83.5,18.0,14.1,14.5,12.9166241,74.8686822,8.8,316.4,4.652,0
08:28:08.576,72,112.0,1372.0,81.0,18.0,13.19,83.5,18.0,14.1,14.5,12.9166276,74.8686817,8.9,316.7,4.699,0
08:28:08.666,72,112.0,1372.0,81.0,18.0,13.19,83.5,18.0,14.1,14.5,12.9166311,74.8686811,9.0,317.1,4.746,0
08:28:08.756,72,112.0,1372.0,81.0,18.0,13.19,83.5,18.0,14.1,14.5,12.9166347,74.8686805,9.1,317.4,4.793,0
08:28:08.846,72,112.0,1372.0,81.0,18.0,13.19,83.5,18.0,14.1,14.5,12.9166382,74.8686799,9.1,317.8,4.84,0
08:28:08.936,72,112.0,1372.0,81.0,18.0,13.19,83.5,18.0,14.1,14.5,12.9166417,74.8686794,9.2,318.1,4.887,0
08:28:09.026,72,112.0,1372.0,81.0,18.0,13.19,83.5,18.0,14.1,14.5,12.9166453,74.8686788,9.3,318.4,4.934,0
08:28:09.115,72,112.0,1372.0,81.0,18.0,13.19,83.5,18.0,14.1,14.5,12.9166488,74.8686782,9.4,318.8,4.981,0
08:28:09.206,72,112.0,1330.0,81.0,18.0,13.19,83.5,18.0,14.1,14.5,12.9166523,74.8686777,9.5,319.1,5.029,0
08:28:09.296,72,112.0,1330.0,78.0,18.0,13.19,83.5,18.0,14.1,14.5,12.9166559,74.8686771,9.6,319.4,5.076,0
08:28:09.386,72,112.0,1330.0,78.0,18.0,13.19,83.5,18.0,14.1,14.5,12.9166594,74.8686765,9.6,319.8,5.123,0
08:28:09.567,72,112.0,1330.0,78.0,18.0,13.19,83.5,18.0,14.1,14.5,12.9166665,74.8686754,9.8,320.5,5.218,0
08:28:09.656,72,112.0,1330.0,78.0,18.0,13.19,83.5,18.0,14.1,14.5,12.91667,74.8686748,9.9,320.8,5.264,0
08:28:09.746,72,112.0,1330.0,78.0,18.0,13.19,83.5,18.0,14.1,14.5,12.9166735,74.8686742,10.0,321.1,5.312,0
08:28:09.836,72,112.0,1330.0,78.0,18.0,13.19,83.5,18.0,14.1,14.5,12.9166771,74.8686737,10.1,321.5,5.359,0
08:28:10.136,72,112.0,1330.0,76.0,18.0,13.19,83.5,18.0,14.1,14.5,12.9166888,74.8686717,10.3,322.6,5.516,0
08:28:10.226,72,112.0,1330.0,76.0,17.0,13.19,83.5,18.0,14.1,14.5,12.9166924,74.8686712,10.4,322.9,5.563,0
08:28:10.316,72,112.0,1330.0,76.0,17.0,8.16,83.5,18.0,14.1,14.5,12.9166959,74.8686706,10.5,323.3,5.61,0
08:28:10.406,72,112.0,1330.0,76.0,17.0,8.16,83.5,18.0,14.1,14.5,12.9166994,74.86867,10.6,323.6,5.657,0
08:28:10.496,72,112.0,1330.0,76.0,17.0,8.16,83.5,18.0,14.1,14.5,12.916703,74.8686695,10.7,324.0,5.704,0
08:28:10.706,72,112.0,1330.0,76.0,17.0,8.16,83.5,18.0,14.1,14.5,12.9167112,74.8686681,10.9,324.7,5.814,0
08:28:10.796,72,108.0,1330.0,76.0,17.0,8.16,83.5,18.0,14.1,14.5,12.9167147,74.8686676,10.9,325.1,5.862,0
08:28:10.886,72,108.0,900.0,76.0,17.0,8.16,83.5,18.0,14.1,14.5,12.9167183,74.868667,11.0,325.4,5.909,0
08:28:10.975,72,108.0,900.0,74.0,17.0,8.16,83.5,18.0,14.1,14.5,12.9167218,74.8686664,11.1,325.8,5.955,0
08:28:11.065,72,108.0,900.0,74.0,15.0,8.16,83.5,18.0,14.1,14.5,12.9167253,74.8686658,11.2,326.1,6.003,0
08:28:11.155,72,108.0,900.0,74.0,15.0,8.88,83.5,18.0,14.1,14.5,12.9167288,74.8686653,11.3,326.4,6.05,0
08:28:11.246,72,108.0,900.0,74.0,15.0,8.88,83.5,18.0,14.1,14.5,12.9167324,74.8686647,11.4,326.8,6.097,0
08:28:11.336,72,108.0,900.0,74.0,15.0,8.88,83.5,18.0,14.1,14.5,12.9167359,74.8686641,11.4,327.1,6.144,0
08:28:11.426,72,108.0,900.0,74.0,15.0,8.88,83.5,18.0,14.1,14.5,12.9167395,74.8686636,11.5,327.4,6.192,0
08:28:11.516,72,108.0,900.0,74.0,15.0,8.88,83.5,18.0,14.1,14.5,12.916743,74.868663,11.6,327.8,6.239,0
08:28:11.876,72,108.0,900.0,74.0,15.0,8.88,83.5,18.0,14.1,14.5,12.9167571,74.8686607,11.9,329.1,6.427,0
08:28:11.966,72,108.0,900.0,74.0,15.0,20.19,83.5,18.0,14.1,14.5,12.9167607,74.8686601,12.0,329.5,6.474,0
08:28:12.056,72,108.0,900.0,74.0,15.0,20.19,83.5,18.0,14.1,14.5,12.9167642,74.8686596,12.1,329.8,6.522,0
08:28:12.626,72,108.0,900.0,74.0,15.0,17.55,83.5,18.0,14.1,14.5,12.9167866,74.8686559,12.6,331.9,6.82,0
08:28:12.716,72,108.0,900.0,74.0,15.0,17.55,83.5,18.0,14.1,14.5,12.9167901,74.8686554,12.7,332.3,6.867,0
08:28:12.806,72,108.0,900.0,74.0,15.0,17.55,83.5,18.0,14.1,14.5,12.9167936,74.8686548,12.8,332.6,6.915,0
08:28:13.226,72,108.0,900.0,68.0,15.0,17.55,83.5,18.0,14.1,14.5,12.9168101,74.8686521,13.2,334.2,7.135,0
08:28:13.496,72,108.0,900.0,68.0,15.0,17.55,83.5,18.0,14.1,14.5,12.9168207,74.8686504,13.4,335.2,7.276,0
08:28:13.587,72,108.0,900.0,68.0,15.0,17.55,83.5,18.0,14.1,14.5,12.9168243,74.8686498,13.5,335.6,7.324,0
08:28:14.126,72,108.0,900.0,68.0,15.0,17.55,83.5,18.0,14.1,14.5,12.9168455,74.8686464,14.0,337.6,7.606,0
08:28:14.516,72,108.0,1720.0,68.0,15.0,17.55,83.5,18.0,14.1,14.5,12.9168608,74.8686439,14.4,339.0,7.81,0
08:28:14.666,72,108.0,1720.0,68.0,20.0,17.55,83.5,18.0,14.1,14.5,12.9168666,74.868643,14.5,339.6,7.889,0
08:28:14.756,72,108.0,1720.0,68.0,20.0,16.3,83.5,18.0,14.1,14.5,12.9168702,74.8686424,14.6,339.9,7.936,0
08:28:14.846,72,108.0,1720.0,68.0,20.0,16.3,83.5,18.0,14.1,14.5,12.9168737,74.8686418,14.7,340.3,7.983,0
08:28:14.936,72,108.0,1720.0,68.0,20.0,16.3,83.5,18.0,14.1,14.5,12.9168772,74.8686413,14.8,340.6,8.03,0
08:28:15.026,72,108.0,1720.0,68.0,20.0,16.3,83.5,18.0,14.1,14.5,12.9168808,74.8686407,14.9,341.0,8.077,0
08:28:15.116,72,108.0,1720.0,68.0,20.0,16.3,83.5,18.0,14.1,14.5,12.9168843,74.8686401,14.9,341.3,8.125,0
08:28:15.206,73,108.0,1720.0,68.0,20.0,16.3,83.5,18.0,14.1,14.5,12.9168878,74.8686395,15.0,341.6,8.172,0
08:28:15.296,73,112.0,1720.0,68.0,20.0,16.3,83.5,18.0,14.1,14.5,12.9168914,74.868639,15.1,342.0,8.219,0
08:28:15.388,73,112.0,1718.0,68.0,20.0,16.3,83.5,18.0,14.1,14.5,12.916895,74.8686384,15.2,342.3,8.267,0
08:28:15.477,73,112.0,1718.0,67.0,20.0,16.3,83.5,18.0,14.1,14.5,12.9168985,74.8686378,15.3,342.7,8.314,0
08:28:15.566,73,112.0,1718.0,67.0,20.0,16.3,83.5,18.0,14.1,14.5,12.916902,74.8686373,15.3,343.0,8.36,0
08:28:15.655,73,112.0,1718.0,67.0,20.0,16.72,83.5,18.0,14.1,14.5,12.9169055,74.8686367,15.4,343.3,8.407,0
08:28:15.806,73,112.0,1718.0,67.0,20.0,16.72,83.5,18.0,14.1,14.5,12.9169114,74.8686357,15.6,343.9,8.486,0
08:28:15.896,73,112.0,1718.0,67.0,20.0,16.72,83.5,18.0,14.1,14.5,12.9169149,74.8686352,15.7,344.2,8.533,0
08:28:15.986,73,112.0,1718.0,67.0,20.0,16.72,83.5,18.0,14.1,14.5,12.9169185,74.8686346,15.7,344.6,8.58,0
08:28:16.076,73,112.0,1718.0,67.0,20.0,16.72,83.5,18.0,14.1,14.5,12.916922,74.868634,15.8,344.9,8.628,0
08:28:16.165,73,112.0,1718.0,67.0,20.0,16.72,83.5,18.0,14.1,14.5,12.9169255,74.8686335,15.9,345.2,8.674,0
08:28:16.256,73,117.0,1718.0,67.0,20.0,16.72,83.5,18.0,14.1,14.5,12.9169291,74.8686329,16.0,345.6,8.722,0
08:28:16.346,73,117.0,1711.0,67.0,20.0,16.72,83.5,18.0,14.1,14.5,12.9169326,74.8686323,16.1,345.9,8.769,0
08:28:16.436,73,117.0,1711.0,67.0,20.0,16.72,83.5,18.0,14.1,14.5,12.9169361,74.8686317,16.2,346.3,8.816,0
08:28:16.526,73,117.0,1711.0,67.0,20.0,16.72,83.5,18.0,14.1,14.5,12.9169397,74.8686312,16.2,346.6,8.863,0
08:28:16.616,73,117.0,1711.0,67.0,20.0,16.22,83.5,18.0,14.1,14.5,12.9169432,74.8686306,16.3,346.9,8.91,0
08:28:16.706,73,117.0,1711.0,67.0,20.0,16.22,83.5,18.0,14.1,14.5,12.9169467,74.86863,16.4,347.3,8.958,0
08:28:16.796,73,117.0,1711.0,67.0,20.0,16.22,83.5,18.0,14.1,14.5,12.9169503,74.8686294,16.5,347.6,9.005,0
08:28:16.886,73,117.0,1711.0,67.0,20.0,16.22,83.5,18.0,14.1,14.5,12.9169538,74.8686289,16.6,347.9,9.052,0
08:28:16.976,73,117.0,1711.0,67.0,20.0,16.22,83.5,18.0,14.1,14.5,12.9169573,74.8686283,16.7,348.3,9.099,0
08:28:17.066,73,117.0,1711.0,67.0,20.0,16.22,83.5,18.0,14.1,14.5,12.9169609,74.8686277,16.7,348.6,9.146,0
08:28:17.156,73,119.0,1711.0,67.0,20.0,16.22,83.5,18.0,14.1,14.5,12.9169644,74.8686272,16.8,349.0,9.193,0
08:28:17.246,73,119.0,1710.0,67.0,20.0,16.22,83.5,18.0,14.1,14.5,12.9169679,74.8686266,16.9,349.3,9.24,0
08:28:17.336,73,119.0,1710.0,67.0,20.0,16.22,83.5,18.0,14.1,14.5,12.9169715,74.868626,17.0,349.6,9.288,0
08:28:17.426,73,119.0,1710.0,67.0,20.0,16.22,83.5,18.0,14.1,14.5,12.916975,74.8686254,17.1,350.0,9.335,0
08:28:17.516,73,119.0,1710.0,67.0,20.0,16.72,83.5,18.0,14.1,14.5,12.9169785,74.8686249,17.1,350.3,9.382,0
08:28:17.606,73,119.0,1710.0,67.0,20.0,16.72,83.5,18.0,14.1,14.5,12.9169821,74.8686243,17.2,350.6,9.429,0
08:28:17.696,73,119.0,1710.0,67.0,20.0,16.72,83.5,18.0,14.1,14.5,12.9169856,74.8686237,17.3,351.0,9.476,0
08:28:17.786,73,119.0,1710.0,67.0,20.0,16.72,83.5,18.0,14.1,14.5,12.9169891,74.8686232,17.4,351.3,9.523,0
08:28:17.876,73,119.0,1710.0,67.0,20.0,16.72,83.5,18.0,14.1,14.5,12.9169927,74.8686226,17.5,351.7,9.57,0
08:28:17.966,73,119.0,1710.0,67.0,20.0,16.72,83.5,18.0,14.1,14.5,12.9169962,74.868622,17.6,352.0,9.618,0
08:28:18.058,73,120.0,1710.0,67.0,20.0,16.72,83.5,18.0,14.1,14.5,12.9169998,74.8686214,17.6,352.3,9.666,0
08:28:18.145,73,120.0,1710.0,67.0,20.0,16.72,83.5,18.0,14.1,14.5,12.9170032,74.8686209,17.7,352.7,9.711,0
08:28:18.267,73,120.0,1710.0,67.0,20.0,16.72,83.5,18.0,14.1,14.5,12.917008,74.8686201,17.8,353.1,9.775,0
08:28:18.356,73,120.0,1710.0,67.0,20.0,16.72,83.5,18.0,14.1,14.5,12.9170115,74.8686195,17.9,353.5,9.822,0
08:28:18.446,73,120.0,1710.0,67.0,20.0,16.86,83.5,18.0,14.1,14.5,12.917015,74.868619,18.0,353.8,9.869,0
08:28:18.536,73,120.0,1710.0,67.0,20.0,16.86,83.5,18.0,14.1,14.5,12.9170186,74.8686184,18.1,354.1,9.916,0
08:28:18.626,73,120.0,1710.0,67.0,20.0,16.86,83.5,18.0,14.1,14.5,12.9170221,74.8686178,18.2,354.5,9.963,0
08:28:18.716,73,120.0,1710.0,67.0,20.0,16.86,83.5,18.0,14.1,14.5,12.9170256,74.8686173,18.3,354.8,10.01,0
08:28:18.807,73,120.0,1710.0,67.0,20.0,16.86,83.5,18.0,14.1,14.5,12.9170292,74.8686167,18.3,355.2,10.058,0
08:28:18.896,73,120.0,1710.0,67.0,20.0,16.86,83.5,18.0,14.1,14.5,12.9170327,74.8686161,18.4,355.5,10.105,0
08:28:18.985,73,120.0,1710.0,67.0,20.0,16.86,83.5,18.0,14.1,14.5,12.9170362,74.8686155,18.5,355.8,10.151,0
08:28:19.076,73,120.0,1711.0,67.0,20.0,16.86,83.5,18.0,14.1,14.5,12.9170398,74.868615,18.6,356.2,10.199,0
08:28:19.166,73,120.0,1711.0,67.0,20.0,16.86,83.5,18.0,14.1,14.5,12.9170433,74.8686144,18.7,356.5,10.246,0
08:28:19.256,73,120.0,1711.0,67.0,20.0,16.86,83.5,18.0,14.1,14.5,12.9170468,74.8686138,18.8,356.8,10.293,0
08:28:19.346,73,120.0,1711.0,67.0,20.0,16.91,83.5,18.0,14.1,14.5,12.9170504,74.8686133,18.8,357.2,10.34,0
08:28:19.436,73,120.0,1711.0,67.0,20.0,16.91,83.5,18.0,14.1,14.5,12.9170539,74.8686127,18.9,357.5,10.388,0
08:28:19.527,73,120.0,1711.0,67.0,20.0,16.91,83.5,18.0,14.1,14.5,12.9170575,74.8686121,19.0,357.9,10.435,0
08:28:19.616,73,120.0,1711.0,67.0,20.0,16.91,83.5,18.0,14.1,14.5,12.917061,74.8686115,19.1,358.2,10.482,0
08:28:19.706,73,120.0,1711.0,67.0,20.0,16.91,83.5,18.0,14.1,14.5,12.9170645,74.868611,19.2,358.5,10.529,0
08:28:19.796,73,120.0,1711.0,67.0,20.0,16.91,83.5,18.0,14.1,14.5,12.917068,74.8686104,19.3,358.9,10.576,0
08:28:19.886,73,120.0,1711.0,67.0,20.0,16.91,83.5,18.0,14.1,14.5,12.9170715,74.8686098,19.3,359.2,10.623,0
08:28:19.976,73,120.0,1712.0,67.0,20.0,16.91,83.5,18.0,14.1,14.5,12.9170751,74.8686093,19.4,359.5,10.671,0
08:28:20.066,73,120.0,1712.0,67.0,20.0,16.91,83.5,18.0,14.1,14.5,12.9170786,74.8686087,19.5,359.9,10.718,0
08:28:20.156,73,120.0,1712.0,67.0,20.0,16.91,83.5,18.0,14.1,14.5,12.9170821,74.8686081,19.6,0.2,10.765,0
08:28:20.246,73,120.0,1712.0,67.0,20.0,16.91,83.5,18.0,14.1,14.5,12.9170857,74.8686075,19.7,0.6,10.812,0
08:28:20.336,73,120.0,1712.0,67.0,20.0,16.91,83.5,18.0,14.1,14.5,12.9170892,74.868607,19.8,0.9,10.859,0
08:28:20.426,73,120.0,1712.0,67.0,20.0,16.91,83.5,18.0,14.1,14.5,12.9170927,74.8686064,19.8,1.2,10.906,0
08:28:20.516,73,120.0,1712.0,67.0,20.0,16.91,83.5,18.0,14.1,14.5,12.9170963,74.8686058,19.9,1.6,10.953,0
08:28:20.606,73,120.0,1712.0,67.0,20.0,16.91,83.5,18.0,14.1,14.1,12.9170999,74.8686053,20.0,1.9,11.0,0
08:28:20.696,73,120.0,1712.0,67.0,20.0,16.91,83.5,18.0,14.1,14.1,12.9171085,74.8686049,19.7,1.9,10.969,0
08:28:20.787,73,120.0,1712.0,67.0,20.0,16.91,83.5,18.0,14.1,14.1,12.9171172,74.8686046,19.5,1.9,10.937,0
08:28:20.876,73,120.0,1716.0,67.0,20.0,16.91,83.5,18.0,14.1,14.1,12.9171257,74.8686043,19.2,2.0,10.907,0
08:28:20.966,73,120.0,1716.0,67.0,20.0,16.91,83.5,18.0,14.1,14.1,12.9171343,74.868604,18.9,2.0,10.876,0
08:28:21.056,73,120.0,1716.0,67.0,20.0,16.91,83.5,18.0,14.1,14.1,12.917143,74.8686037,18.6,2.0,10.845,0
08:28:21.146,73,120.0,1716.0,67.0,20.0,17.16,83.5,18.0,14.1,14.1,12.9171516,74.8686033,18.4,2.0,10.814,0
08:28:21.266,73,120.0,1716.0,67.0,20.0,17.16,83.5,18.0,14.1,14.1,12.9171631,74.8686029,18.0,2.0,10.772,0
08:28:21.356,73,120.0,1716.0,67.0,20.0,17.16,83.5,18.0,14.1,14.1,12.9171717,74.8686026,17.7,2.1,10.741,0
08:28:21.446,73,120.0,1716.0,67.0,20.0,17.16,83.5,18.0,14.1,14.1,12.9171803,74.8686023,17.5,2.1,10.71,0
08:28:21.543,73,120.0,1716.0,67.0,20.0,17.16,83.5,18.0,14.1,14.5,12.9171896,74.8686019,17.2,2.1,10.677,0
08:28:21.626,73,120.0,1716.0,67.0,20.0,17.16,83.5,18.0,14.1,14.5,12.9171976,74.8686016,16.9,2.1,10.648,0
08:28:21.716,73,120.0,1716.0,67.0,20.0,17.16,83.5,18.0,14.1,14.5,12.9172062,74.8686013,16.7,2.1,10.617,0
08:28:21.806,73,120.0,1716.0,67.0,20.0,17.16,83.5,18.0,14.1,14.5,12.9172148,74.868601,16.4,2.1,10.586,0
08:28:21.896,73,120.0,1716.0,67.0,20.0,17.16,83.5,18.0,14.1,14.5,12.9172234,74.8686007,16.1,2.2,10.555,0
08:28:21.986,73,120.0,1716.0,67.0,20.0,17.16,83.5,18.0,14.1,14.5,12.917232,74.8686004,15.9,2.2,10.524,0
08:28:22.077,73,120.0,1716.0,67.0,20.0,17.19,83.5,18.0,14.1,14.5,12.9172407,74.8686,15.6,2.2,10.493,0
08:28:22.166,73,120.0,1716.0,67.0,20.0,17.19,83.5,18.0,14.1,14.5,12.9172493,74.8685997,15.3,2.2,10.462,0
08:28:22.256,73,120.0,1716.0,67.0,20.0,17.19,83.5,18.0,14.1,14.5,12.9172579,74.8685994,15.0,2.2,10.431,0
08:28:22.346,73,120.0,1716.0,67.0,20.0,17.19,83.5,18.0,14.1,14.5,12.9172665,74.8685991,14.8,2.2,10.4,0
08:28:22.436,73,120.0,1716.0,67.0,20.0,17.19,83.5,18.0,14.1,14.5,12.9172751,74.8685988,14.5,2.3,10.369,0
08:28:22.527,73,120.0,1716.0,67.0,20.0,17.19,83.5,18.0,14.1,14.5,12.9172838,74.8685985,14.2,2.3,10.338,0
08:28:22.616,73,120.0,1716.0,67.0,20.0,17.19,83.5,18.0,14.1,14.5,12.9172924,74.8685981,14.0,2.3,10.307,0
08:28:22.707,73,120.0,1719.0,67.0,20.0,17.19,83.5,18.0,14.1,14.5,12.9173011,74.8685978,13.7,2.3,10.276,0
08:28:22.796,73,120.0,1719.0,67.0,20.0,17.19,83.5,18.0,14.1,14.5,12.9173096,74.8685975,13.4,2.3,10.245,0
08:28:22.886,73,120.0,1719.0,67.0,20.0,17.19,83.5,18.0,14.1,14.5,12.9173182,74.8685972,13.2,2.4,10.214,0
08:28:22.979,73,120.0,1719.0,67.0,20.0,17.13,83.5,18.0,14.1,14.5,12.9173271,74.8685969,12.9,2.4,10.182,0
08:28:23.067,73,120.0,1719.0,67.0,20.0,17.13,83.5,18.0,14.1,14.5,12.9173356,74.8685965,12.6,2.4,10.152,0
08:28:23.156,73,120.0,1719.0,67.0,20.0,17.13,83.5,18.0,14.1,14.5,12.9173441,74.8685962,12.3,2.4,10.121,0
08:28:23.246,73,120.0,1719.0,67.0,20.0,17.13,83.5,18.0,14.1,14.5,12.9173527,74.8685959,12.1,2.4,10.09,0
08:28:23.336,73,120.0,1719.0,67.0,20.0,17.13,83.5,18.0,14.1,14.5,12.9173613,74.8685956,11.8,2.4,10.059,0
08:28:23.427,73,120.0,1719.0,67.0,20.0,17.13,83.5,18.0,14.1,14.5,12.91737,74.8685953,11.5,2.5,10.027,0
08:28:23.516,73,121.0,1719.0,67.0,20.0,17.13,83.5,18.0,14.1,14.5,12.9173786,74.868595,11.3,2.5,9.997,0
08:28:23.606,73,121.0,1718.0,67.0,20.0,17.13,83.5,18.0,14.1,14.5,12.9173872,74.8685946,11.0,2.5,9.966,0
08:28:23.696,73,121.0,1718.0,67.0,20.0,17.13,83.5,18.0,14.1,14.5,12.9173958,74.8685943,10.7,2.5,9.935,0
08:28:23.876,73,121.0,1718.0,67.0,20.0,17.3,83.5,18.0,14.1,14.5,12.917413,74.8685937,10.2,2.6,9.873,0
08:28:23.966,73,121.0,1718.0,67.0,20.0,17.3,83.5,18.0,14.1,14.5,12.9174217,74.8685934,9.9,2.6,9.842,0
08:28:24.056,73,121.0,1718.0,67.0,20.0,17.3,83.5,18.0,14.1,14.5,12.9174303,74.868593,9.6,2.6,9.811,0
08:28:24.146,73,121.0,1718.0,67.0,20.0,17.3,83.5,18.0,14.1,14.5,12.9174389,74.8685927,9.4,2.6,9.78,0
08:28:24.266,73,121.0,1718.0,67.0,20.0,17.3,83.5,18.0,14.1,14.5,12.9174504,74.8685923,9.0,2.6,9.738,0
08:28:24.356,73,121.0,1718.0,67.0,20.0,17.3,83.5,18.0,14.1,14.5,12.917459,74.868592,8.7,2.7,9.707,0
08:28:24.446,73,121.0,1718.0,67.0,20.0,17.3,83.5,18.0,14.1,14.5,12.9174676,74.8685917,8.5,2.7,9.676,0
08:28:24.536,73,121.0,1718.0,67.0,20.0,17.3,83.5,18.0,14.1,14.5,12.9174762,74.8685913,8.2,2.7,9.645,0
08:28:24.627,73,121.0,1718.0,67.0,20.0,17.3,83.5,18.0,14.1,14.5,12.917485,74.868591,7.9,2.7,9.614,0
08:28:24.716,73,121.0,1718.0,67.0,20.0,17.3,83.5,18.0,14.1,14.5,12.9174935,74.8685907,7.7,2.7,9.583,0
08:28:24.806,73,121.0,1718.0,67.0,20.0,17.33,83.5,18.0,14.1,14.5,12.9175021,74.8685904,7.4,2.7,9.552,0
08:28:24.926,73,121.0,1718.0,67.0,20.0,17.33,83.5,18.0,14.1,14.5,12.9175136,74.86859,7.0,2.8,9.511,0
08:28:25.016,73,121.0,1718.0,67.0,20.0,17.33,83.5,18.0,14.1,14.5,12.9175222,74.8685896,6.8,2.8,9.48,0
08:28:25.105,73,121.0,1718.0,67.0,20.0,17.33,83.5,18.0,14.1,14.5,12.9175307,74.8685893,6.5,2.8,9.449,0
08:28:25.196,73,121.0,1718.0,67.0,20.0,17.33,83.5,18.0,14.1,14.5,12.9175395,74.868589,6.2,2.8,9.418,0
08:28:25.316,73,121.0,1718.0,67.0,20.0,17.33,83.5,18.0,14.1,14.5,12.9175509,74.8685886,5.9,2.8,9.377,0
08:28:25.406,73,116.0,1718.0,67.0,20.0,17.33,83.5,18.0,14.1,14.5,12.9175596,74.8685883,5.6,2.9,9.346,0
08:28:25.496,73,116.0,1701.0,67.0,20.0,17.33,83.5,18.0,14.1,14.5,12.9175682,74.8685879,5.3,2.9,9.314,0
08:28:25.586,73,116.0,1701.0,66.0,20.0,17.33,83.5,18.0,14.1,14.5,12.9175768,74.8685876,5.1,2.9,9.283,0
08:28:25.706,73,116.0,1701.0,66.0,20.0,17.33,83.5,18.0,14.1,14.5,12.9175883,74.8685872,4.7,2.9,9.242,0
08:28:25.798,73,116.0,1701.0,66.0,20.0,16.55,83.5,18.0,14.1,14.5,12.9175971,74.8685869,4.4,2.9,9.21,0
08:28:25.886,73,116.0,1701.0,66.0,20.0,16.55,83.5,18.0,14.1,14.5,12.9176055,74.8685866,4.2,3.0,9.18,0
08:28:25.976,73,116.0,1701.0,66.0,20.0,16.55,83.5,18.0,14.1,14.5,12.9176142,74.8685862,3.9,3.0,9.149,0
08:28:26.066,73,116.0,1701.0,66.0,20.0,16.55,83.5,18.0,14.1,14.5,12.9176228,74.8685859,3.6,3.0,9.118,0
08:28:26.156,73,116.0,1701.0,66.0,20.0,16.55,83.5,18.0,14.1,14.5,12.9176314,74.8685856,3.3,3.0,9.087,0
08:28:26.246,73,116.0,1701.0,66.0,20.0,16.55,83.5,18.0,14.1,14.5,12.91764,74.8685853,3.1,3.0,9.056,0
08:28:26.336,73,117.0,1701.0,66.0,20.0,16.55,83.5,18.0,14.1,14.5,12.9176486,74.868585,2.8,3.0,9.025,0
08:28:26.426,73,117.0,1671.0,66.0,20.0,16.55,83.5,18.0,14.1,14.5,12.9176572,74.8685847,2.5,3.1,8.994,0
08:28:26.516,73,117.0,1671.0,65.0,20.0,16.55,83.5,18.0,14.1,14.5,12.9176659,74.8685843,2.3,3.1,8.963,0
08:28:26.606,73,117.0,1671.0,65.0,19.0,16.55,83.5,18.0,14.1,14.5,12.9176745,74.868584,2.0,3.1,8.932,0
08:28:26.696,73,117.0,1671.0,65.0,19.0,16.52,83.5,18.0,14.1,14.5,12.9176831,74.8685837,1.7,3.1,8.901,0
08:28:26.786,73,117.0,1671.0,65.0,19.0,16.52,83.5,18.0,14.1,14.5,12.9176917,74.8685834,1.5,3.1,8.87,0
08:28:26.877,73,117.0,1671.0,65.0,19.0,16.52,83.5,18.0,14.1,14.5,12.9177004,74.8685831,1.2,3.2,8.839,0
08:28:26.966,73,117.0,1671.0,65.0,19.0,16.52,83.5,18.0,14.1,14.5,12.917709,74.8685827,0.9,3.2,8.808,0
08:28:27.056,73,117.0,1671.0,65.0,19.0,16.52,83.5,18.0,14.1,14.5,12.9177176,74.8685824,0.6,3.2,8.777,0
08:28:27.146,73,117.0,1671.0,65.0,19.0,16.52,83.5,18.0,14.1,14.5,12.9177262,74.8685821,0.4,3.2,8.746,0
08:28:27.236,73,118.0,1671.0,65.0,19.0,16.52,83.5,18.0,14.1,14.5,12.9177348,74.8685818,0.1,3.2,8.715,0
08:28:27.326,73,118.0,1633.0,65.0,19.0,16.52,83.5,18.0,14.1,14.5,12.9177434,74.8685815,-0.2,3.2,8.684,0
08:28:27.416,73,118.0,1633.0,63.0,19.0,16.52,83.5,18.0,14.1,14.5,12.9177521,74.8685811,-0.4,3.3,8.653,0
08:28:27.506,73,118.0,1633.0,63.0,19.0,16.52,83.5,18.0,14.1,14.5,12.9177607,74.8685808,-0.7,3.3,8.622,0
08:28:27.596,73,118.0,1633.0,63.0,19.0,16.33,83.5,18.0,14.1,14.5,12.9177693,74.8685805,-1.0,3.3,8.591,0
08:28:27.686,73,118.0,1633.0,63.0,19.0,16.33,83.5,18.0,14.1,14.5,12.9177779,74.8685802,-1.2,3.3,8.56,0
08:28:27.776,73,118.0,1633.0,63.0,19.0,16.33,83.5,18.0,14.1,14.5,12.9177865,74.8685799,-1.5,3.3,8.529,0
08:28:27.866,73,118.0,1633.0,63.0,19.0,16.33,83.5,18.0,14.1,14.5,12.9177952,74.8685796,-1.8,3.4,8.498,0
08:28:27.956,73,118.0,1633.0,63.0,19.0,16.33,83.5,18.0,14.1,14.5,12.9178038,74.8685792,-2.1,3.4,8.467,0
08:28:28.046,73,118.0,1633.0,63.0,19.0,16.33,83.5,18.0,14.1,14.5,12.9178124,74.8685789,-2.3,3.4,8.436,0
08:28:28.136,73,117.0,1633.0,63.0,19.0,16.33,83.5,18.0,14.1,14.5,12.917821,74.8685786,-2.6,3.4,8.405,0
08:28:28.226,73,117.0,1597.0,63.0,19.0,16.33,83.5,18.0,14.1,14.5,12.9178296,74.8685783,-2.9,3.4,8.374,0
08:28:28.316,73,117.0,1597.0,62.0,19.0,16.33,83.5,18.0,14.1,14.5,12.9178383,74.868578,-3.1,3.4,8.343,0
08:28:28.406,73,117.0,1597.0,62.0,19.0,16.33,83.5,18.0,14.1,14.5,12.9178469,74.8685776,-3.4,3.5,8.312,0
08:28:28.496,73,117.0,1597.0,62.0,19.0,15.55,83.5,18.0,14.1,14.5,12.9178555,74.8685773,-3.7,3.5,8.281,0
08:28:28.586,73,117.0,1597.0,62.0,19.0,15.55,83.5,18.0,14.1,14.5,12.9178641,74.868577,-3.9,3.5,8.25,0
08:28:28.676,73,117.0,1597.0,62.0,19.0,15.55,83.5,18.0,14.1,14.5,12.9178727,74.8685767,-4.2,3.5,8.219,0
08:28:28.767,73,117.0,1597.0,62.0,19.0,15.55,83.5,18.0,14.1,14.5,12.9178814,74.8685764,-4.5,3.5,8.187,0
08:28:28.856,73,117.0,1597.0,62.0,19.0,15.55,83.5,18.0,14.1,14.5,12.91789,74.8685761,-4.8,3.6,8.157,0
08:28:28.946,74,117.0,1597.0,62.0,19.0,15.55,83.5,18.0,14.1,14.5,12.9178986,74.8685757,-5.0,3.6,8.126,0
08:28:29.037,74,116.0,1597.0,62.0,19.0,15.55,83.5,18.0,14.1,14.5,12.9179073,74.8685754,-5.3,3.6,8.094,0
08:28:29.126,74,116.0,1560.0,62.0,19.0,15.55,83.5,18.0,14.1,14.5,12.9179158,74.8685751,-5.6,3.6,8.064,0
08:28:29.217,74,116.0,1560.0,61.0,19.0,15.55,83.5,18.0,14.1,14.5,12.9179245,74.8685748,-5.8,3.6,8.032,0
08:28:29.306,74,116.0,1560.0,61.0,19.0,15.55,83.5,18.0,14.1,14.5,12.9179331,74.8685745,-6.1,3.6,8.002,0
08:28:29.396,74,116.0,1560.0,61.0,19.0,15.11,83.5,18.0,14.1,14.5,12.9179417,74.8685741,-6.4,3.7,7.97,0
08:28:29.486,74,116.0,1560.0,61.0,19.0,15.11,83.5,18.0,14.1,14.5,12.9179503,74.8685738,-6.6,3.7,7.939,0
08:28:29.576,74,116.0,1560.0,61.0,19.0,15.11,83.5,18.0,14.1,14.5,12.9179589,74.8685735,-6.9,3.7,7.908,0
08:28:29.666,74,116.0,1560.0,61.0,19.0,15.11,83.5,18.0,14.1,14.5,12.9179675,74.8685732,-7.2,3.7,7.877,0
08:28:29.756,74,116.0,1560.0,61.0,19.0,15.11,83.5,18.0,14.1,14.5,12.9179762,74.8685729,-7.5,3.7,7.846,0
08:28:29.846,74,116.0,1560.0,61.0,19.0,15.11,83.5,18.0,14.1,14.5,12.9179848,74.8685725,-7.7,3.7,7.815,0
08:28:29.936,74,115.0,1560.0,61.0,19.0,15.11,83.5,18.0,14.1,14.5,12.9179934,74.8685722,-8.0,3.8,7.784,0
08:28:30.027,74,115.0,1530.0,61.0,19.0,15.11,83.5,18.0,14.1,14.5,12.9180021,74.8685719,-8.3,3.8,7.753,0
08:28:30.115,74,115.0,1530.0,59.0,19.0,15.11,83.5,18.0,14.1,14.5,12.9180105,74.8685716,-8.5,3.8,7.723,0
08:28:30.205,74,115.0,1530.0,59.0,19.0,15.11,83.5,18.0,14.1,14.5,12.9180192,74.8685713,-8.8,3.8,7.692,0
08:28:30.296,74,115.0,1530.0,59.0,19.0,14.99,83.5,18.0,14.1,14.5,12.9180279,74.868571,-9.1,3.8,7.66,0
08:28:30.386,74,115.0,1530.0,59.0,19.0,14.99,83.5,18.0,14.1,14.5,12.9180365,74.8685706,-9.3,3.9,7.629,0
08:28:30.476,74,115.0,1530.0,59.0,19.0,14.99,83.5,18.0,14.1,14.5,12.9180451,74.8685703,-9.6,3.9,7.598,0
08:28:30.566,74,115.0,1530.0,59.0,19.0,14.99,83.5,18.0,14.1,14.5,12.9180537,74.86857,-9.9,3.9,7.567,0
08:28:30.656,74,115.0,1530.0,59.0,19.0,14.99,83.5,18.0,14.1,14.5,12.9180624,74.8685697,-10.2,3.9,7.536,0
08:28:30.776,74,115.0,1530.0,59.0,19.0,14.99,83.5,18.0,14.1,14.5,12.9180738,74.8685693,-10.5,3.9,7.495,0
08:28:30.866,74,111.0,1530.0,59.0,19.0,14.99,83.5,18.0,14.1,14.5,12.9180825,74.8685689,-10.8,4.0,7.464,0
08:28:30.957,74,111.0,1510.0,59.0,19.0,14.99,83.5,18.0,14.1,14.5,12.9180912,74.8685686,-11.1,4.0,7.433,0
08:28:31.052,74,111.0,1510.0,59.0,19.0,14.99,83.5,18.0,14.1,14.5,12.9181003,74.8685683,-11.3,4.0,7.4,0
08:28:31.166,74,111.0,1510.0,59.0,19.0,14.99,83.5,18.0,14.1,14.5,12.9181112,74.8685679,-11.7,4.0,7.361,0
08:28:31.256,74,111.0,1510.0,59.0,19.0,13.49,83.5,18.0,14.1,14.5,12.9181198,74.8685676,-12.0,4.0,7.33,0
08:28:31.346,74,111.0,1510.0,59.0,19.0,13.49,83.5,18.0,14.1,14.5,12.9181284,74.8685672,-12.2,4.0,7.298,0
08:28:31.437,74,111.0,1510.0,59.0,19.0,13.49,83.5,18.0,14.1,14.5,12.9181371,74.8685669,-12.5,4.1,7.267,0
08:28:31.526,74,111.0,1510.0,59.0,19.0,13.49,83.5,18.0,14.1,14.5,12.9181457,74.8685666,-12.8,4.1,7.236,0
08:28:31.616,74,111.0,1510.0,59.0,19.0,13.49,83.5,18.0,14.1,14.5,12.9181543,74.8685663,-13.0,4.1,7.205,0
08:28:31.706,74,111.0,1510.0,59.0,19.0,13.49,83.5,18.0,14.1,14.5,12.9181629,74.868566,-13.3,4.1,7.174,0
08:28:31.796,74,107.0,1510.0,59.0,19.0,13.49,83.5,18.0,14.1,14.5,12.9181715,74.8685656,-13.6,4.1,7.143,0
08:28:31.887,74,107.0,1493.0,59.0,19.0,13.49,83.5,18.0,14.1,14.5,12.9181802,74.8685653,-13.8,4.2,7.112,0
08:28:31.976,74,107.0,1493.0,58.0,19.0,13.49,83.5,18.0,14.1,14.5,12.9181888,74.868565,-14.1,4.2,7.081,0
08:28:32.087,74,107.0,1493.0,58.0,19.0,13.49,83.5,18.0,14.1,14.5,12.9181994,74.8685646,-14.4,4.2,7.043,0
08:28:32.185,74,107.0,1493.0,58.0,19.0,13.38,83.5,18.0,14.1,14.5,12.9182088,74.8685643,-14.7,4.2,7.009,0
08:28:32.276,74,107.0,1493.0,58.0,19.0,13.38,83.5,18.0,14.1,14.5,12.9182175,74.8685639,-15.0,4.2,6.978,0
08:28:32.367,74,107.0,1493.0,58.0,19.0,13.38,83.5,18.0,14.1,14.5,12.9182262,74.8685636,-15.3,4.3,6.947,0
08:28:32.456,74,107.0,1493.0,58.0,19.0,13.38,83.5,18.0,14.1,14.5,12.9182347,74.8685633,-15.6,4.3,6.916,0
08:28:32.546,74,107.0,1493.0,58.0,19.0,13.38,83.5,18.0,14.1,14.5,12.9182434,74.868563,-15.8,4.3,6.885,0
08:28:32.636,74,107.0,1493.0,58.0,19.0,13.38,83.5,18.0,14.1,14.5,12.918252,74.8685627,-16.1,4.3,6.854,0
08:28:32.726,74,110.0,1493.0,58.0,19.0,13.38,83.5,18.0,14.1,14.5,12.9182606,74.8685624,-16.4,4.3,6.823,0
08:28:32.816,74,110.0,1484.0,58.0,19.0,13.38,83.5,18.0,14.1,14.5,12.9182692,74.868562,-16.6,4.3,6.792,0
08:28:32.906,74,110.0,1484.0,58.0,19.0,13.38,83.5,18.0,14.1,14.5,12.9182778,74.8685617,-16.9,4.4,6.761,0
08:28:32.998,74,110.0,1484.0,58.0,19.0,13.38,83.5,18.0,14.1,14.5,12.9182866,74.8685614,-17.2,4.4,6.729,0
08:28:33.086,74,110.0,1484.0,58.0,19.0,13.47,83.5,18.0,14.1,14.5,12.9182951,74.8685611,-17.4,4.4,6.699,0
08:28:33.176,74,110.0,1484.0,58.0,19.0,13.47,83.5,18.0,14.1,14.5,12.9183037,74.8685608,-17.7,4.4,6.668,0
08:28:33.266,74,110.0,1484.0,58.0,19.0,13.47,83.5,18.0,14.1,14.5,12.9183123,74.8685604,-18.0,4.4,6.637,0
08:28:33.356,74,110.0,1484.0,58.0,19.0,13.47,83.5,18.0,14.1,14.5,12.9183209,74.8685601,-18.3,4.5,6.606,0
08:28:33.446,74,110.0,1484.0,58.0,19.0,13.47,83.5,18.0,14.1,14.5,12.9183296,74.8685598,-18.5,4.5,6.575,0
08:28:33.536,74,110.0,1484.0,58.0,19.0,13.47,83.5,18.0,14.1,14.5,12.9183382,74.8685595,-18.8,4.5,6.544,0
08:28:33.626,74,113.0,1484.0,58.0,19.0,13.47,83.5,18.0,14.1,14.5,12.9183454,74.8685589,-19.0,4.5,6.509,0
08:28:33.716,74,113.0,1476.0,58.0,19.0,13.47,83.5,18.0,14.1,14.5,12.9183479,74.8685573,-19.0,4.5,6.463,0
08:28:33.806,74,113.0,1476.0,57.0,19.0,13.47,83.5,18.0,14.1,14.5,12.9183505,74.8685557,-18.9,4.4,6.416,0
08:28:33.897,74,113.0,1476.0,57.0,19.0,13.47,83.5,18.0,14.1,14.5,12.9183531,74.8685541,-18.9,4.4,6.369,0
08:28:33.986,74,113.0,1476.0,57.0,19.0,13.99,83.5,18.0,14.1,14.5,12.9183556,74.8685525,-18.9,4.4,6.323,0
08:28:34.075,74,113.0,1476.0,57.0,19.0,13.99,83.5,18.0,14.1,14.5,12.9183581,74.8685509,-18.8,4.3,6.277,0
08:28:34.165,74,113.0,1476.0,57.0,19.0,13.99,83.5,18.0,14.1,14.5,12.9183607,74.8685493,-18.8,4.3,6.231,0
08:28:34.256,74,113.0,1476.0,57.0,19.0,13.99,83.5,18.0,14.1,14.5,12.9183633,74.8685477,-18.8,4.3,6.184,0
08:28:34.346,74,113.0,1476.0,57.0,19.0,13.99,83.5,18.0,14.1,14.5,12.9183658,74.8685461,-18.7,4.2,6.137,0
08:28:34.436,74,113.0,1476.0,57.0,19.0,13.99,83.5,18.0,14.1,14.5,12.9183684,74.8685445,-18.7,4.2,6.091,0
08:28:34.527,74,114.0,1476.0,57.0,19.0,13.99,83.5,18.0,14.1,14.5,12.918371,74.8685429,-18.7,4.2,6.044,0
08:28:34.616,74,114.0,1470.0,57.0,19.0,13.99,83.5,18.0,14.1,14.5,12.9183735,74.8685414,-18.6,4.1,5.998,0
08:28:34.706,74,114.0,1470.0,57.0,19.0,13.99,83.5,18.0,14.1,14.5,12.918376,74.8685398,-18.6,4.1,5.951,0
08:28:34.796,74,114.0,1470.0,57.0,19.0,13.99,83.5,18.0,14.1,14.5,12.9183786,74.8685382,-18.6,4.1,5.905,0
08:28:34.886,74,114.0,1470.0,57.0,19.0,14.44,83.5,18.0,14.1,14.5,12.9183812,74.8685366,-18.6,4.0,5.858,0
08:28:34.977,74,114.0,1470.0,57.0,19.0,14.44,83.5,18.0,14.1,14.5,12.9183837,74.868535,-18.5,4.0,5.811,0
08:28:35.066,74,114.0,1470.0,57.0,19.0,14.44,83.5,18.0,14.1,14.5,12.9183863,74.8685334,-18.5,4.0,5.765,0
08:28:35.155,74,114.0,1470.0,57.0,19.0,14.44,83.5,18.0,14.1,14.5,12.9183888,74.8685318,-18.5,3.9,5.72,0
08:28:35.246,74,114.0,1470.0,57.0,19.0,14.44,83.5,18.0,14.1,14.5,12.9183914,74.8685302,-18.4,3.9,5.673,0
08:28:35.336,74,114.0,1470.0,57.0,19.0,14.44,83.5,18.0,14.1,14.5,12.9183939,74.8685286,-18.4,3.9,5.626,0
08:28:35.426,74,116.0,1470.0,57.0,19.0,14.44,83.5,18.0,14.1,14.5,12.9183965,74.868527,-18.4,3.9,5.58,0
08:28:35.516,74,116.0,1459.0,57.0,19.0,14.44,83.5,18.0,14.1,14.5,12.918399,74.8685254,-18.3,3.8,5.533,0
08:28:35.606,74,116.0,1459.0,57.0,19.0,14.44,83.5,18.0,14.1,14.5,12.9184016,74.8685238,-18.3,3.8,5.487,0
08:28:35.696,74,116.0,1459.0,57.0,19.0,14.44,83.5,18.0,14.1,14.5,12.9184042,74.8685223,-18.3,3.8,5.44,0
08:28:35.817,74,116.0,1459.0,57.0,19.0,14.36,83.5,18.0,14.1,14.5,12.9184076,74.8685201,-18.2,3.7,5.378,0
08:28:35.906,74,116.0,1459.0,57.0,19.0,14.36,83.5,18.0,14.1,14.5,12.9184101,74.8685185,-18.2,3.7,5.332,0
08:28:35.996,74,116.0,1459.0,57.0,19.0,14.36,83.5,18.0,14.1,14.5,12.9184127,74.8685169,-18.2,3.6,5.285,0
08:28:36.087,74,116.0,1459.0,57.0,19.0,14.36,83.5,18.0,14.1,14.5,12.9184153,74.8685153,-18.1,3.6,5.238,0
08:28:36.176,74,116.0,1459.0,57.0,19.0,14.36,83.5,18.0,14.1,14.5,12.9184178,74.8685138,-18.1,3.6,5.192,0
08:28:36.266,74,116.0,1459.0,57.0,19.0,14.36,83.5,18.0,14.1,14.5,12.9184203,74.8685122,-18.1,3.6,5.146,0
08:28:36.356,74,118.0,1459.0,57.0,19.0,14.36,83.5,18.0,14.1,14.5,12.9184229,74.8685106,-18.0,3.5,5.099,0
08:28:36.446,74,118.0,1452.0,57.0,19.0,14.36,83.5,18.0,14.1,14.5,12.9184255,74.868509,-18.0,3.5,5.053,0
08:28:36.537,74,118.0,1452.0,56.0,19.0,14.36,83.5,18.0,14.1,14.5,12.918428,74.8685074,-18.0,3.5,5.006,0
08:28:36.627,74,118.0,1452.0,56.0,19.0,14.36,83.5,18.0,14.1,14.5,12.9184306,74.8685058,-17.9,3.4,4.959,0
08:28:36.716,74,118.0,1452.0,56.0,19.0,15.8,83.5,18.0,14.1,14.5,12.9184331,74.8685042,-17.9,3.4,4.913,0
08:28:36.807,74,118.0,1452.0,56.0,19.0,15.8,83.5,18.0,14.1,14.5,12.9184357,74.8685026,-17.9,3.4,4.866,0
08:28:36.896,74,118.0,1452.0,56.0,19.0,15.8,83.5,18.0,14.1,14.5,12.9184382,74.868501,-17.9,3.3,4.82,0
08:28:36.986,74,118.0,1452.0,56.0,19.0,15.8,83.5,18.0,14.1,14.5,12.9184408,74.8684994,-17.8,3.3,4.774,0
08:28:37.077,74,118.0,1452.0,56.0,19.0,15.8,83.5,18.0,14.1,14.5,12.9184434,74.8684978,-17.8,3.3,4.727,0
08:28:37.166,74,118.0,1452.0,56.0,19.0,15.8,83.5,18.0,14.1,14.5,12.9184459,74.8684962,-17.8,3.2,4.681,0
08:28:37.256,74,121.0,1452.0,56.0,19.0,15.8,83.5,18.0,14.1,14.5,12.9184485,74.8684947,-17.7,3.2,4.634,0
08:28:37.346,74,121.0,1446.0,56.0,19.0,15.8,83.5,18.0,14.1,14.5,12.918451,74.8684931,-17.7,3.2,4.588,0
08:28:37.436,74,121.0,1446.0,56.0,19.0,15.8,83.5,18.0,14.1,14.5,12.9184536,74.8684915,-17.7,3.1,4.542,0
08:28:37.555,74,121.0,1446.0,56.0,19.0,15.8,83.5,18.0,14.1,14.5,12.9184569,74.8684894,-17.6,3.1,4.48,0
08:28:37.645,74,121.0,1446.0,56.0,19.0,16.24,83.5,18.0,14.1,14.5,12.9184595,74.8684878,-17.6,3.1,4.434,0
08:28:37.735,74,121.0,1446.0,56.0,19.0,16.24,83.5,18.0,14.1,14.5,12.9184621,74.8684862,-17.6,3.0,4.387,0
08:28:37.825,74,121.0,1446.0,56.0,19.0,16.24,83.5,18.0,14.1,14.5,12.9184646,74.8684846,-17.5,3.0,4.341,0
08:28:37.915,74,121.0,1446.0,56.0,19.0,16.24,83.5,18.0,14.1,14.5,12.9184672,74.868483,-17.5,3.0,4.294,0
08:28:38.005,74,121.0,1446.0,56.0,19.0,16.24,83.5,18.0,14.1,14.5,12.9184697,74.8684814,-17.5,2.9,4.248,0
08:28:38.095,74,121.0,1446.0,56.0,19.0,16.24,83.5,18.0,14.1,14.5,12.9184723,74.8684798,-17.4,2.9,4.201,0
08:28:38.185,74,125.0,1446.0,56.0,19.0,16.24,83.5,18.0,14.1,14.5,12.9184748,74.8684782,-17.4,2.9,4.155,0
08:28:38.275,74,125.0,1446.0,56.0,19.0,16.24,83.5,18.0,14.1,14.5,12.9184774,74.8684766,-17.4,2.8,4.108,0
08:28:38.365,74,125.0,1446.0,56.0,19.0,16.24,83.5,18.0,14.1,14.5,12.91848,74.868475,-17.3,2.8,4.062,0
08:28:38.455,74,125.0,1446.0,56.0,20.0,16.24,83.5,18.0,14.1,14.5,12.9184825,74.8684734,-17.3,2.8,4.015,0
08:28:38.545,74,125.0,1446.0,56.0,20.0,17.08,83.5,18.0,14.1,14.5,12.9184851,74.8684719,-17.3,2.7,3.969,0
08:28:38.635,74,125.0,1446.0,56.0,20.0,17.08,83.5,18.0,14.1,14.5,12.9184876,74.8684703,-17.2,2.7,3.922,0
08:28:38.725,74,125.0,1446.0,56.0,20.0,17.08,83.5,18.0,14.1,14.5,12.9184902,74.8684687,-17.2,2.7,3.876,0
08:28:38.815,74,125.0,1446.0,56.0,20.0,17.08,83.5,18.0,14.1,14.5,12.9184927,74.8684671,-17.2,2.6,3.829,0
08:28:38.905,74,125.0,1446.0,56.0,20.0,17.08,83.5,18.0,14.1,14.5,12.9184953,74.8684655,-17.2,2.6,3.783,0
08:28:38.995,74,125.0,1446.0,56.0,20.0,17.08,83.5,18.0,14.1,14.5,12.9184978,74.8684639,-17.1,2.6,3.736,0
08:28:39.085,74,126.0,1446.0,56.0,20.0,17.08,83.5,18.0,14.1,14.5,12.9185004,74.8684623,-17.1,2.5,3.69,0
08:28:39.175,74,126.0,1446.0,56.0,20.0,17.08,83.5,18.0,14.1,14.5,12.918503,74.8684607,-17.1,2.5,3.643,0
08:28:39.265,74,126.0,1446.0,56.0,20.0,17.08,83.5,18.0,14.1,14.5,12.9185055,74.8684591,-17.0,2.5,3.597,0
08:28:39.355,74,126.0,1446.0,56.0,20.0,17.08,83.5,18.0,14.1,14.5,12.9185081,74.8684575,-17.0,2.5,3.55,0
08:28:39.445,74,126.0,1446.0,56.0,20.0,17.24,83.5,18.0,14.1,14.5,12.9185106,74.8684559,-17.0,2.4,3.504,0
08:28:39.535,74,126.0,1446.0,56.0,20.0,17.24,83.5,18.0,14.1,14.5,12.9185132,74.8684543,-16.9,2.4,3.458,0
08:28:39.625,74,126.0,1446.0,56.0,20.0,17.24,83.5,18.0,14.1,14.5,12.9185157,74.8684527,-16.9,2.4,3.411,0
08:28:39.715,74,126.0,1446.0,56.0,20.0,17.24,83.5,18.0,14.1,14.5,12.9185183,74.8684512,-16.9,2.3,3.365,0
08:28:39.805,74,126.0,1446.0,56.0,20.0,17.24,83.5,18.0,14.1,14.5,12.9185208,74.8684496,-16.8,2.3,3.318,0
08:28:39.895,74,126.0,1446.0,56.0,20.0,17.24,83.5,18.0,14.1,14.5,12.9185234,74.868448,-16.8,2.3,3.272,0
08:28:39.985,74,126.0,1446.0,56.0,20.0,17.24,83.5,18.0,14.1,14.5,12.918526,74.8684464,-16.8,2.2,3.225,0
08:28:40.075,74,126.0,1450.0,56.0,20.0,17.24,83.5,18.0,14.1,14.5,12.9185285,74.8684448,-16.7,2.2,3.179,0
08:28:40.165,74,126.0,1450.0,56.0,20.0,17.24,83.5,18.0,14.1,14.5,12.9185311,74.8684432,-16.7,2.2,3.132,0
08:28:40.255,74,126.0,1450.0,56.0,20.0,17.24,83.5,18.0,14.1,14.5,12.9185336,74.8684416,-16.7,2.1,3.086,0
08:28:40.345,74,126.0,1450.0,56.0,20.0,17.33,83.5,18.0,14.1,14.5,12.9185362,74.86844,-16.7,2.1,3.039,0
08:28:40.435,74,126.0,1450.0,56.0,20.0,17.33,83.5,18.0,14.1,14.5,12.9185387,74.8684384,-16.6,2.1,2.993,0
08:28:40.525,74,126.0,1450.0,56.0,20.0,17.33,83.5,18.0,14.1,14.5,12.9185413,74.8684368,-16.6,2.0,2.946,0
08:28:40.615,74,126.0,1450.0,56.0,20.0,17.33,83.5,18.0,14.1,14.5,12.9185438,74.8684352,-16.6,2.0,2.9,0
08:28:40.735,74,126.0,1450.0,56.0,20.0,17.33,83.5,18.0,14.1,14.5,12.9185473,74.8684331,-16.5,2.0,2.838,0
08:28:40.826,74,126.0,1450.0,56.0,20.0,17.33,83.5,18.0,14.1,14.5,12.9185498,74.8684315,-16.5,1.9,2.791,0
08:28:40.915,74,126.0,1450.0,56.0,20.0,17.33,83.5,18.0,14.1,14.5,12.9185524,74.8684299,-16.5,1.9,2.745,0
08:28:41.005,74,126.0,1453.0,56.0,20.0,17.33,83.5,18.0,14.1,14.5,12.9185549,74.8684283,-16.4,1.9,2.698,0
08:28:41.095,74,126.0,1453.0,57.0,20.0,17.33,83.5,18.0,14.1,14.5,12.9185575,74.8684267,-16.4,1.8,2.652,0
08:28:41.185,74,126.0,1453.0,57.0,20.0,17.33,83.5,18.0,14.1,14.5,12.91856,74.8684251,-16.4,1.8,2.605,0
08:28:41.275,74,126.0,1453.0,57.0,20.0,17.05,83.5,18.0,14.1,14.5,12.9185626,74.8684236,-16.3,1.8,2.559,0
08:28:41.365,74,126.0,1453.0,57.0,20.0,17.05,83.5,18.0,14.1,14.5,12.9185651,74.868422,-16.3,1.7,2.512,0
08:28:41.455,74,126.0,1453.0,57.0,20.0,17.05,83.5,18.0,14.1,14.5,12.9185677,74.8684204,-16.3,1.7,2.466,0
08:28:41.545,74,126.0,1453.0,57.0,20.0,17.05,83.5,18.0,14.1,14.5,12.9185703,74.8684188,-16.2,1.7,2.42,0
08:28:41.635,74,126.0,1453.0,57.0,20.0,17.05,83.5,18.0,14.1,14.5,12.9185728,74.8684172,-16.2,1.6,2.373,0
08:28:41.725,74,126.0,1453.0,57.0,20.0,17.05,83.5,18.0,14.1,14.5,12.9185754,74.8684156,-16.2,1.6,2.327,0
08:28:41.815,74,126.0,1453.0,57.0,20.0,17.05,83.5,18.0,14.1,14.5,12.9185779,74.868414,-16.1,1.6,2.28,0
08:28:41.905,74,126.0,1461.0,57.0,20.0,17.05,83.5,18.0,14.1,14.5,12.9185805,74.8684124,-16.1,1.5,2.234,0
08:28:41.995,74,126.0,1461.0,57.0,20.0,17.05,83.5,18.0,14.1,14.5,12.918583,74.8684108,-16.1,1.5,2.187,0
08:28:42.085,74,126.0,1461.0,57.0,20.0,17.05,83.5,18.0,14.1,14.5,12.9185856,74.8684092,-16.0,1.5,2.141,0
08:28:42.175,74,126.0,1461.0,57.0,20.0,16.99,83.5,18.0,14.1,14.5,12.9185881,74.8684076,-16.0,1.4,2.094,0
08:28:42.265,74,126.0,1461.0,57.0,20.0,16.99,83.5,18.0,14.1,14.5,12.9185907,74.868406,-16.0,1.4,2.048,0
08:28:42.355,74,126.0,1461.0,57.0,20.0,16.99,83.5,18.0,14.1,14.5,12.9185933,74.8684045,-16.0,1.4,2.001,0
08:28:42.445,74,126.0,1461.0,57.0,20.0,16.99,83.5,18.0,14.1,14.5,12.9185958,74.8684029,-15.9,1.3,1.955,0
08:28:42.536,74,126.0,1461.0,57.0,20.0,16.99,83.5,18.0,14.1,14.5,12.9185984,74.8684012,-15.9,1.3,1.908,0
08:28:42.625,74,126.0,1461.0,57.0,20.0,16.99,83.5,18.0,14.1,14.5,12.9186009,74.8683997,-15.9,1.3,1.862,0
08:28:42.716,74,125.0,1461.0,57.0,20.0,16.99,83.5,18.0,14.1,14.5,12.9186035,74.8683981,-15.8,1.3,1.815,0
08:28:42.806,74,125.0,1464.0,57.0,20.0,16.99,83.5,18.0,14.1,14.5,12.9186061,74.8683965,-15.8,1.2,1.768,0
08:28:42.895,74,125.0,1464.0,57.0,20.0,16.99,83.5,18.0,14.1,14.5,12.9186086,74.8683949,-15.8,1.2,1.722,0
08:28:42.986,74,125.0,1464.0,57.0,19.0,16.99,83.5,18.0,14.1,14.5,12.9186112,74.8683933,-15.7,1.2,1.675,0
08:28:43.075,74,125.0,1464.0,57.0,19.0,17.02,83.5,18.0,14.1,14.5,12.9186137,74.8683917,-15.7,1.1,1.629,0
08:28:43.165,74,125.0,1464.0,57.0,19.0,17.02,83.5,18.0,14.1,14.5,12.9186163,74.8683901,-15.7,1.1,1.583,0
08:28:43.255,74,125.0,1464.0,57.0,19.0,17.02,83.5,18.0,14.1,14.5,12.9186188,74.8683885,-15.6,1.1,1.536,0
08:28:43.345,74,125.0,1464.0,57.0,19.0,17.02,83.5,18.0,14.1,14.5,12.9186214,74.8683869,-15.6,1.0,1.49,0
08:28:43.436,74,125.0,1464.0,57.0,19.0,17.02,83.5,18.0,14.1,14.5,12.918624,74.8683853,-15.6,1.0,1.443,0
08:28:43.527,74,125.0,1464.0,57.0,19.0,17.02,83.5,18.0,14.1,14.5,12.9186265,74.8683837,-15.5,1.0,1.396,0
08:28:43.616,74,124.0,1464.0,57.0,19.0,17.02,83.5,18.0,14.1,14.5,12.9186291,74.8683821,-15.5,0.9,1.35,0
08:28:43.706,74,124.0,1472.0,57.0,19.0,17.02,83.5,18.0,14.1,14.5,12.9186316,74.8683806,-15.5,0.9,1.303,0
08:28:43.796,74,124.0,1472.0,57.0,19.0,17.02,83.5,18.0,14.1,14.5,12.9186342,74.868379,-15.4,0.9,1.257,0
08:28:43.885,74,124.0,1472.0,57.0,19.0,17.02,83.5,18.0,14.1,14.5,12.9186367,74.8683774,-15.4,0.8,1.211,0
08:28:43.975,74,124.0,1472.0,57.0,19.0,16.97,83.5,18.0,14.1,14.5,12.9186393,74.8683758,-15.4,0.8,1.165,0
08:28:44.065,74,124.0,1472.0,57.0,19.0,16.97,83.5,18.0,14.1,14.5,12.9186418,74.8683742,-15.4,0.8,1.118,0
08:28:44.156,74,124.0,1472.0,57.0,19.0,16.97,83.5,18.0,14.1,14.5,12.9186444,74.8683726,-15.3,0.7,1.071,0
08:28:44.246,74,124.0,1472.0,57.0,19.0,16.97,83.5,18.0,14.1,14.5,12.918647,74.868371,-15.3,0.7,1.025,0
08:28:44.336,74,124.0,1472.0,57.0,19.0,16.97,83.5,18.0,14.1,14.5,12.9186495,74.8683694,-15.3,0.7,0.978,0
08:28:44.426,75,124.0,1472.0,57.0,19.0,16.97,83.5,18.0,14.1,14.5,12.9186521,74.8683678,-15.2,0.6,0.932,0
08:28:44.516,75,123.0,1472.0,57.0,19.0,16.97,83.5,18.0,14.1,14.5,12.9186546,74.8683662,-15.2,0.6,0.885,0
08:28:44.606,75,123.0,1480.0,57.0,19.0,16.97,83.5,18.0,14.1,14.5,12.9186572,74.8683646,-15.2,0.6,0.839,0
08:28:44.696,75,123.0,1480.0,58.0,19.0,16.97,83.5,18.0,14.1,14.5,12.9186597,74.868363,-15.1,0.5,0.792,0
08:28:44.786,75,123.0,1480.0,58.0,19.0,16.97,83.5,18.0,14.1,14.5,12.9186623,74.8683614,-15.1,0.5,0.746,0
08:28:44.876,75,123.0,1480.0,58.0,19.0,16.47,83.5,18.0,14.1,14.5,12.9186648,74.8683599,-15.1,0.5,0.699,0
08:28:44.967,75,123.0,1480.0,58.0,19.0,16.47,83.5,18.0,14.1,14.5,12.9186674,74.8683582,-15.0,0.5,0.652,0
08:28:45.055,75,123.0,1480.0,58.0,19.0,16.47,83.5,18.0,14.1,14.5,12.9186699,74.8683567,-15.0,0.4,0.607,0
08:28:45.146,75,123.0,1480.0,58.0,19.0,16.47,83.5,18.0,14.1,14.5,12.9186725,74.8683551,-15.0,0.4,0.56,0
08:28:45.236,75,123.0,1480.0,58.0,19.0,16.47,83.5,18.0,14.1,14.5,12.9186751,74.8683535,-14.9,0.4,0.513,0
08:28:45.326,75,123.0,1480.0,58.0,19.0,16.47,83.5,18.0,14.1,14.5,12.9186776,74.8683519,-14.9,0.3,0.467,0
08:28:45.416,75,121.0,1480.0,58.0,19.0,16.47,83.5,18.0,14.1,14.5,12.9186802,74.8683503,-14.9,0.3,0.42,0
08:28:45.506,75,121.0,1484.0,58.0,19.0,16.47,83.5,18.0,14.1,14.5,12.9186827,74.8683487,-14.9,0.3,0.374,0
08:28:45.596,75,121.0,1484.0,58.0,19.0,16.47,83.5,18.0,14.1,14.5,12.9186853,74.8683471,-14.8,0.2,0.327,0
08:28:45.716,75,121.0,1484.0,58.0,19.0,16.47,83.5,18.0,14.1,14.5,12.9186887,74.868345,-14.8,0.2,0.265,0
08:28:45.807,75,121.0,1484.0,58.0,19.0,16.13,83.5,18.0,14.1,14.5,12.9186913,74.8683434,-14.7,0.2,0.218,0
08:28:45.897,75,121.0,1484.0,58.0,19.0,16.13,83.5,18.0,14.1,14.5,12.9186938,74.8683418,-14.7,0.1,0.172,0
08:28:45.986,75,121.0,1484.0,58.0,19.0,16.13,83.5,18.0,14.1,14.5,12.9186964,74.8683402,-14.7,0.1,0.126,0
08:28:46.076,75,121.0,1484.0,58.0,19.0,16.13,83.5,18.0,14.1,14.5,12.9186989,74.8683386,-14.7,0.1,0.08,0
08:28:46.166,75,121.0,1484.0,58.0,19.0,16.13,83.5,18.0,14.1,14.1,12.9187015,74.868337,-14.6,0.0,0.033,0
08:28:46.256,75,121.0,1484.0,58.0,19.0,16.13,83.5,18.0,14.1,14.1,12.9187046,74.8683331,-14.6,359.9,0.02,0
08:28:46.347,75,120.0,1484.0,58.0,19.0,16.13,83.5,18.0,14.1,14.1,12.918709,74.8683231,-14.5,359.5,0.091,0
08:28:46.437,75,120.0,1492.0,58.0,19.0,16.13,83.5,18.0,14.1,14.1,12.9187134,74.8683133,-14.4,359.2,0.161,0
08:28:46.527,75,120.0,1492.0,58.0,19.0,16.13,83.5,18.0,14.1,14.1,12.9187178,74.8683034,-14.3,358.8,0.232,0
08:28:46.617,75,120.0,1492.0,58.0,19.0,16.13,83.5,18.0,14.1,14.1,12.9187222,74.8682936,-14.2,358.4,0.302,0
08:28:46.706,75,120.0,1492.0,58.0,19.0,15.86,83.5,18.0,14.1,14.1,12.9187265,74.8682838,-14.1,358.1,0.371,0
08:28:46.796,75,120.0,1492.0,58.0,19.0,15.86,83.5,18.0,14.1,14.1,12.9187309,74.868274,-14.1,357.7,0.441,0
08:28:46.886,75,120.0,1492.0,58.0,19.0,15.86,83.5,18.0,14.1,14.1,12.9187353,74.8682641,-14.0,357.4,0.512,0
08:28:46.978,75,120.0,1492.0,58.0,19.0,15.86,83.5,18.0,14.1,14.1,12.9187398,74.8682541,-13.9,357.0,0.583,0
08:28:47.066,75,120.0,1492.0,58.0,19.0,15.86,83.5,18.0,14.1,14.5,12.918744,74.8682445,-13.8,356.7,0.652,0
08:28:47.156,75,120.0,1492.0,58.0,19.0,15.86,83.5,18.0,14.1,14.5,12.9187484,74.8682346,-13.7,356.3,0.722,0
08:28:47.246,75,118.0,1492.0,58.0,19.0,15.86,83.5,18.0,14.1,14.5,12.9187528,74.8682248,-13.6,355.9,0.792,0
08:28:47.337,75,118.0,1494.0,58.0,19.0,15.86,83.5,18.0,14.1,14.5,12.9187573,74.8682148,-13.5,355.6,0.863,0
08:28:47.426,75,118.0,1494.0,58.0,19.0,15.86,83.5,18.0,14.1,14.5,12.9187616,74.8682051,-13.5,355.2,0.933,0
08:28:47.516,75,118.0,1494.0,58.0,19.0,15.86,83.5,18.0,14.1,14.5,12.918766,74.8681952,-13.4,354.8,1.003,0
08:28:47.606,75,118.0,1494.0,58.0,19.0,15.38,83.5,18.0,14.1,14.5,12.9187704,74.8681854,-13.3,354.5,1.073,0
08:28:47.697,75,118.0,1494.0,58.0,19.0,15.38,83.5,18.0,14.1,14.5,12.9187748,74.8681754,-13.2,354.1,1.144,0
08:28:47.786,75,118.0,1494.0,58.0,19.0,15.38,83.5,18.0,14.1,14.5,12.9187791,74.8681657,-13.1,353.8,1.213,0
08:28:47.876,75,118.0,1494.0,58.0,19.0,15.38,83.5,18.0,14.1,14.5,12.9187835,74.8681559,-13.0,353.4,1.284,0
08:28:47.966,75,118.0,1494.0,58.0,19.0,15.38,83.5,18.0,14.1,14.5,12.9187879,74.868146,-13.0,353.0,1.354,0
08:28:48.064,75,118.0,1494.0,58.0,19.0,15.38,83.5,18.0,14.1,14.5,12.9187927,74.8681353,-12.9,352.7,1.43,0
08:28:48.146,75,116.0,1494.0,58.0,19.0,15.38,83.5,18.0,14.1,14.5,12.9187967,74.8681263,-12.8,352.3,1.494,0
08:28:48.236,75,116.0,1496.0,58.0,19.0,15.38,83.5,18.0,14.1,14.5,12.9188011,74.8681165,-12.7,352.0,1.564,0
08:28:48.326,75,116.0,1496.0,58.0,19.0,15.38,83.5,18.0,14.1,14.5,12.9188055,74.8681066,-12.6,351.6,1.635,0
08:28:48.416,75,116.0,1496.0,58.0,19.0,15.38,83.5,18.0,14.1,14.5,12.9188098,74.8680968,-12.5,351.2,1.705,0
08:28:48.506,75,116.0,1496.0,58.0,19.0,15.3,83.5,18.0,14.1,14.5,12.9188142,74.868087,-12.4,350.9,1.775,0
08:28:48.596,75,116.0,1496.0,58.0,19.0,15.3,83.5,18.0,14.1,14.5,12.9188186,74.8680771,-12.4,350.5,1.845,0
08:28:48.686,75,116.0,1496.0,58.0,19.0,15.3,83.5,18.0,14.1,14.5,12.918823,74.8680673,-12.3,350.2,1.915,0
08:28:48.777,75,116.0,1496.0,58.0,19.0,15.3,83.5,18.0,14.1,14.5,12.9188274,74.8680573,-12.2,349.8,1.986,0
08:28:48.866,75,116.0,1496.0,58.0,19.0,15.3,83.5,18.0,14.1,14.5,12.9188318,74.8680476,-12.1,349.4,2.056,0
08:28:48.956,75,116.0,1496.0,58.0,19.0,15.3,83.5,18.0,14.1,14.5,12.9188362,74.8680377,-12.0,349.1,2.126,0
08:28:49.046,75,116.0,1496.0,58.0,19.0,15.3,83.5,18.0,14.1,14.5,12.9188405,74.8680279,-11.9,348.7,2.196,0
08:28:49.136,75,116.0,1495.0,58.0,19.0,15.3,83.5,18.0,14.1,14.5,12.9188449,74.868018,-11.8,348.4,2.266,0
08:28:49.228,75,116.0,1495.0,58.0,19.0,15.3,83.5,18.0,14.1,14.5,12.9188494,74.868008,-11.8,348.0,2.338,0
08:28:49.316,75,116.0,1495.0,58.0,19.0,15.3,83.5,18.0,14.1,14.5,12.9188537,74.8679984,-11.7,347.6,2.407,0
08:28:49.408,75,116.0,1495.0,58.0,19.0,15.02,83.5,18.0,14.1,14.5,12.9188582,74.8679883,-11.6,347.3,2.478,0
08:28:49.496,75,116.0,1495.0,58.0,19.0,15.02,83.5,18.0,14.1,14.5,12.9188625,74.8679787,-11.5,346.9,2.547,0
08:28:49.587,75,116.0,1495.0,58.0,19.0,15.02,83.5,18.0,14.1,14.5,12.9188669,74.8679687,-11.4,346.6,2.618,0
08:28:49.680,75,116.0,1495.0,58.0,19.0,15.02,83.5,18.0,14.1,14.5,12.9188714,74.8679585,-11.3,346.2,2.69,0
08:28:49.767,75,116.0,1495.0,58.0,19.0,15.02,83.5,18.0,14.1,14.5,12.9188757,74.867949,-11.2,345.8,2.758,0
08:28:49.856,75,116.0,1495.0,58.0,19.0,15.02,83.5,18.0,14.1,14.5,12.91888,74.8679393,-11.2,345.5,2.828,0
08:28:49.946,75,116.0,1495.0,58.0,19.0,15.02,83.5,18.0,14.1,14.5,12.9188844,74.8679294,-11.1,345.1,2.898,0
08:28:50.037,75,116.0,1498.0,58.0,19.0,15.02,83.5,18.0,14.1,14.5,12.9188888,74.8679195,-11.0,344.7,2.969,0
08:28:50.127,75,116.0,1498.0,58.0,19.0,15.02,83.5,18.0,14.1,14.5,12.9188932,74.8679097,-10.9,344.4,3.039,0
08:28:50.216,75,116.0,1498.0,58.0,19.0,15.02,83.5,18.0,14.1,14.5,12.9188976,74.8678999,-10.8,344.0,3.108,0
08:28:50.306,75,116.0,1498.0,58.0,19.0,15.3,83.5,18.0,14.1,14.5,12.918902,74.8678901,-10.7,343.7,3.179,0
08:28:50.426,75,116.0,1498.0,58.0,19.0,15.3,83.5,18.0,14.1,14.5,12.9189078,74.8678769,-10.6,343.2,3.272,0
08:28:50.516,75,116.0,1498.0,58.0,19.0,15.3,83.5,18.0,14.1,14.5,12.9189122,74.8678671,-10.5,342.8,3.342,0
08:28:50.606,75,116.0,1498.0,58.0,19.0,15.3,83.5,18.0,14.1,14.5,12.9189166,74.8678573,-10.4,342.5,3.413,0
08:28:50.697,75,116.0,1498.0,58.0,19.0,15.3,83.5,18.0,14.1,14.5,12.918921,74.8678473,-10.4,342.1,3.484,0
08:28:50.787,75,116.0,1498.0,58.0,19.0,15.3,83.5,18.0,14.1,14.5,12.9189254,74.8678375,-10.3,341.7,3.554,0
08:28:50.877,75,115.0,1498.0,58.0,19.0,15.3,83.5,18.0,14.1,14.5,12.9189298,74.8678276,-10.2,341.4,3.624,0
08:28:50.966,75,115.0,1501.0,58.0,19.0,15.3,83.5,18.0,14.1,14.5,12.9189341,74.8678179,-10.1,341.0,3.693,0
08:28:51.056,75,115.0,1501.0,58.0,19.0,15.3,83.5,18.0,14.1,14.5,12.9189385,74.867808,-10.0,340.7,3.763,0
08:28:51.145,75,115.0,1501.0,58.0,19.0,15.3,83.5,18.0,14.1,14.5,12.9189429,74.8677983,-9.9,340.3,3.833,0
08:28:51.236,75,115.0,1501.0,58.0,19.0,14.72,83.5,18.0,14.1,14.5,12.9189473,74.8677884,-9.8,339.9,3.904,0
08:28:51.326,75,115.0,1501.0,58.0,19.0,14.72,83.5,18.0,14.1,14.5,12.9189517,74.8677785,-9.8,339.6,3.974,0
08:28:51.416,75,115.0,1501.0,58.0,19.0,14.72,83.5,18.0,14.1,14.5,12.9189561,74.8677687,-9.7,339.2,4.044,0
08:28:51.506,75,115.0,1501.0,58.0,19.0,14.72,83.5,18.0,14.1,14.5,12.9189604,74.8677588,-9.6,338.9,4.114,0
08:28:51.598,75,115.0,1501.0,58.0,19.0,14.72,83.5,18.0,14.1,14.5,12.9189649,74.8677488,-9.5,338.5,4.186,0
08:28:51.686,75,115.0,1501.0,58.0,19.0,14.72,83.5,18.0,14.1,14.5,12.9189692,74.8677391,-9.4,338.1,4.255,0
08:28:51.777,75,115.0,1501.0,58.0,19.0,14.72,83.5,18.0,14.1,14.5,12.9189737,74.8677292,-9.3,337.8,4.326,0
08:28:51.866,75,115.0,1501.0,58.0,19.0,14.72,83.5,18.0,14.1,14.5,12.918978,74.8677194,-9.2,337.4,4.395,0
08:28:51.956,75,115.0,1501.0,58.0,19.0,14.72,83.5,18.0,14.1,14.5,12.9189824,74.8677096,-9.2,337.1,4.465,0
08:28:52.046,75,115.0,1501.0,58.0,19.0,14.72,83.5,18.0,14.1,14.5,12.9189868,74.8676998,-9.1,336.7,4.536,0
08:28:52.136,75,115.0,1501.0,58.0,19.0,14.49,83.5,18.0,14.1,14.5,12.9189912,74.8676899,-9.0,336.3,4.606,0
08:28:52.226,75,115.0,1501.0,58.0,19.0,14.49,83.5,18.0,14.1,14.5,12.9189955,74.8676801,-8.9,336.0,4.676,0
08:28:52.316,75,115.0,1501.0,58.0,19.0,14.49,83.5,18.0,14.1,14.5,12.9189999,74.8676702,-8.8,335.6,4.746,0
08:28:52.406,75,115.0,1501.0,58.0,19.0,14.49,83.5,18.0,14.1,14.5,12.9190043,74.8676604,-8.7,335.3,4.816,0
08:28:52.496,75,115.0,1501.0,58.0,19.0,14.49,83.5,18.0,14.1,14.5,12.9190087,74.8676505,-8.6,334.9,4.886,0
08:28:52.587,75,115.0,1501.0,58.0,19.0,14.49,83.5,18.0,14.1,14.5,12.9190131,74.8676406,-8.6,334.5,4.957,0
08:28:52.677,75,114.0,1501.0,58.0,19.0,14.49,83.5,18.0,14.1,14.5,12.9190175,74.8676307,-8.5,334.2,5.028,0
08:28:52.767,75,114.0,1502.0,58.0,19.0,14.49,83.5,18.0,14.1,14.5,12.9190219,74.8676209,-8.4,333.8,5.098,0
08:28:52.856,75,114.0,1502.0,59.0,19.0,14.49,83.5,18.0,14.1,14.5,12.9190262,74.8676112,-8.3,333.5,5.167,0
08:28:52.946,75,114.0,1502.0,59.0,19.0,14.49,83.5,18.0,14.1,14.5,12.9190306,74.8676013,-8.2,333.1,5.237,0
08:28:53.038,75,114.0,1502.0,59.0,19.0,13.69,83.5,18.0,14.1,14.5,12.9190351,74.8675912,-8.1,332.7,5.309,0
08:28:53.155,75,114.0,1502.0,59.0,19.0,13.69,83.5,18.0,14.1,14.5,12.9190408,74.8675785,-8.0,332.3,5.4,0
08:28:53.246,75,114.0,1502.0,59.0,19.0,13.69,83.5,18.0,14.1,14.5,12.9190453,74.8675685,-7.9,331.9,5.471,0
08:28:53.336,75,114.0,1502.0,59.0,19.0,13.69,83.5,18.0,14.1,14.5,12.9190496,74.8675587,-7.9,331.5,5.542,0
08:28:53.426,75,114.0,1502.0,59.0,19.0,13.69,83.5,18.0,14.1,14.5,12.919054,74.8675488,-7.8,331.2,5.612,0
08:28:53.517,75,114.0,1502.0,59.0,19.0,13.69,83.5,18.0,14.1,14.5,12.9190585,74.8675389,-7.7,330.8,5.683,0
08:28:53.607,75,113.0,1502.0,59.0,19.0,13.69,83.5,18.0,14.1,14.5,12.9190628,74.867529,-7.6,330.4,5.753,0
08:28:53.697,75,113.0,1501.0,59.0,19.0,13.69,83.5,18.0,14.1,14.5,12.9190672,74.8675192,-7.5,330.1,5.823,0
08:28:53.786,75,113.0,1501.0,58.0,19.0,13.69,83.5,18.0,14.1,14.5,12.9190716,74.8675094,-7.4,329.7,5.892,0
08:28:53.876,75,113.0,1501.0,58.0,19.0,13.69,83.5,18.0,14.1,14.5,12.919076,74.8674996,-7.3,329.4,5.963,0
08:28:53.966,75,113.0,1501.0,58.0,19.0,13.83,83.5,18.0,14.1,14.5,12.9190803,74.8674897,-7.3,329.0,6.033,0
08:28:54.058,75,113.0,1501.0,58.0,19.0,13.83,83.5,18.0,14.1,14.5,12.9190848,74.8674797,-7.2,328.6,6.105,0
08:28:54.145,75,113.0,1501.0,58.0,19.0,13.83,83.5,18.0,14.1,14.5,12.9190891,74.8674702,-7.1,328.3,6.172,0
08:28:54.236,75,113.0,1501.0,58.0,19.0,13.83,83.5,18.0,14.1,14.5,12.9190935,74.8674602,-7.0,327.9,6.243,0
08:28:54.326,75,113.0,1501.0,58.0,19.0,13.83,83.5,18.0,14.1,14.5,12.9190979,74.8674504,-6.9,327.6,6.314,0
08:28:54.416,75,113.0,1501.0,58.0,19.0,13.83,83.5,18.0,14.1,14.5,12.9191023,74.8674405,-6.8,327.2,6.384,0
08:28:54.507,75,112.0,1501.0,58.0,19.0,13.83,83.5,18.0,14.1,14.5,12.9191067,74.8674306,-6.7,326.8,6.455,0
08:28:54.597,75,112.0,1499.0,58.0,19.0,13.83,83.5,18.0,14.1,14.5,12.9191111,74.8674207,-6.7,326.5,6.525,0
08:28:54.686,75,112.0,1499.0,58.0,19.0,13.83,83.5,18.0,14.1,14.5,12.9191154,74.867411,-6.6,326.1,6.594,0
08:28:54.777,75,112.0,1499.0,58.0,19.0,13.83,83.5,18.0,14.1,14.5,12.9191199,74.867401,-6.5,325.8,6.665,0
08:28:54.866,75,112.0,1499.0,58.0,19.0,13.94,83.5,18.0,14.1,14.5,12.9191242,74.8673913,-6.4,325.4,6.735,0
08:28:54.956,75,112.0,1499.0,58.0,19.0,13.94,83.5,18.0,14.1,14.5,12.9191286,74.8673815,-6.3,325.0,6.805,0
08:28:55.046,75,112.0,1499.0,58.0,19.0,13.94,83.5,18.0,14.1,14.5,12.919133,74.8673716,-6.2,324.7,6.875,0
08:28:55.136,75,112.0,1499.0,58.0,19.0,13.94,83.5,18.0,14.1,14.5,12.9191374,74.8673618,-6.1,324.3,6.945,0
08:28:55.226,75,112.0,1499.0,58.0,19.0,13.94,83.5,18.0,14.1,14.5,12.9191418,74.8673519,-6.1,324.0,7.015,0
08:28:55.316,75,112.0,1499.0,58.0,19.0,13.94,83.5,18.0,14.1,14.5,12.9191461,74.8673421,-6.0,323.6,7.086,0
08:28:55.406,75,112.0,1499.0,58.0,19.0,13.94,83.5,18.0,14.1,14.5,12.9191505,74.8673322,-5.9,323.2,7.156,0
08:28:55.498,75,112.0,1496.0,58.0,19.0,13.94,83.5,18.0,14.1,14.5,12.919155,74.8673222,-5.8,322.9,7.228,0
08:28:55.587,75,112.0,1496.0,58.0,19.0,13.94,83.5,18.0,14.1,14.5,12.9191593,74.8673124,-5.7,322.5,7.297,0
08:28:55.676,75,112.0,1496.0,58.0,19.0,13.94,83.5,18.0,14.1,14.5,12.9191637,74.8673027,-5.6,322.2,7.366,0
08:28:55.826,75,112.0,1496.0,58.0,19.0,13.66,83.5,18.0,14.1,14.5,12.919171,74.8672863,-5.5,321.6,7.483,0
08:28:55.916,75,112.0,1496.0,58.0,19.0,13.66,83.5,18.0,14.1,14.5,12.9191754,74.8672765,-5.4,321.2,7.554,0
08:28:55.977,75,112.0,1496.0,58.0,19.0,13.66,83.5,18.0,14.1,14.5,12.9191784,74.8672698,-5.3,320.9,7.601,0
08:28:56.066,75,112.0,1496.0,58.0,19.0,13.66,83.5,18.0,14.1,14.5,12.9191827,74.8672601,-5.3,320.6,7.67,0
08:28:56.127,75,112.0,1496.0,58.0,19.0,13.66,83.5,18.0,14.1,14.5,12.9191857,74.8672534,-5.2,320.3,7.718,0
08:28:56.216,75,112.0,1496.0,58.0,19.0,13.66,83.5,18.0,14.1,14.5,12.91919,74.8672436,-5.1,320.0,7.787,0
08:28:56.277,75,112.0,1496.0,58.0,19.0,13.66,83.5,18.0,14.1,14.5,12.919193,74.867237,-5.1,319.7,7.835,0
08:28:56.366,75,112.0,1490.0,58.0,19.0,13.66,83.5,18.0,14.1,14.5,12.9191973,74.8672272,-5.0,319.4,7.904,0
08:28:56.429,75,112.0,1490.0,58.0,19.0,13.66,83.5,18.0,14.1,14.5,12.9192004,74.8672203,-4.9,319.1,7.954,0
08:28:56.516,75,112.0,1490.0,58.0,19.0,13.66,83.5,18.0,14.1,14.5,12.9192046,74.8672108,-4.8,318.8,8.021,0
08:28:56.580,75,112.0,1490.0,58.0,19.0,13.72,83.5,18.0,14.1,14.5,12.9192077,74.8672038,-4.8,318.5,8.071,0
08:28:56.666,75,112.0,1490.0,58.0,19.0,13.72,83.5,18.0,14.1,14.5,12.9192119,74.8671944,-4.7,318.2,8.138,0
08:28:56.727,75,112.0,1490.0,58.0,19.0,13.72,83.5,18.0,14.1,14.5,12.9192149,74.8671878,-4.6,317.9,8.186,0
08:28:56.816,75,112.0,1490.0,58.0,19.0,13.72,83.5,18.0,14.1,14.5,12.9192192,74.867178,-4.5,317.6,8.255,0
08:28:56.879,75,112.0,1490.0,58.0,19.0,13.72,83.5,18.0,14.1,14.5,12.9192223,74.8671711,-4.5,317.3,8.304,0
08:28:56.967,75,112.0,1490.0,58.0,19.0,13.72,83.5,18.0,14.1,14.5,12.9192266,74.8671615,-4.4,317.0,8.373,0
08:28:57.029,75,112.0,1490.0,58.0,19.0,13.72,83.5,18.0,14.1,14.5,12.9192296,74.8671547,-4.3,316.7,8.421,0
08:28:57.116,75,112.0,1487.0,58.0,19.0,13.72,83.5,18.0,14.1,14.5,12.9192339,74.8671452,-4.3,316.4,8.489,0
08:28:57.177,75,112.0,1487.0,58.0,19.0,13.72,83.5,18.0,14.1,14.5,12.9192368,74.8671385,-4.2,316.1,8.537,0
08:28:57.266,75,112.0,1487.0,58.0,19.0,13.72,83.5,18.0,14.1,14.5,12.9192412,74.8671288,-4.1,315.8,8.606,0
08:28:57.328,75,112.0,1487.0,58.0,19.0,13.83,83.5,18.0,14.1,14.5,12.9192442,74.867122,-4.1,315.5,8.655,0
08:28:57.416,75,112.0,1487.0,58.0,19.0,13.83,83.5,18.0,14.1,14.5,12.9192485,74.8671124,-4.0,315.2,8.723,0
08:28:57.479,75,112.0,1487.0,58.0,19.0,13.83,83.5,18.0,14.1,14.5,12.9192516,74.8671055,-3.9,314.9,8.772,0
08:28:57.566,75,112.0,1487.0,58.0,19.0,13.83,83.5,18.0,14.1,14.5,12.9192558,74.867096,-3.8,314.6,8.84,0
08:28:57.627,75,112.0,1487.0,58.0,19.0,13.83,83.5,18.0,14.1,14.5,12.9192588,74.8670893,-3.8,314.3,8.888,0
08:28:57.719,76,112.0,1487.0,58.0,19.0,13.83,83.5,18.0,14.1,14.5,12.9192633,74.8670792,-3.7,314.0,8.96,0
08:28:57.780,76,112.0,1487.0,58.0,19.0,13.83,83.5,18.0,14.1,14.5,12.9192662,74.8670726,-3.6,313.7,9.007,0
08:28:57.866,76,112.0,1486.0,58.0,19.0,13.83,83.5,18.0,14.1,14.5,12.9192704,74.8670632,-3.6,313.4,9.074,0
08:28:57.928,76,112.0,1486.0,58.0,19.0,13.83,83.5,18.0,14.1,14.5,12.9192734,74.8670564,-3.5,313.1,9.123,0
08:28:58.016,76,112.0,1486.0,58.0,19.0,13.83,83.5,18.0,14.1,14.5,12.9192777,74.8670468,-3.4,312.8,9.191,0
08:28:58.105,76,112.0,1486.0,58.0,19.0,13.97,83.5,18.0,14.1,14.5,12.9192821,74.867037,-3.3,312.4,9.261,0
08:28:58.166,76,112.0,1486.0,58.0,19.0,13.97,83.5,18.0,14.1,14.5,12.919285,74.8670304,-3.3,312.2,9.308,0
08:28:58.226,76,112.0,1486.0,58.0,19.0,13.97,83.5,18.0,14.1,14.5,12.919288,74.8670238,-3.2,311.9,9.355,0
08:28:58.316,76,112.0,1486.0,58.0,19.0,13.97,83.5,18.0,14.1,14.5,12.9192924,74.8670139,-3.1,311.6,9.425,0
08:28:58.377,76,112.0,1486.0,58.0,19.0,13.97,83.5,18.0,14.1,14.5,12.9192953,74.8670073,-3.1,311.3,9.473,0
08:28:58.466,76,112.0,1486.0,58.0,19.0,13.97,83.5,18.0,14.1,14.5,12.9192997,74.8669975,-3.0,311.0,9.542,0
08:28:58.528,76,113.0,1486.0,58.0,19.0,13.97,83.5,18.0,14.1,14.5,12.9193027,74.8669908,-2.9,310.7,9.59,0
08:28:58.616,76,113.0,1484.0,58.0,19.0,13.97,83.5,18.0,14.1,14.5,12.919307,74.8669811,-2.8,310.4,9.659,0
08:28:58.678,76,113.0,1484.0,58.0,19.0,13.97,83.5,18.0,14.1,14.5,12.91931,74.8669744,-2.8,310.1,9.707,0
08:28:58.767,76,113.0,1484.0,58.0,19.0,13.97,83.5,18.0,14.1,14.5,12.9193143,74.8669646,-2.7,309.8,9.777,0
08:28:58.856,76,113.0,1484.0,58.0,19.0,13.91,83.5,18.0,14.1,14.5,12.9193187,74.8669549,-2.6,309.4,9.846,0
08:28:58.918,76,113.0,1484.0,58.0,19.0,13.91,83.5,18.0,14.1,14.5,12.9193217,74.8669481,-2.6,309.2,9.895,0
08:28:59.006,76,113.0,1484.0,58.0,19.0,13.91,83.5,18.0,14.1,14.5,12.919326,74.8669385,-2.5,308.8,9.963,0
08:28:59.069,76,113.0,1484.0,58.0,19.0,13.91,83.5,18.0,14.1,14.5,12.9193291,74.8669316,-2.4,308.6,10.012,0
08:28:59.156,76,113.0,1484.0,58.0,19.0,13.91,83.5,18.0,14.1,14.5,12.9193333,74.8669221,-2.3,308.2,10.08,0
08:28:59.217,76,113.0,1484.0,58.0,19.0,13.91,83.5,18.0,14.1,14.5,12.9193363,74.8669154,-2.3,308.0,10.128,0
08:28:59.306,76,113.0,1484.0,58.0,19.0,13.91,83.5,18.0,14.1,14.5,12.9193406,74.8669057,-2.2,307.6,10.197,0
08:28:59.368,76,113.0,1478.0,58.0,19.0,13.91,83.5,18.0,14.1,14.5,12.9193436,74.8668989,-2.1,307.4,10.246,0
08:28:59.456,76,113.0,1478.0,58.0,19.0,13.91,83.5,18.0,14.1,14.5,12.9193479,74.8668893,-2.0,307.0,10.314,0
08:28:59.517,76,113.0,1478.0,58.0,19.0,13.91,83.5,18.0,14.1,14.5,12.9193509,74.8668826,-2.0,306.8,10.362,0
08:28:59.606,76,113.0,1478.0,58.0,19.0,14.05,83.5,18.0,14.1,14.5,12.9193552,74.8668729,-1.9,306.4,10.431,0
08:28:59.668,76,113.0,1478.0,58.0,19.0,14.05,83.5,18.0,14.1,14.5,12.9193582,74.8668661,-1.8,306.2,10.479,0
08:28:59.757,76,113.0,1478.0,58.0,19.0,14.05,83.5,18.0,14.1,14.5,12.9193626,74.8668563,-1.8,305.8,10.549,0
08:28:59.817,76,113.0,1478.0,58.0,19.0,14.05,83.5,18.0,14.1,14.5,12.9193655,74.8668498,-1.7,305.6,10.596,0
08:28:59.906,76,113.0,1478.0,58.0,19.0,14.05,83.5,18.0,14.1,14.5,12.9193698,74.86684,-1.6,305.2,10.665,0
08:28:59.967,76,113.0,1478.0,58.0,19.0,14.05,83.5,18.0,14.1,14.5,12.9193728,74.8668334,-1.6,305.0,10.713,0
08:29:00.056,76,114.0,1478.0,58.0,19.0,14.05,83.5,18.0,14.1,14.5,12.9193772,74.8668236,-1.5,304.6,10.782,0
08:29:00.116,76,114.0,1477.0,58.0,19.0,14.05,83.5,18.0,14.1,14.5,12.9193801,74.8668171,-1.4,304.4,10.829,0
08:29:00.206,76,114.0,1477.0,58.0,19.0,14.05,83.5,18.0,14.1,14.5,12.9193845,74.8668072,-1.3,304.0,10.899,0
08:29:00.267,76,114.0,1477.0,58.0,19.0,14.05,83.5,18.0,14.1,14.5,12.9193874,74.8668006,-1.3,303.8,10.947,0
08:29:00.356,76,114.0,1477.0,58.0,19.0,14.16,83.5,18.0,14.1,14.5,12.9193918,74.8667908,-1.2,303.4,11.016,0
08:29:00.426,76,114.0,1477.0,58.0,19.0,14.16,83.5,18.0,14.1,14.5,12.9193952,74.8667832,-1.1,303.1,11.071,0
08:29:00.506,76,114.0,1477.0,58.0,19.0,14.16,83.5,18.0,14.1,14.5,12.9193991,74.8667744,-1.0,302.8,11.133,0
08:29:00.568,76,114.0,1477.0,58.0,19.0,14.16,83.5,18.0,14.1,14.5,12.9194021,74.8667676,-1.0,302.6,11.181,0
08:29:00.657,76,114.0,1477.0,58.0,19.0,14.16,83.5,18.0,14.1,14.5,12.9194065,74.8667579,-0.9,302.2,11.251,0
08:29:00.776,76,114.0,1477.0,58.0,19.0,14.16,83.5,18.0,14.1,14.5,12.9194123,74.8667449,-0.8,301.7,11.344,0
08:29:00.866,76,114.0,1477.0,58.0,19.0,14.16,83.5,18.0,14.1,14.5,12.9194166,74.866735,-0.7,301.4,11.414,0
08:29:00.956,76,114.0,1478.0,58.0,19.0,14.16,83.5,18.0,14.1,14.5,12.919421,74.8667252,-0.6,301.0,11.484,0
08:29:01.019,76,114.0,1478.0,58.0,19.0,14.16,83.5,18.0,14.1,14.5,12.9194241,74.8667183,-0.6,300.7,11.533,0
08:29:01.107,76,114.0,1478.0,58.0,19.0,14.16,83.5,18.0,14.1,14.5,12.9194284,74.8667087,-0.5,300.4,11.602,0
08:29:01.167,76,114.0,1478.0,58.0,19.0,14.02,83.5,18.0,14.1,14.5,12.9194313,74.8667021,-0.4,300.2,11.648,0
08:29:01.256,76,114.0,1478.0,58.0,19.0,14.02,83.5,18.0,14.1,14.5,12.9194356,74.8666924,-0.3,299.8,11.718,0
08:29:01.317,76,114.0,1478.0,58.0,19.0,14.02,83.5,18.0,14.1,14.5,12.9194386,74.8666857,-0.3,299.6,11.765,0
08:29:01.406,76,114.0,1478.0,58.0,19.0,14.02,83.5,18.0,14.1,14.5,12.919443,74.866676,-0.2,299.2,11.835,0
08:29:01.468,76,114.0,1478.0,58.0,19.0,14.02,83.5,18.0,14.1,14.5,12.919446,74.8666692,-0.1,298.9,11.883,0
08:29:01.557,76,114.0,1478.0,58.0,19.0,14.02,83.5,18.0,14.1,14.5,12.9194503,74.8666595,-0.0,298.6,11.953,0
08:29:01.618,76,114.0,1478.0,58.0,19.0,14.02,83.5,18.0,14.1,14.5,12.9194534,74.8666531,0.0,298.4,11.986,0
08:29:01.707,76,114.0,1476.0,58.0,19.0,14.02,83.5,18.0,14.1,14.5,12.9194581,74.8666452,0.0,298.4,11.96,0
08:29:01.769,76,114.0,1476.0,57.0,19.0,14.02,83.5,18.0,14.1,14.5,12.9194615,74.8666397,0.1,298.3,11.942,0
08:29:01.856,76,114.0,1476.0,57.0,19.0,14.02,83.5,18.0,14.1,14.5,12.9194662,74.866632,0.1,298.3,11.917,0
08:29:01.917,76,114.0,1476.0,57.0,19.0,14.3,83.5,18.0,14.1,14.5,12.9194695,74.8666266,0.1,298.3,11.899,0
08:29:02.006,76,114.0,1476.0,57.0,19.0,14.3,83.5,18.0,14.1,14.5,12.9194742,74.8666188,0.2,298.3,11.873,0
08:29:02.068,76,114.0,1476.0,57.0,19.0,14.3,83.5,18.0,14.1,14.5,12.9194776,74.8666133,0.2,298.2,11.855,0
08:29:02.156,76,114.0,1476.0,57.0,19.0,14.3,83.5,18.0,14.1,14.5,12.9194823,74.8666055,0.2,298.2,11.829,0
08:29:02.217,76,114.0,1476.0,57.0,19.0,14.3,83.5,18.0,14.1,14.5,12.9194856,74.8666001,0.3,298.2,11.812,0
08:29:02.306,76,114.0,1476.0,57.0,19.0,14.3,83.5,18.0,14.1,14.5,12.9194904,74.8665922,0.3,298.1,11.786,0
08:29:02.367,76,114.0,1476.0,57.0,19.0,14.3,83.5,18.0,14.1,14.5,12.9194937,74.8665868,0.3,298.1,11.768,0
08:29:02.456,76,114.0,1477.0,57.0,19.0,14.3,83.5,18.0,14.1,14.5,12.9194985,74.866579,0.4,298.1,11.742,0
08:29:02.517,76,114.0,1477.0,57.0,19.0,14.3,83.5,18.0,14.1,14.5,12.9195018,74.8665736,0.4,298.1,11.724,0
08:29:02.606,76,114.0,1477.0,57.0,19.0,14.3,83.5,18.0,14.1,14.5,12.9195066,74.8665657,0.4,298.0,11.698,0
08:29:02.667,76,114.0,1477.0,57.0,19.0,14.05,83.5,18.0,14.1,14.5,12.9195098,74.8665603,0.4,298.0,11.68,0
08:29:02.756,76,114.0,1477.0,57.0,19.0,14.05,83.5,18.0,14.1,14.5,12.9195146,74.8665525,0.5,298.0,11.654,0
08:29:02.817,76,114.0,1477.0,57.0,19.0,14.05,83.5,18.0,14.1,14.5,12.9195179,74.8665471,0.5,298.0,11.637,0
08:29:02.906,76,114.0,1477.0,57.0,19.0,14.05,83.5,18.0,14.1,14.5,12.9195227,74.8665392,0.5,297.9,11.611,0
08:29:02.968,76,114.0,1477.0,57.0,19.0,14.05,83.5,18.0,14.1,14.5,12.9195261,74.8665337,0.6,297.9,11.593,0
08:29:03.056,76,114.0,1477.0,57.0,19.0,14.05,83.5,18.0,14.1,14.5,12.9195308,74.8665259,0.6,297.9,11.567,0
08:29:03.117,76,114.0,1477.0,57.0,19.0,14.05,83.5,18.0,14.1,14.5,12.9195341,74.8665206,0.6,297.8,11.549,0
08:29:03.206,76,114.0,1471.0,57.0,19.0,14.05,83.5,18.0,14.1,14.5,12.9195389,74.8665127,0.7,297.8,11.523,0
08:29:03.326,76,114.0,1471.0,57.0,19.0,14.05,83.5,18.0,14.1,14.5,12.9195453,74.8665021,0.7,297.8,11.488,0
08:29:03.417,76,114.0,1471.0,57.0,19.0,14.05,83.5,18.0,14.1,14.5,12.9195502,74.866494,0.8,297.7,11.462,0
08:29:03.506,76,114.0,1471.0,57.0,19.0,14.13,83.5,18.0,14.1,14.5,12.919555,74.8664862,0.8,297.7,11.436,0
08:29:03.569,76,114.0,1471.0,57.0,19.0,14.13,83.5,18.0,14.1,14.5,12.9195584,74.8664806,0.8,297.7,11.417,0
08:29:03.656,76,114.0,1471.0,57.0,19.0,14.13,83.5,18.0,14.1,14.5,12.9195631,74.8664729,0.9,297.6,11.392,0
08:29:03.717,76,114.0,1471.0,57.0,19.0,14.13,83.5,18.0,14.1,14.5,12.9195664,74.8664675,0.9,297.6,11.374,0
08:29:03.806,76,114.0,1471.0,57.0,19.0,14.13,83.5,18.0,14.1,14.5,12.9195712,74.8664596,0.9,297.6,11.348,0
08:29:03.868,76,114.0,1471.0,57.0,19.0,14.13,83.5,18.0,14.1,14.5,12.9195745,74.8664542,1.0,297.6,11.33,0
08:29:03.956,76,114.0,1471.0,57.0,19.0,14.13,83.5,18.0,14.1,14.5,12.9195793,74.8664464,1.0,297.5,11.305,0
08:29:04.017,76,114.0,1470.0,57.0,19.0,14.13,83.5,18.0,14.1,14.5,12.9195825,74.866441,1.0,297.5,11.287,0
08:29:04.106,76,114.0,1470.0,57.0,19.0,14.13,83.5,18.0,14.1,14.5,12.9195873,74.8664331,1.1,297.5,11.261,0
08:29:04.167,76,114.0,1470.0,57.0,19.0,14.13,83.5,18.0,14.1,14.5,12.9195906,74.8664277,1.1,297.5,11.243,0
08:29:04.256,76,114.0,1470.0,57.0,19.0,14.16,83.5,18.0,14.1,14.5,12.9195954,74.8664199,1.1,297.4,11.217,0
08:29:04.317,76,114.0,1470.0,57.0,19.0,14.16,83.5,18.0,14.1,14.5,12.9195987,74.8664145,1.1,297.4,11.199,0
08:29:04.408,76,114.0,1470.0,57.0,19.0,14.16,83.5,18.0,14.1,14.5,12.9196036,74.8664064,1.2,297.4,11.173,0
08:29:04.468,76,114.0,1470.0,57.0,19.0,14.16,83.5,18.0,14.1,14.5,12.9196068,74.8664011,1.2,297.4,11.155,0
08:29:04.556,76,114.0,1470.0,57.0,19.0,14.16,83.5,18.0,14.1,14.5,12.9196116,74.8663934,1.2,297.3,11.13,0
08:29:04.619,76,114.0,1470.0,57.0,19.0,14.16,83.5,18.0,14.1,14.5,12.919615,74.8663878,1.3,297.3,11.111,0
08:29:04.707,76,113.0,1470.0,57.0,19.0,14.16,83.5,18.0,14.1,14.5,12.9196197,74.86638,1.3,297.3,11.086,0
08:29:04.769,76,113.0,1474.0,57.0,19.0,14.16,83.5,18.0,14.1,14.5,12.919623,74.8663745,1.3,297.2,11.068,0
08:29:04.857,76,113.0,1474.0,57.0,19.0,14.16,83.5,18.0,14.1,14.5,12.9196278,74.8663667,1.4,297.2,11.042,0
08:29:04.918,76,113.0,1474.0,57.0,19.0,14.16,83.5,18.0,14.1,14.5,12.9196311,74.8663614,1.4,297.2,11.024,0
08:29:05.006,76,113.0,1474.0,57.0,19.0,14.11,83.5,18.0,14.1,14.5,12.9196358,74.8663536,1.4,297.2,10.998,0
08:29:05.069,76,113.0,1474.0,57.0,19.0,14.11,83.5,18.0,14.1,14.5,12.9196392,74.866348,1.5,297.1,10.98,0
08:29:05.156,76,113.0,1474.0,57.0,19.0,14.11,83.5,18.0,14.1,14.5,12.9196439,74.8663403,1.5,297.1,10.955,0
08:29:05.217,76,113.0,1474.0,57.0,19.0,14.11,83.5,18.0,14.1,14.5,12.9196472,74.8663349,1.5,297.1,10.937,0
08:29:05.306,76,113.0,1474.0,57.0,19.0,14.11,83.5,18.0,14.1,14.5,12.9196519,74.8663271,1.6,297.0,10.911,0
08:29:05.367,76,113.0,1474.0,57.0,19.0,14.11,83.5,18.0,14.1,14.5,12.9196552,74.8663217,1.6,297.0,10.893,0
08:29:05.456,76,114.0,1474.0,57.0,19.0,14.11,83.5,18.0,14.1,14.5,12.91966,74.8663138,1.6,297.0,10.867,0
08:29:05.517,76,114.0,1473.0,57.0,19.0,14.11,83.5,18.0,14.1,14.5,12.9196633,74.8663084,1.7,297.0,10.849,0
08:29:05.606,76,114.0,1473.0,57.0,19.0,14.11,83.5,18.0,14.1,14.5,12.9196681,74.8663005,1.7,296.9,10.824,0
08:29:05.672,76,114.0,1473.0,57.0,19.0,14.11,83.5,18.0,14.1,14.5,12.9196717,74.8662947,1.7,296.9,10.804,0
08:29:05.756,76,114.0,1473.0,57.0,19.0,14.41,83.5,18.0,14.1,14.5,12.9196762,74.8662873,1.8,296.9,10.78,0
08:29:05.818,76,114.0,1473.0,57.0,19.0,14.41,83.5,18.0,14.1,14.5,12.9196795,74.8662818,1.8,296.9,10.762,0
08:29:05.906,76,114.0,1473.0,57.0,19.0,14.41,83.5,18.0,14.1,14.5,12.9196843,74.866274,1.8,296.8,10.736,0
08:29:05.968,76,114.0,1473.0,57.0,19.0,14.41,83.5,18.0,14.1,14.5,12.9196876,74.8662685,1.8,296.8,10.718,0
08:29:06.056,76,114.0,1473.0,57.0,19.0,14.41,83.5,18.0,14.1,14.5,12.9196923,74.8662608,1.9,296.8,10.692,0
08:29:06.117,76,114.0,1473.0,57.0,19.0,14.41,83.5,18.0,14.1,14.5,12.9196956,74.8662554,1.9,296.7,10.675,0
08:29:06.207,76,114.0,1473.0,57.0,19.0,14.41,83.5,18.0,14.1,14.5,12.9197005,74.8662474,1.9,296.7,10.648,0
08:29:06.267,76,114.0,1476.0,57.0,19.0,14.41,83.5,18.0,14.1,14.5,12.9197037,74.8662421,2.0,296.7,10.631,0
08:29:06.356,76,114.0,1476.0,57.0,19.0,14.41,83.5,18.0,14.1,14.5,12.9197085,74.8662342,2.0,296.7,10.605,0
08:29:06.417,76,114.0,1476.0,57.0,19.0,14.41,83.5,18.0,14.1,14.5,12.9197118,74.8662289,2.0,296.6,10.587,0
08:29:06.506,76,114.0,1476.0,57.0,19.0,14.33,83.5,18.0,14.1,14.5,12.9197166,74.866221,2.1,296.6,10.561,0
08:29:06.567,76,114.0,1476.0,57.0,19.0,14.33,83.5,18.0,14.1,14.5,12.9197198,74.8662156,2.1,296.6,10.543,0
08:29:06.656,76,114.0,1476.0,57.0,19.0,14.33,83.5,18.0,14.1,14.5,12.9197246,74.8662077,2.1,296.6,10.517,0
08:29:06.718,76,114.0,1476.0,57.0,19.0,14.33,83.5,18.0,14.1,14.5,12.919728,74.8662022,2.2,296.5,10.499,0
08:29:06.806,76,114.0,1476.0,57.0,19.0,14.33,83.5,18.0,14.1,14.5,12.9197327,74.8661945,2.2,296.5,10.474,0
08:29:06.868,76,114.0,1476.0,57.0,19.0,14.33,83.5,18.0,14.1,14.5,12.9197361,74.866189,2.2,296.5,10.456,0
08:29:06.956,76,114.0,1476.0,57.0,19.0,14.33,83.5,18.0,14.1,14.5,12.9197408,74.8661812,2.3,296.4,10.43,0
08:29:07.017,76,114.0,1477.0,57.0,19.0,14.33,83.5,18.0,14.1,14.5,12.9197441,74.8661758,2.3,296.4,10.412,0
08:29:07.106,76,114.0,1477.0,58.0,19.0,14.33,83.5,18.0,14.1,14.5,12.9197489,74.8661679,2.3,296.4,10.386,0
08:29:07.167,76,114.0,1477.0,58.0,19.0,14.33,83.5,18.0,14.1,14.5,12.9197522,74.8661626,2.4,296.4,10.368,0
08:29:07.256,76,114.0,1477.0,58.0,19.0,14.47,83.5,18.0,14.1,14.5,12.919757,74.8661547,2.4,296.3,10.342,0
08:29:07.318,76,114.0,1477.0,58.0,19.0,14.47,83.5,18.0,14.1,14.5,12.9197603,74.8661492,2.4,296.3,10.324,0
08:29:07.406,76,114.0,1477.0,58.0,19.0,14.47,83.5,18.0,14.1,14.5,12.919765,74.8661414,2.5,296.3,10.299,0
08:29:07.467,76,114.0,1477.0,58.0,19.0,14.47,83.5,18.0,14.1,14.5,12.9197683,74.866136,2.5,296.3,10.281,0
08:29:07.556,76,114.0,1477.0,58.0,19.0,14.47,83.5,18.0,14.1,14.5,12.9197731,74.8661282,2.5,296.2,10.255,0
08:29:07.620,76,114.0,1477.0,58.0,19.0,14.47,83.5,18.0,14.1,14.5,12.9197766,74.8661225,2.5,296.2,10.236,0
08:29:07.707,76,113.0,1477.0,58.0,19.0,14.47,83.5,18.0,14.1,14.5,12.9197812,74.8661148,2.6,296.2,10.211,0
08:29:07.768,76,113.0,1471.0,58.0,19.0,14.47,83.5,18.0,14.1,14.5,12.9197845,74.8661094,2.6,296.1,10.193,0
08:29:07.858,76,113.0,1471.0,57.0,19.0,14.47,83.5,18.0,14.1,14.5,12.9197894,74.8661015,2.6,296.1,10.167,0
08:29:07.917,76,113.0,1471.0,57.0,19.0,14.47,83.5,18.0,14.1,14.5,12.9197925,74.8660963,2.7,296.1,10.15,0
08:29:08.007,76,113.0,1471.0,57.0,19.0,14.38,83.5,18.0,14.1,14.5,12.9197974,74.8660883,2.7,296.1,10.124,0
08:29:08.067,76,113.0,1471.0,57.0,19.0,14.38,83.5,18.0,14.1,14.5,12.9198006,74.866083,2.7,296.0,10.106,0
08:29:08.156,76,113.0,1471.0,57.0,19.0,14.38,83.5,18.0,14.1,14.5,12.9198054,74.8660751,2.8,296.0,10.08,0
08:29:08.217,76,113.0,1471.0,57.0,19.0,14.38,83.5,18.0,14.1,14.5,12.9198087,74.8660697,2.8,296.0,10.062,0
08:29:08.306,76,113.0,1471.0,57.0,19.0,14.38,83.5,18.0,14.1,14.5,12.9198135,74.8660619,2.8,295.9,10.036,0
08:29:08.368,76,113.0,1471.0,57.0,19.0,14.38,83.5,18.0,14.1,14.5,12.9198168,74.8660564,2.9,295.9,10.018,0
08:29:08.456,76,114.0,1471.0,57.0,19.0,14.38,83.5,18.0,14.1,14.5,12.9198216,74.8660486,2.9,295.9,9.993,0
08:29:08.519,76,114.0,1471.0,57.0,19.0,14.38,83.5,18.0,14.1,14.5,12.919825,74.866043,2.9,295.9,9.974,0
08:29:08.607,76,114.0,1471.0,57.0,19.0,14.38,83.5,18.0,14.1,14.5,12.9198297,74.8660353,3.0,295.8,9.949,0
08:29:08.668,76,114.0,1471.0,57.0,19.0,14.38,83.5,18.0,14.1,14.5,12.919833,74.8660299,3.0,295.8,9.931,0
08:29:08.756,76,114.0,1471.0,57.0,19.0,14.19,83.5,18.0,14.1,14.5,12.9198377,74.8660221,3.0,295.8,9.905,0
08:29:08.817,76,114.0,1471.0,57.0,19.0,14.19,83.5,18.0,14.1,14.5,12.919841,74.8660167,3.0,295.8,9.887,0
08:29:08.908,76,114.0,1471.0,57.0,19.0,14.19,83.5,18.0,14.1,14.5,12.9198459,74.8660087,3.1,295.7,9.861,0
08:29:08.968,76,114.0,1471.0,57.0,19.0,14.19,83.5,18.0,14.1,14.5,12.9198491,74.8660034,3.1,295.7,9.843,0
08:29:09.059,76,114.0,1471.0,57.0,19.0,14.19,83.5,18.0,14.1,14.5,12.919854,74.8659953,3.1,295.7,9.817,0
08:29:09.147,76,114.0,1471.0,57.0,19.0,14.19,83.5,18.0,14.1,14.5,12.9198588,74.8659875,3.2,295.6,9.791,0
08:29:09.207,76,114.0,1471.0,57.0,19.0,14.19,83.5,18.0,14.1,14.5,12.919862,74.8659822,3.2,295.6,9.774,0
08:29:09.267,76,114.0,1473.0,57.0,19.0,14.19,83.5,18.0,14.1,14.5,12.9198652,74.8659769,3.2,295.6,9.756,0
08:29:09.356,76,114.0,1473.0,57.0,19.0,14.19,83.5,18.0,14.1,14.5,12.91987,74.8659691,3.3,295.6,9.73,0
08:29:09.418,76,114.0,1473.0,57.0,19.0,14.19,83.5,18.0,14.1,14.5,12.9198734,74.8659636,3.3,295.5,9.712,0
08:29:09.506,76,114.0,1473.0,57.0,19.0,14.49,83.5,18.0,14.1,14.5,12.9198781,74.8659558,3.3,295.5,9.686,0
08:29:09.568,76,114.0,1473.0,57.0,19.0,14.49,83.5,18.0,14.1,14.5,12.9198814,74.8659503,3.4,295.5,9.668,0
08:29:09.656,76,114.0,1473.0,57.0,19.0,14.49,83.5,18.0,14.1,14.5,12.9198862,74.8659425,3.4,295.5,9.643,0
08:29:09.718,76,114.0,1473.0,57.0,19.0,14.49,83.5,18.0,14.5,14.5,12.9198895,74.8659371,3.4,295.4,9.625,0
08:29:09.806,76,114.0,1473.0,57.0,19.0,14.49,83.5,18.0,14.5,14.5,12.9198943,74.8659293,3.5,295.4,9.599,0
08:29:09.867,76,114.0,1473.0,57.0,19.0,14.49,83.5,18.0,14.5,14.5,12.9198975,74.8659239,3.5,295.4,9.581,0
08:29:09.957,76,114.0,1473.0,57.0,19.0,14.49,83.5,18.0,14.5,14.5,12.9199024,74.8659159,3.5,295.3,9.555,0
08:29:10.021,76,114.0,1476.0,57.0,19.0,14.49,83.5,18.0,14.5,14.5,12.9199058,74.8659103,3.6,295.3,9.536,0
08:29:10.106,76,114.0,1476.0,57.0,19.0,14.49,83.5,18.0,14.5,14.5,12.9199104,74.8659028,3.6,295.3,9.512,0
08:29:10.167,76,114.0,1476.0,57.0,19.0,14.49,83.5,18.0,14.5,14.5,12.9199137,74.8658974,3.6,295.3,9.494,0
08:29:10.256,76,114.0,1476.0,57.0,19.0,14.44,83.5,18.0,14.5,14.5,12.9199185,74.8658895,3.7,295.2,9.468,0
08:29:10.317,76,114.0,1476.0,57.0,19.0,14.44,83.5,18.0,14.5,14.5,12.9199218,74.8658841,3.7,295.2,9.45,0
08:29:10.407,76,114.0,1476.0,57.0,19.0,14.44,83.5,18.0,14.5,14.5,12.9199266,74.8658762,3.7,295.2,9.424,0
08:29:10.468,76,114.0,1476.0,57.0,19.0,14.44,83.5,18.0,14.1,14.5,12.9199299,74.8658708,3.7,295.2,9.406,0
08:29:10.556,76,114.0,1476.0,57.0,19.0,14.44,83.5,18.0,14.1,14.5,12.9199346,74.865863,3.8,295.1,9.38,0
08:29:10.617,76,114.0,1476.0,57.0,19.0,14.44,83.5,18.0,14.1,14.5,12.9199379,74.8658576,3.8,295.1,9.363,0
08:29:10.707,76,114.0,1476.0,57.0,19.0,14.44,83.5,18.0,14.1,14.5,12.9199428,74.8658496,3.8,295.1,9.336,0
08:29:10.767,76,114.0,1475.0,57.0,19.0,14.44,83.5,18.0,14.1,14.5,12.919946,74.8658443,3.9,295.0,9.319,0
08:29:10.856,76,114.0,1475.0,57.0,19.0,14.44,83.5,18.0,14.1,14.5,12.9199508,74.8658365,3.9,295.0,9.293,0
08:29:10.918,76,114.0,1475.0,57.0,19.0,14.44,83.5,18.0,14.1,14.5,12.9199541,74.865831,3.9,295.0,9.275,0
08:29:11.007,76,114.0,1475.0,57.0,19.0,14.44,83.5,18.0,14.1,14.5,12.9199589,74.8658231,4.0,295.0,9.249,0
08:29:11.068,76,114.0,1475.0,57.0,19.0,14.44,83.5,18.0,14.1,14.5,12.9199622,74.8658177,4.0,294.9,9.231,0
08:29:11.156,76,114.0,1475.0,57.0,19.0,14.44,83.5,18.0,14.1,14.5,12.919967,74.86581,4.0,294.9,9.205,0
08:29:11.217,76,114.0,1475.0,57.0,19.0,14.44,83.5,18.0,14.1,14.5,12.9199702,74.8658046,4.1,294.9,9.188,0
08:29:11.306,76,114.0,1475.0,57.0,19.0,14.44,83.5,18.0,14.1,14.5,12.919975,74.8657967,4.1,294.8,9.162,0
08:29:11.368,77,114.0,1475.0,57.0,19.0,14.44,83.5,18.0,14.1,14.5,12.9199784,74.8657912,4.1,294.8,9.144,0
08:29:11.457,77,113.0,1475.0,57.0,19.0,14.44,83.5,18.0,14.1,14.5,12.9199832,74.8657833,4.2,294.8,9.118,0
08:29:11.518,77,113.0,1476.0,57.0,19.0,14.44,83.5,18.0,14.1,14.5,12.9199864,74.865778,4.2,294.8,9.1,0
08:29:11.606,77,113.0,1476.0,57.0,19.0,14.44,83.5,18.0,14.1,14.5,12.9199912,74.8657702,4.2,294.7,9.074,0
08:29:11.668,77,113.0,1476.0,57.0,19.0,14.44,83.5,18.0,14.1,14.5,12.9199945,74.8657647,4.3,294.7,9.056,0
08:29:11.756,77,113.0,1476.0,57.0,19.0,14.61,83.5,18.0,14.1,14.5,12.9199993,74.8657569,4.3,294.7,9.03,0
08:29:11.818,77,113.0,1476.0,57.0,19.0,14.61,83.5,18.0,14.1,14.5,12.9200026,74.8657514,4.3,294.7,9.012,0
08:29:11.907,77,113.0,1476.0,57.0,19.0,14.61,83.5,18.0,14.1,14.5,12.9200074,74.8657436,4.4,294.6,8.986,0
08:29:11.968,77,113.0,1476.0,57.0,19.0,14.61,83.5,18.0,14.1,14.5,12.9200107,74.8657382,4.4,294.6,8.969,0
08:29:12.057,77,113.0,1476.0,57.0,19.0,14.61,83.5,18.0,14.1,14.5,12.9200155,74.8657303,4.4,294.6,8.943,0
08:29:12.117,77,113.0,1476.0,57.0,19.0,14.61,83.5,18.0,14.1,14.5,12.9200187,74.865725,4.4,294.6,8.925,0
08:29:12.206,77,113.0,1476.0,57.0,19.0,14.61,83.5,18.0,14.1,14.5,12.9200235,74.8657171,4.5,294.5,8.899,0
08:29:12.268,77,113.0,1477.0,57.0,19.0,14.61,83.5,18.0,14.1,14.5,12.9200268,74.8657117,4.5,294.5,8.881,0
08:29:12.357,77,113.0,1477.0,57.0,19.0,14.61,83.5,18.0,14.1,14.5,12.9200316,74.8657038,4.5,294.5,8.855,0
08:29:12.419,77,113.0,1477.0,57.0,19.0,14.61,83.5,18.0,14.1,14.5,12.920035,74.8656983,4.6,294.4,8.837,0
08:29:12.506,77,113.0,1477.0,57.0,19.0,14.41,83.5,18.0,14.1,14.5,12.9200397,74.8656906,4.6,294.4,8.812,0
08:29:12.568,77,113.0,1477.0,57.0,19.0,14.41,83.5,18.0,14.1,14.5,12.920043,74.8656851,4.6,294.4,8.794,0
08:29:12.657,77,113.0,1477.0,57.0,19.0,14.41,83.5,18.0,14.1,14.5,12.9200478,74.8656773,4.7,294.4,8.768,0
08:29:12.717,77,113.0,1477.0,57.0,19.0,14.41,83.5,18.0,14.1,14.5,12.920051,74.865672,4.7,294.3,8.75,0
08:29:12.807,77,113.0,1477.0,57.0,19.0,14.41,83.5,18.0,14.1,14.5,12.9200559,74.865664,4.7,294.3,8.724,0
08:29:12.868,77,113.0,1477.0,57.0,19.0,14.41,83.5,18.0,14.1,14.5,12.9200591,74.8656586,4.8,294.3,8.706,0
08:29:12.956,77,114.0,1477.0,57.0,19.0,14.41,83.5,18.0,14.1,14.5,12.9200639,74.8656508,4.8,294.2,8.681,0
08:29:13.017,77,114.0,1476.0,57.0,19.0,14.41,83.5,18.0,14.1,14.5,12.9200672,74.8656455,4.8,294.2,8.663,0
08:29:13.105,77,114.0,1476.0,57.0,19.0,14.41,83.5,18.0,14.1,14.5,12.9200719,74.8656377,4.9,294.2,8.637,0
08:29:13.167,77,114.0,1476.0,57.0,19.0,14.41,83.5,18.0,14.1,14.5,12.9200752,74.8656322,4.9,294.2,8.619,0
08:29:13.256,77,114.0,1476.0,57.0,19.0,14.49,83.5,18.0,14.1,14.5,12.92008,74.8656243,4.9,294.1,8.593,0
08:29:13.318,77,114.0,1476.0,57.0,19.0,14.49,83.5,18.0,14.1,14.5,12.9200834,74.8656188,4.9,294.1,8.575,0
08:29:13.407,77,114.0,1476.0,57.0,19.0,14.49,83.5,18.0,14.1,14.5,12.9200882,74.865611,5.0,294.1,8.549,0
08:29:13.468,77,114.0,1476.0,57.0,19.0,14.49,83.5,18.0,14.1,14.5,12.9200915,74.8656056,5.0,294.1,8.531,0
08:29:13.556,77,114.0,1476.0,57.0,19.0,14.49,83.5,18.0,14.1,14.5,12.9200962,74.8655978,5.0,294.0,8.506,0
08:29:13.617,77,114.0,1476.0,57.0,19.0,14.49,83.5,18.0,14.1,14.5,12.9200995,74.8655924,5.1,294.0,8.488,0
08:29:13.706,77,113.0,1476.0,57.0,19.0,14.49,83.5,18.0,14.1,14.5,12.9201043,74.8655846,5.1,294.0,8.462,0
08:29:13.769,77,113.0,1477.0,57.0,19.0,14.49,83.5,18.0,14.1,14.5,12.9201077,74.865579,5.1,293.9,8.444,0
08:29:13.856,77,113.0,1477.0,58.0,19.0,14.49,83.5,18.0,14.1,14.5,12.9201123,74.8655713,5.2,293.9,8.418,0
08:29:13.917,77,113.0,1477.0,58.0,19.0,14.49,83.5,18.0,14.1,14.5,12.9201156,74.8655659,5.2,293.9,8.4,0
08:29:14.008,77,113.0,1477.0,58.0,19.0,14.36,83.5,18.0,14.1,14.5,12.9201205,74.8655579,5.2,293.9,8.374,0
08:29:14.066,77,113.0,1477.0,58.0,19.0,14.36,83.5,18.0,14.1,14.5,12.9201237,74.8655527,5.3,293.8,8.357,0
08:29:14.156,77,113.0,1477.0,58.0,19.0,14.36,83.5,18.0,14.1,14.5,12.9201285,74.8655448,5.3,293.8,8.331,0
08:29:14.217,77,113.0,1477.0,58.0,19.0,14.36,83.5,18.0,14.1,14.5,12.9201318,74.8655394,5.3,293.8,8.313,0
08:29:14.307,77,113.0,1477.0,58.0,19.0,14.36,83.5,18.0,14.1,14.5,12.9201366,74.8655314,5.4,293.7,8.287,0
08:29:14.370,77,113.0,1477.0,58.0,19.0,14.36,83.5,18.0,14.1,14.5,12.92014,74.8655259,5.4,293.7,8.268,0
08:29:14.456,77,114.0,1477.0,58.0,19.0,14.36,83.5,18.0,14.1,14.5,12.9201447,74.8655183,5.4,293.7,8.243,0
08:29:14.518,77,114.0,1475.0,58.0,19.0,14.36,83.5,18.0,14.1,14.5,12.920148,74.8655128,5.5,293.7,8.225,0
08:29:14.606,77,114.0,1475.0,57.0,19.0,14.36,83.5,18.0,14.1,14.5,12.9201527,74.865505,5.5,293.6,8.2,0
08:29:14.669,77,114.0,1475.0,57.0,19.0,14.36,83.5,18.0,14.1,14.5,12.9201561,74.8654994,5.5,293.6,8.181,0
08:29:14.757,77,114.0,1475.0,57.0,19.0,14.61,83.5,18.0,14.1,14.5,12.9201609,74.8654916,5.6,293.6,8.156,0
08:29:14.818,77,114.0,1475.0,57.0,19.0,14.61,83.5,18.0,14.1,14.5,12.9201641,74.8654863,5.6,293.6,8.138,0
08:29:14.906,77,114.0,1475.0,57.0,19.0,14.61,83.5,18.0,14.1,14.5,12.9201689,74.8654785,5.6,293.5,8.112,0
08:29:14.967,77,114.0,1475.0,57.0,19.0,14.61,83.5,18.0,14.1,14.5,12.9201722,74.8654731,5.6,293.5,8.094,0
08:29:15.056,77,114.0,1475.0,57.0,19.0,14.61,83.5,18.0,14.1,14.1,12.920177,74.8654652,5.7,293.5,8.068,0
08:29:15.117,77,114.0,1475.0,57.0,19.0,14.61,83.5,18.0,14.1,14.1,12.9201802,74.8654598,5.7,293.5,8.051,0
08:29:15.206,77,113.0,1475.0,57.0,19.0,14.61,83.5,18.0,14.1,14.1,12.920185,74.865452,5.7,293.4,8.025,0
08:29:15.267,77,113.0,1478.0,57.0,19.0,14.61,83.5,18.0,14.1,14.1,12.9201883,74.8654466,5.8,293.4,8.007,0
08:29:15.356,77,113.0,1478.0,57.0,19.0,14.61,83.5,18.0,14.1,14.1,12.9201931,74.8654387,5.8,293.4,7.981,0
08:29:15.417,77,113.0,1478.0,57.0,19.0,14.61,83.5,18.0,14.1,14.1,12.9201964,74.8654333,5.8,293.3,7.963,0
08:29:15.506,77,113.0,1478.0,57.0,19.0,14.47,83.5,18.0,14.1,14.1,12.9202012,74.8654254,5.9,293.3,7.937,0
08:29:15.567,77,113.0,1478.0,57.0,19.0,14.47,83.5,18.0,14.1,14.1,12.9202045,74.8654201,5.9,293.3,7.919,0
08:29:15.656,77,113.0,1478.0,57.0,19.0,14.47,83.5,18.0,14.1,14.1,12.9202093,74.8654122,5.9,293.3,7.893,0
08:29:15.718,77,113.0,1478.0,57.0,19.0,14.47,83.5,18.0,14.1,14.1,12.9202126,74.8654067,6.0,293.2,7.875,0
08:29:15.807,77,113.0,1478.0,57.0,19.0,14.47,83.5,18.0,14.1,14.5,12.9202173,74.865399,6.0,293.2,7.85,0
08:29:15.868,77,113.0,1478.0,57.0,19.0,14.47,83.5,18.0,14.1,14.5,12.920219,74.8653971,6.2,293.5,7.849,0
08:29:15.956,77,114.0,1478.0,57.0,19.0,14.47,83.5,18.0,14.1,14.5,12.9202213,74.8653944,6.4,293.9,7.847,0
08:29:16.018,77,114.0,1479.0,57.0,19.0,14.47,83.5,18.0,14.1,14.5,12.920223,74.8653925,6.6,294.2,7.846,0
08:29:16.105,77,114.0,1479.0,57.0,19.0,14.47,83.5,18.0,14.1,14.5,12.9202253,74.8653899,6.8,294.6,7.845,0
08:29:16.167,77,114.0,1479.0,57.0,19.0,14.47,83.5,18.0,14.1,14.5,12.9202269,74.865388,6.9,294.9,7.843,0
08:29:16.256,77,114.0,1479.0,57.0,19.0,14.44,83.5,18.0,14.1,14.5,12.9202293,74.8653853,7.2,295.3,7.842,0
08:29:16.317,77,114.0,1479.0,57.0,19.0,14.44,83.5,18.0,14.1,14.5,12.920231,74.8653834,7.3,295.6,7.841,0
08:29:16.406,77,114.0,1479.0,57.0,19.0,14.44,83.5,18.0,14.1,14.5,12.9202333,74.8653807,7.6,296.0,7.839,0
08:29:16.467,77,114.0,1479.0,57.0,19.0,14.44,83.5,18.0,14.1,14.5,12.920235,74.8653789,7.7,296.3,7.838,0
08:29:16.556,77,114.0,1479.0,57.0,19.0,14.44,83.5,18.0,14.1,14.5,12.9202373,74.8653762,8.0,296.7,7.836,0
08:29:16.617,77,114.0,1479.0,57.0,19.0,14.44,83.5,18.0,14.1,14.5,12.920239,74.8653743,8.1,296.9,7.835,0
08:29:16.707,77,114.0,1479.0,57.0,19.0,14.44,83.5,18.0,14.1,14.5,12.9202414,74.8653716,8.4,297.4,7.834,0
08:29:16.769,77,114.0,1484.0,57.0,19.0,14.44,83.5,18.0,14.1,14.5,12.920243,74.8653697,8.5,297.6,7.833,0
08:29:16.857,77,114.0,1484.0,58.0,19.0,14.44,83.5,18.0,14.1,14.5,12.9202454,74.865367,8.7,298.1,7.831,0
08:29:16.918,77,114.0,1484.0,58.0,19.0,14.44,83.5,18.0,14.1,14.5,12.920247,74.8653652,8.9,298.3,7.83,0
08:29:17.011,77,114.0,1484.0,58.0,19.0,14.3,83.5,18.0,14.1,14.5,12.9202495,74.8653623,9.1,298.8,7.828,0
08:29:17.068,77,114.0,1484.0,58.0,19.0,14.3,83.5,18.0,14.1,14.5,12.920251,74.8653606,9.3,299.0,7.827,0
08:29:17.156,77,114.0,1484.0,58.0,19.0,14.3,83.5,18.0,14.1,14.5,12.9202533,74.8653579,9.5,299.4,7.826,0
08:29:17.217,77,114.0,1484.0,58.0,19.0,14.3,83.5,18.0,14.1,14.5,12.920255,74.8653561,9.7,299.7,7.824,0
08:29:17.306,77,114.0,1484.0,58.0,19.0,14.3,83.5,18.0,14.1,14.1,12.9202573,74.8653534,9.9,300.1,7.823,0
08:29:17.367,77,114.0,1484.0,58.0,19.0,14.3,83.5,18.0,14.1,14.1,12.920259,74.8653515,10.1,300.4,7.822,0
08:29:17.456,77,114.0,1484.0,58.0,19.0,14.3,83.5,18.0,14.1,14.1,12.9202613,74.8653488,10.3,300.8,7.82,0
08:29:17.517,77,114.0,1476.0,58.0,19.0,14.3,83.5,18.0,14.1,14.1,12.920263,74.8653469,10.5,301.1,7.819,0
08:29:17.607,77,114.0,1476.0,57.0,19.0,14.3,83.5,18.0,14.1,14.1,12.9202654,74.8653442,10.7,301.5,7.817,0
08:29:17.669,77,114.0,1476.0,57.0,19.0,14.3,83.5,18.0,14.1,14.1,12.920267,74.8653423,10.9,301.8,7.816,0
08:29:17.756,77,114.0,1476.0,57.0,19.0,14.36,83.5,18.0,14.1,14.1,12.9202693,74.8653397,11.1,302.2,7.815,0
08:29:17.818,77,114.0,1476.0,57.0,19.0,14.36,83.5,18.0,14.1,14.1,12.920271,74.8653378,11.3,302.5,7.814,0
08:29:17.906,77,114.0,1476.0,57.0,19.0,14.36,83.5,18.0,14.1,14.1,12.9202733,74.8653351,11.5,302.9,7.812,0
08:29:17.968,77,114.0,1476.0,57.0,19.0,14.36,83.5,18.0,14.1,14.1,12.920275,74.8653332,11.6,303.2,7.811,0
08:29:18.057,77,114.0,1476.0,57.0,19.0,14.36,83.5,18.0,14.1,14.5,12.9202774,74.8653305,11.9,303.6,7.809,0
08:29:18.117,77,114.0,1476.0,57.0,19.0,14.36,83.5,18.0,14.1,14.5,12.920279,74.8653287,12.0,303.9,7.808,0
08:29:18.206,77,114.0,1476.0,57.0,19.0,14.36,83.5,18.0,14.1,14.5,12.9202813,74.865326,12.3,304.3,7.807,0
08:29:18.568,77,114.0,1476.0,57.0,19.0,14.36,83.5,18.0,14.1,14.5,12.920291,74.865315,13.2,306.0,7.8,0
08:29:18.656,77,114.0,1476.0,57.0,19.0,14.36,83.5,18.0,14.1,14.5,12.9202933,74.8653123,13.4,306.4,7.798,0
08:29:18.717,77,114.0,1476.0,57.0,19.0,14.36,83.5,18.0,14.1,14.5,12.920295,74.8653104,13.6,306.6,7.797,0
08:29:18.806,77,114.0,1476.0,57.0,19.0,14.36,83.5,18.0,14.1,14.5,12.9202973,74.8653077,13.8,307.1,7.796,0
08:29:18.867,77,115.0,1476.0,57.0,19.0,14.36,83.5,18.0,14.1,14.5,12.920299,74.8653059,14.0,307.3,7.795,0
08:29:18.956,77,115.0,1465.0,57.0,19.0,14.36,83.5,18.0,14.1,14.5,12.9203013,74.8653032,14.2,307.7,7.793,0
08:29:19.047,77,115.0,1465.0,57.0,19.0,14.36,83.5,18.0,14.1,14.5,12.9203038,74.8653004,14.5,308.2,7.791,0
08:29:19.107,77,115.0,1465.0,57.0,19.0,14.36,83.5,18.0,14.1,14.5,12.9203054,74.8652986,14.6,308.4,7.79,0
08:29:19.167,77,115.0,1465.0,57.0,19.0,13.91,83.5,18.0,14.1,14.5,12.920307,74.8652967,14.8,308.7,7.789,0
08:29:19.347,77,115.0,1465.0,57.0,19.0,13.91,83.5,18.0,14.1,14.5,12.9203118,74.8652913,15.2,309.5,7.786,0
08:29:19.408,77,115.0,1465.0,57.0,19.0,13.91,83.5,18.0,14.1,14.5,12.9203134,74.8652894,15.4,309.8,7.785,0
08:29:19.468,77,115.0,1465.0,57.0,19.0,13.91,83.5,18.0,14.1,14.5,12.920315,74.8652876,15.6,310.1,7.784,0
08:29:19.556,77,116.0,1465.0,57.0,19.0,13.91,83.5,18.0,14.1,14.5,12.9203173,74.8652849,15.8,310.5,7.782,0
08:29:19.676,77,116.0,1465.0,57.0,19.0,13.91,83.5,18.0,14.1,14.5,12.9203205,74.8652813,16.1,311.1,7.78,0
08:29:19.766,77,116.0,1465.0,57.0,19.0,13.91,83.5,18.0,14.1,14.5,12.9203229,74.8652785,16.3,311.5,7.778,0
08:29:19.856,77,116.0,1465.0,57.0,19.0,13.91,83.5,18.0,14.1,14.5,12.9203253,74.8652758,16.6,311.9,7.777,0
08:29:19.947,77,116.0,1465.0,57.0,19.0,14.69,83.5,18.0,14.1,14.5,12.9203278,74.865273,16.8,312.3,7.775,0
08:29:20.036,77,116.0,1465.0,57.0,19.0,14.69,83.5,18.0,14.1,14.5,12.9203301,74.8652703,17.0,312.7,7.773,0
08:29:20.126,77,116.0,1465.0,57.0,19.0,14.69,83.5,18.0,14.1,14.5,12.9203325,74.8652676,17.3,313.1,7.772,0
08:29:20.216,77,116.0,1465.0,57.0,19.0,14.69,83.5,18.0,14.1,14.5,12.9203349,74.8652648,17.5,313.6,7.77,0
08:29:20.307,77,116.0,1465.0,57.0,19.0,14.69,83.5,18.0,14.1,14.5,12.9203374,74.8652621,17.7,314.0,7.768,0
08:29:20.577,77,116.0,1465.0,57.0,19.0,14.69,83.5,18.0,14.1,14.5,12.9203446,74.8652539,18.4,315.2,7.764,0
08:29:20.667,77,116.0,1465.0,57.0,19.0,14.69,83.5,18.0,14.1,14.5,12.920347,74.8652511,18.7,315.6,7.762,0
08:29:20.756,77,116.0,1465.0,57.0,19.0,14.63,83.5,18.0,14.1,14.5,12.9203493,74.8652484,18.9,316.1,7.76,0
08:29:20.847,77,116.0,1465.0,57.0,19.0,14.63,83.5,18.0,14.1,14.5,12.9203518,74.8652456,19.2,316.5,7.759,0
08:29:20.937,77,116.0,1465.0,57.0,19.0,14.63,83.5,18.0,14.1,14.5,12.9203542,74.8652429,19.4,316.9,7.757,0
08:29:21.027,77,116.0,1465.0,57.0,19.0,14.63,83.5,18.0,14.1,14.5,12.9203566,74.8652402,19.6,317.3,7.755,0
08:29:21.116,77,116.0,1465.0,57.0,19.0,14.63,83.5,18.0,14.1,14.5,12.9203589,74.8652375,19.9,317.7,7.754,0
08:29:21.206,77,116.0,1465.0,57.0,19.0,14.63,83.5,18.0,14.1,14.5,12.9203613,74.8652347,20.1,318.1,7.752,0
08:29:21.296,77,116.0,1465.0,57.0,19.0,14.63,83.5,18.0,14.1,14.5,12.9203637,74.865232,20.3,318.5,7.751,0
08:29:21.626,77,116.0,1465.0,57.0,19.0,14.63,83.5,18.0,14.1,14.5,12.9203725,74.865222,21.2,320.1,7.745,0
08:29:21.717,77,116.0,1465.0,57.0,19.0,14.63,83.5,18.0,14.1,14.5,12.920375,74.8652192,21.4,320.5,7.743,0
08:29:21.807,77,116.0,1465.0,57.0,19.0,14.63,83.5,18.0,14.1,14.5,12.9203774,74.8652164,21.7,320.9,7.741,0
08:29:22.048,77,116.0,1465.0,57.0,19.0,14.63,83.5,18.0,14.1,14.5,12.9203838,74.8652091,22.3,322.0,7.737,0
08:29:22.137,77,116.0,1478.0,57.0,19.0,14.63,83.5,18.0,14.1,14.5,12.9203862,74.8652064,22.5,322.4,7.735,0
08:29:22.226,77,116.0,1478.0,58.0,19.0,14.63,83.5,18.0,14.1,14.5,12.9203885,74.8652037,22.8,322.8,7.734,0
08:29:22.316,77,116.0,1478.0,58.0,19.0,14.63,83.5,18.0,14.1,14.5,12.9203909,74.865201,23.0,323.3,7.732,0
08:29:22.407,77,116.0,1478.0,58.0,19.0,14.91,83.5,18.0,14.1,14.5,12.9203934,74.8651982,23.2,323.7,7.73,0
08:29:22.496,77,116.0,1478.0,58.0,19.0,14.91,83.5,18.0,14.1,14.5,12.9203957,74.8651955,23.5,324.1,7.729,0
08:29:22.586,77,116.0,1478.0,58.0,19.0,14.91,83.5,18.0,14.1,14.5,12.9203981,74.8651927,23.7,324.5,7.727,0
08:29:22.736,77,116.0,1478.0,58.0,19.0,14.91,83.5,18.0,14.1,14.5,12.9204021,74.8651882,24.1,325.2,7.724,0
08:29:22.827,77,116.0,1478.0,58.0,19.0,14.91,83.5,18.0,14.1,14.5,12.9204046,74.8651854,24.3,325.6,7.723,0
08:29:22.916,77,116.0,1478.0,58.0,19.0,14.91,83.5,18.0,14.1,14.5,12.9204069,74.8651827,24.6,326.0,7.721,0
08:29:23.006,77,116.0,1487.0,58.0,19.0,14.91,83.5,18.0,14.1,14.5,12.9204093,74.86518,24.8,326.4,7.72,0
08:29:23.096,77,116.0,1487.0,58.0,19.0,14.91,83.5,18.0,14.1,14.5,12.9204117,74.8651772,25.0,326.9,7.718,0
08:29:23.186,77,116.0,1487.0,58.0,19.0,14.91,83.5,18.0,14.1,14.5,12.9204141,74.8651745,25.3,327.3,7.716,0
08:29:23.336,77,116.0,1487.0,58.0,19.0,14.91,83.5,18.0,14.1,14.5,12.9204181,74.8651699,25.6,328.0,7.714,0
08:29:23.486,77,116.0,1487.0,58.0,19.0,14.91,83.5,18.0,14.1,14.5,12.9204221,74.8651654,26.0,328.7,7.711,0
08:29:23.577,77,116.0,1487.0,58.0,19.0,14.91,83.5,18.0,14.1,14.5,12.9204246,74.8651626,26.3,329.1,7.709,0
08:29:23.667,77,116.0,1487.0,58.0,19.0,14.91,83.5,18.0,14.1,14.5,12.920427,74.8651599,26.5,329.5,7.708,0
08:29:23.757,77,112.0,1487.0,58.0,19.0,14.91,83.5,18.0,14.1,14.5,12.9204294,74.8651571,26.7,329.9,7.706,0
08:29:23.847,77,112.0,1489.0,58.0,19.0,14.91,83.5,18.0,14.1,14.5,12.9204318,74.8651544,27.0,330.3,7.704,0
08:29:23.937,77,112.0,1489.0,58.0,19.0,14.91,83.5,18.0,14.1,14.5,12.9204342,74.8651517,27.2,330.7,7.703,0
08:29:24.026,77,112.0,1489.0,58.0,19.0,14.91,83.5,18.0,14.1,14.5,12.9204366,74.8651489,27.4,331.1,7.701,0
08:29:24.116,77,112.0,1489.0,58.0,19.0,13.94,83.5,18.0,14.1,14.5,12.920439,74.8651462,27.7,331.6,7.699,0
08:29:24.206,77,112.0,1489.0,58.0,19.0,13.94,83.5,18.0,14.1,14.5,12.9204414,74.8651435,27.9,332.0,7.698,0
08:29:24.296,77,112.0,1489.0,58.0,19.0,13.94,83.5,18.0,14.1,14.5,12.9204438,74.8651407,28.2,332.4,7.696,0
08:29:24.386,77,112.0,1489.0,58.0,19.0,13.94,83.5,18.0,14.1,14.5,12.9204462,74.865138,28.4,332.8,7.695,0
08:29:24.476,77,112.0,1489.0,58.0,19.0,13.94,83.5,18.0,14.1,14.5,12.9204486,74.8651353,28.6,333.2,7.693,0
08:29:24.566,77,112.0,1489.0,58.0,19.0,13.94,83.5,18.0,14.1,14.5,12.920451,74.8651325,28.9,333.6,7.691,0
08:29:24.660,77,111.0,1489.0,58.0,19.0,13.94,83.5,18.0,14.1,14.5,12.9204535,74.8651297,29.1,334.1,7.69,0
08:29:24.748,77,111.0,1482.0,58.0,19.0,13.94,83.5,18.0,14.1,14.5,12.9204558,74.865127,29.3,334.5,7.688,0
08:29:24.836,77,111.0,1482.0,58.0,19.0,13.94,83.5,18.0,14.1,14.5,12.9204582,74.8651243,29.6,334.9,7.686,0
08:29:24.926,77,111.0,1482.0,58.0,19.0,13.94,83.5,18.0,14.1,14.5,12.9204606,74.8651216,29.8,335.3,7.685,0
08:29:25.016,77,111.0,1482.0,58.0,19.0,13.66,83.5,18.0,14.1,14.5,12.920463,74.8651188,30.0,335.7,7.683,0
08:29:25.106,77,111.0,1482.0,58.0,19.0,13.66,83.5,18.0,14.1,14.5,12.9204654,74.8651161,30.3,336.1,7.682,0
08:29:25.196,77,111.0,1482.0,58.0,19.0,13.66,83.5,18.0,14.1,14.5,12.9204678,74.8651134,30.5,336.5,7.68,0
08:29:25.286,77,111.0,1482.0,58.0,19.0,13.66,83.5,18.0,14.1,14.5,12.9204702,74.8651106,30.7,337.0,7.678,0
08:29:25.376,77,111.0,1482.0,58.0,19.0,13.66,83.5,18.0,14.1,14.1,12.9204726,74.8651079,31.0,337.4,7.677,0
08:29:25.466,77,111.0,1482.0,58.0,19.0,13.66,83.5,18.0,14.1,14.1,12.920475,74.8651051,31.2,337.8,7.675,0
08:29:25.556,77,110.0,1482.0,58.0,19.0,13.66,83.5,18.0,14.1,14.1,12.9204774,74.8651024,31.4,338.2,7.673,0
08:29:25.647,77,110.0,1485.0,58.0,19.0,13.66,83.5,18.0,14.1,14.1,12.9204798,74.8650996,31.7,338.6,7.672,0
08:29:25.796,77,110.0,1485.0,58.0,19.0,13.66,83.5,18.0,14.1,14.1,12.9204838,74.8650951,32.1,339.3,7.669,0
08:29:25.886,77,110.0,1485.0,58.0,19.0,13.66,83.5,18.0,14.1,14.1,12.9204862,74.8650924,32.3,339.7,7.667,0
08:29:26.037,77,110.0,1485.0,58.0,19.0,13.66,83.5,18.0,14.1,14.1,12.9204902,74.8650878,32.7,340.4,7.665,0
08:29:26.126,77,110.0,1485.0,58.0,19.0,13.66,83.5,18.0,14.1,14.1,12.9204926,74.8650851,32.9,340.8,7.663,0
08:29:26.216,77,110.0,1485.0,58.0,19.0,13.66,83.5,18.0,14.1,14.1,12.920495,74.8650823,33.2,341.3,7.661,0
08:29:26.306,77,110.0,1485.0,58.0,19.0,13.66,83.5,18.0,14.1,14.5,12.9204974,74.8650796,33.4,341.7,7.66,0
08:29:26.396,78,110.0,1485.0,58.0,19.0,13.66,83.5,18.0,14.1,14.5,12.9204998,74.8650769,33.6,342.1,7.658,0
08:29:26.487,78,110.0,1485.0,58.0,19.0,13.66,83.5,18.0,14.1,14.5,12.9205022,74.8650741,33.9,342.5,7.656,0
08:29:26.577,78,110.0,1483.0,58.0,19.0,13.66,83.5,18.0,14.1,14.5,12.9205046,74.8650714,34.1,342.9,7.655,0
08:29:26.667,78,110.0,1483.0,58.0,19.0,13.66,83.5,18.0,14.1,14.5,12.920507,74.8650686,34.3,343.3,7.653,0
08:29:26.756,78,110.0,1483.0,58.0,19.0,13.66,83.5,18.0,14.1,14.5,12.9205094,74.8650659,34.6,343.7,7.652,0
08:29:26.846,78,110.0,1483.0,58.0,19.0,13.61,83.5,18.0,14.1,14.5,12.9205118,74.8650632,34.8,344.2,7.65,0
08:29:26.936,78,110.0,1483.0,58.0,19.0,13.61,83.5,18.0,14.1,14.5,12.9205142,74.8650604,35.0,344.6,7.648,0
08:29:27.027,78,110.0,1483.0,58.0,19.0,13.61,83.5,18.0,14.1,14.5,12.9205166,74.8650577,35.3,345.0,7.647,0
08:29:27.117,78,110.0,1483.0,58.0,19.0,13.61,83.5,18.0,14.1,14.5,12.920519,74.8650549,35.5,345.4,7.645,0
08:29:27.206,78,110.0,1483.0,58.0,19.0,13.61,83.5,18.0,14.1,14.5,12.9205214,74.8650522,35.7,345.8,7.643,0
08:29:27.296,78,110.0,1483.0,58.0,19.0,13.61,83.5,18.0,14.1,14.5,12.9205238,74.8650495,36.0,346.2,7.642,0
08:29:27.386,78,110.0,1483.0,58.0,19.0,13.61,83.5,18.0,14.1,14.5,12.9205262,74.8650467,36.2,346.7,7.64,0
08:29:27.477,78,110.0,1485.0,58.0,19.0,13.61,83.5,18.0,14.1,14.5,12.9205286,74.865044,36.4,347.1,7.639,0
08:29:27.568,78,110.0,1485.0,58.0,19.0,13.61,83.5,18.0,14.1,14.5,12.920531,74.8650412,36.7,347.5,7.637,0
08:29:27.656,78,110.0,1485.0,58.0,19.0,13.61,83.5,18.0,14.1,14.5,12.9205334,74.8650385,36.9,347.9,7.635,0
08:29:27.747,78,110.0,1485.0,58.0,19.0,13.69,83.5,18.0,14.1,14.5,12.9205358,74.8650358,37.2,348.3,7.634,0
08:29:27.836,78,110.0,1485.0,58.0,19.0,13.69,83.5,18.0,14.1,14.5,12.9205382,74.8650331,37.4,348.7,7.632,0
08:29:27.927,78,110.0,1485.0,58.0,19.0,13.69,83.5,18.0,14.1,14.5,12.9205406,74.8650303,37.6,349.2,7.63,0
08:29:28.016,78,110.0,1485.0,58.0,19.0,13.69,83.5,18.0,14.1,14.5,12.920543,74.8650276,37.9,349.6,7.629,0
08:29:28.106,78,110.0,1485.0,58.0,19.0,13.69,83.5,18.0,14.1,14.5,12.9205454,74.8650248,38.1,350.0,7.627,0
08:29:28.196,78,110.0,1485.0,58.0,19.0,13.69,83.5,18.0,14.1,14.5,12.9205478,74.8650221,38.3,350.4,7.626,0
08:29:28.286,78,110.0,1485.0,58.0,19.0,13.69,83.5,18.0,14.1,14.5,12.9205502,74.8650194,38.6,350.8,7.624,0
08:29:28.377,78,110.0,1481.0,58.0,19.0,13.69,83.5,18.0,14.1,14.5,12.9205526,74.8650166,38.8,351.2,7.622,0
08:29:28.468,78,110.0,1481.0,58.0,19.0,13.69,83.5,18.0,14.1,14.5,12.920555,74.8650138,39.0,351.7,7.621,0
08:29:28.556,78,110.0,1481.0,58.0,19.0,13.69,83.5,18.0,14.1,14.5,12.9205574,74.8650112,39.3,352.1,7.619,0
08:29:28.647,78,110.0,1481.0,58.0,19.0,13.69,83.5,18.0,14.1,14.5,12.9205598,74.8650084,39.5,352.5,7.617,0
08:29:28.736,78,110.0,1481.0,58.0,19.0,13.69,83.5,18.0,14.1,14.5,12.9205622,74.8650057,39.7,352.9,7.616,0
08:29:29.187,78,110.0,1481.0,57.0,19.0,13.69,83.5,18.0,14.1,14.5,12.9205742,74.864992,40.9,355.0,7.608,0
08:29:29.276,78,110.0,1481.0,57.0,19.0,13.69,83.5,18.0,14.1,14.5,12.9205766,74.8649893,41.1,355.4,7.606,0
08:29:29.367,78,110.0,1481.0,57.0,19.0,13.77,83.5,18.0,14.1,14.5,12.920579,74.8649865,41.4,355.8,7.604,0
08:29:29.456,78,110.0,1481.0,57.0,19.0,13.77,83.5,18.0,14.1,14.5,12.9205814,74.8649838,41.6,356.2,7.603,0
08:29:29.546,78,110.0,1481.0,57.0,19.0,13.77,83.5,18.0,14.1,14.5,12.9205838,74.864981,41.8,356.6,7.601,0
08:29:29.636,78,110.0,1481.0,57.0,19.0,13.77,83.5,18.0,14.1,14.5,12.9205866,74.8649797,41.9,356.9,7.581,0
08:29:29.817,78,110.0,1481.0,57.0,19.0,13.77,83.5,18.0,14.1,14.5,12.9205937,74.864982,41.0,357.0,7.471,0
08:29:29.907,78,111.0,1481.0,57.0,19.0,13.77,83.5,18.0,14.1,14.5,12.9205972,74.8649832,40.6,357.0,7.416,0
08:29:29.996,78,111.0,1476.0,57.0,19.0,13.77,83.5,18.0,14.1,14.5,12.9206007,74.8649843,40.1,357.0,7.362,0
08:29:30.086,78,111.0,1476.0,58.0,19.0,13.77,83.5,18.0,14.1,14.5,12.9206042,74.8649855,39.7,357.0,7.308,0
08:29:30.176,78,111.0,1476.0,58.0,19.0,13.77,83.5,18.0,14.1,14.5,12.9206077,74.8649867,39.3,357.0,7.253,0
08:29:30.271,78,111.0,1476.0,58.0,19.0,13.74,83.5,18.0,14.1,14.5,12.9206115,74.8649879,38.8,357.1,7.195,0
08:29:30.356,78,111.0,1476.0,58.0,19.0,13.74,83.5,18.0,14.1,14.5,12.9206148,74.864989,38.4,357.1,7.143,0
08:29:30.448,78,111.0,1476.0,58.0,19.0,13.74,83.5,18.0,14.1,14.5,12.9206184,74.8649902,38.0,357.1,7.088,0
08:29:30.536,78,111.0,1476.0,58.0,19.0,13.74,83.5,18.0,14.1,14.5,12.9206218,74.8649914,37.6,357.1,7.034,0
08:29:30.626,78,111.0,1476.0,58.0,19.0,13.74,83.5,18.0,14.1,14.5,12.9206254,74.8649926,37.1,357.2,6.979,0
08:29:30.748,78,111.0,1476.0,58.0,19.0,13.74,83.5,18.0,14.1,14.5,12.9206302,74.8649941,36.5,357.2,6.905,0
08:29:30.838,78,111.0,1476.0,58.0,19.0,13.74,83.5,18.0,14.1,14.5,12.9206337,74.8649953,36.1,357.2,6.85,0
08:29:30.928,78,111.0,1477.0,58.0,19.0,13.74,83.5,18.0,14.1,14.5,12.9206372,74.8649965,35.7,357.2,6.796,0
08:29:31.017,78,111.0,1477.0,58.0,19.0,13.74,83.5,18.0,14.1,14.5,12.9206407,74.8649977,35.3,357.3,6.742,0
08:29:31.106,78,111.0,1477.0,58.0,19.0,13.74,83.5,18.0,14.1,14.5,12.9206442,74.8649988,34.8,357.3,6.688,0
08:29:31.197,78,111.0,1477.0,58.0,19.0,13.88,83.5,18.0,14.1,14.5,12.9206478,74.865,34.4,357.3,6.632,0
08:29:31.286,78,111.0,1477.0,58.0,19.0,13.88,83.5,18.0,14.1,14.5,12.9206513,74.8650012,34.0,357.3,6.578,0
08:29:31.376,78,111.0,1477.0,58.0,19.0,13.88,83.5,18.0,14.1,14.5,12.9206548,74.8650023,33.5,357.3,6.523,0
08:29:31.466,78,111.0,1477.0,58.0,19.0,13.88,83.5,18.0,14.1,14.5,12.9206583,74.8650035,33.1,357.4,6.469,0
08:29:31.647,78,111.0,1477.0,58.0,19.0,13.88,83.5,18.0,14.1,14.5,12.9206654,74.8650059,32.2,357.4,6.359,0
08:29:31.827,78,111.0,1477.0,58.0,19.0,13.88,83.5,18.0,14.1,14.5,12.9206725,74.8650082,31.4,357.5,6.249,0
08:29:32.100,78,111.0,1477.0,58.0,19.0,13.88,83.5,18.0,14.1,14.5,12.9206832,74.8650118,30.1,357.5,6.083,0
08:29:32.187,78,111.0,1477.0,58.0,19.0,13.88,83.5,18.0,14.1,14.5,12.9206866,74.8650129,29.7,357.5,6.03,0
08:29:32.403,78,111.0,1477.0,58.0,19.0,13.88,83.5,18.0,14.1,14.5,12.920695,74.8650157,28.6,357.6,5.899,0
08:29:32.487,78,111.0,1477.0,58.0,19.0,13.88,83.5,18.0,14.1,14.5,12.9206983,74.8650168,28.2,357.6,5.848,0
08:29:32.576,78,111.0,1479.0,58.0,19.0,13.88,83.5,18.0,14.1,14.5,12.9207018,74.865018,27.8,357.6,5.794,0
08:29:32.667,78,111.0,1479.0,57.0,19.0,13.88,83.5,18.0,14.1,14.5,12.9207054,74.8650192,27.4,357.7,5.739,0
08:29:32.758,78,111.0,1479.0,57.0,19.0,13.88,83.5,18.0,14.1,14.5,12.920709,74.8650203,26.9,357.7,5.683,0
08:29:32.846,78,111.0,1479.0,57.0,19.0,13.55,83.5,18.0,14.1,14.5,12.9207124,74.8650215,26.5,357.7,5.63,0
08:29:32.937,78,111.0,1479.0,57.0,19.0,13.55,83.5,18.0,14.1,14.5,12.920716,74.8650227,26.1,357.7,5.574,0
08:29:33.026,78,111.0,1479.0,57.0,19.0,13.55,83.5,18.0,14.1,14.5,12.9207195,74.8650238,25.7,357.7,5.52,0
08:29:33.116,78,111.0,1479.0,57.0,19.0,13.55,83.5,18.0,14.1,14.5,12.920723,74.865025,25.2,357.8,5.466,0
08:29:33.267,78,111.0,1479.0,57.0,19.0,13.55,83.5,18.0,14.1,14.5,12.9207289,74.865027,24.5,357.8,5.374,0
08:29:33.356,78,111.0,1479.0,57.0,19.0,13.55,83.5,18.0,14.1,14.5,12.9207324,74.8650281,24.1,357.8,5.32,0
08:29:33.447,78,111.0,1478.0,57.0,19.0,13.55,83.5,18.0,14.1,14.5,12.920736,74.8650293,23.7,357.9,5.264,0
08:29:33.538,78,111.0,1478.0,57.0,19.0,13.55,83.5,18.0,14.1,14.5,12.9207395,74.8650305,23.2,357.9,5.209,0
08:29:34.108,78,111.0,1478.0,57.0,19.0,13.55,83.5,18.0,14.1,14.5,12.9207619,74.8650379,20.5,358.0,4.863,0
08:29:34.257,78,111.0,1478.0,58.0,19.0,13.55,83.5,18.0,14.1,14.5,12.9207677,74.8650399,19.8,358.1,4.772,0
08:29:34.346,78,111.0,1478.0,58.0,19.0,13.55,83.5,18.0,14.1,14.5,12.9207712,74.865041,19.4,358.1,4.718,0
08:29:34.437,78,111.0,1478.0,58.0,19.0,13.74,83.5,18.0,14.1,14.5,12.9207748,74.8650422,18.9,358.1,4.663,0
08:29:34.557,78,111.0,1478.0,58.0,19.0,13.74,83.5,18.0,14.1,14.5,12.9207795,74.8650438,18.4,358.1,4.59,0
08:29:34.647,78,111.0,1478.0,58.0,19.0,13.74,83.5,18.0,14.1,14.5,12.920783,74.865045,17.9,358.2,4.535,0
08:29:34.766,78,111.0,1478.0,58.0,19.0,13.74,83.5,18.0,14.1,14.5,12.9207877,74.8650465,17.4,358.2,4.463,0
08:29:34.856,78,111.0,1478.0,58.0,19.0,13.74,83.5,18.0,14.1,14.5,12.9207912,74.8650477,16.9,358.2,4.408,0
08:29:34.947,78,111.0,1478.0,58.0,19.0,13.74,83.5,18.0,14.1,14.5,12.9207948,74.8650489,16.5,358.2,4.353,0
08:29:35.068,78,111.0,1478.0,58.0,19.0,13.74,83.5,18.0,14.1,14.5,12.9207995,74.8650505,15.9,358.3,4.279,0
08:29:35.696,78,111.0,1478.0,58.0,19.0,13.74,83.5,18.0,14.1,14.5,12.9208241,74.8650586,12.9,358.4,3.897,0
08:29:35.816,78,110.0,1478.0,58.0,19.0,13.74,83.5,18.0,14.1,14.5,12.9208289,74.8650602,12.3,358.4,3.824,0
08:29:35.996,78,110.0,1478.0,58.0,19.0,13.74,83.5,18.0,14.1,14.5,12.9208359,74.8650625,11.5,358.5,3.715,0
08:29:36.596,78,110.0,1484.0,58.0,19.0,13.74,83.5,18.0,14.1,14.5,12.9208594,74.8650704,8.6,358.6,3.35,0
08:29:36.746,78,110.0,1484.0,58.0,19.0,13.74,83.5,18.0,14.1,14.5,12.9208653,74.8650723,7.9,358.7,3.259,0
08:29:36.837,78,110.0,1484.0,58.0,19.0,13.58,83.5,18.0,14.1,14.5,12.9208689,74.8650735,7.5,358.7,3.204,0
08:29:36.957,78,110.0,1484.0,58.0,19.0,13.58,83.5,18.0,14.1,14.5,12.9208736,74.8650751,6.9,358.7,3.131,0
08:29:37.287,78,110.0,1484.0,58.0,19.0,13.58,83.5,18.0,14.1,14.5,12.9208865,74.8650794,5.3,358.8,2.93,0
08:29:37.496,78,110.0,1484.0,58.0,19.0,13.58,83.5,18.0,14.1,14.5,12.9208947,74.8650821,4.3,358.9,2.803,0
08:29:37.587,78,110.0,1484.0,58.0,19.0,13.58,83.5,18.0,14.1,14.5,12.9208983,74.8650833,3.9,358.9,2.748,0
08:29:37.707,78,110.0,1484.0,58.0,19.0,13.36,83.5,18.0,14.1,14.5,12.920903,74.8650848,3.3,358.9,2.675,0
08:29:37.797,78,110.0,1484.0,58.0,19.0,13.36,83.5,18.0,14.1,14.5,12.9209065,74.865086,2.9,358.9,2.62,0
08:29:37.917,78,110.0,1484.0,58.0,19.0,13.36,83.5,18.0,14.1,14.5,12.9209112,74.8650876,2.3,359.0,2.547,0
08:29:38.008,78,110.0,1484.0,58.0,19.0,13.36,83.5,18.0,14.1,14.5,12.9209148,74.8650888,1.9,359.0,2.492,0
08:29:38.307,78,109.0,1484.0,58.0,19.0,13.36,83.5,18.0,14.1,14.5,12.9209265,74.8650927,0.4,359.1,2.31,0
08:29:39.237,78,109.0,1484.0,58.0,19.0,13.36,83.5,18.0,14.1,14.5,12.920963,74.8651048,-4.0,359.3,1.745,0
08:29:39.657,78,109.0,1481.0,58.0,19.0,13.36,83.5,18.0,14.1,14.5,12.9209794,74.8651103,-6.0,359.4,1.489,0
08:29:39.808,78,109.0,1481.0,58.0,19.0,13.36,83.5,18.0,14.1,14.5,12.9209854,74.8651122,-6.7,359.4,1.398,0
08:30:00.508,79,109.0,1481.0,58.0,19.0,13.36,83.5,18.0,14.1,14.5,12.9212697,74.8651378,-13.8,0.0,0.703,0
08:30:00.596,79,104.0,1481.0,58.0,19.0,13.36,83.5,18.0,14.1,14.5,12.9212695,74.8651375,-13.8,0.0,0.696,0
08:30:08.488,79,104.0,1481.0,58.0,19.0,13.36,83.5,18.0,14.1,14.5,12.921251,74.865112,-16.6,0.0,0.041,0
08:30:10.588,79,104.0,1481.0,58.0,21.0,13.36,83.5,18.0,14.1,14.5,12.9212499,74.8651104,-16.8,0.0,0.0,0
08:30:46.977,79,104.0,1481.0,58.0,21.0,18.16,83.5,18.0,14.1,14.5,12.9212499,74.8651104,-16.8,0.0,0.0,0
08:30:47.187,79,104.0,1481.0,58.0,21.0,18.16,83.5,18.0,14.1,14.5,12.9212499,74.8651104,-16.8,0.0,0.0,0
08:30:47.397,79,104.0,1481.0,58.0,21.0,18.16,83.5,18.0,14.1,14.5,12.9212499,74.8651104,-16.8,0.0,0.0,0
08:30:51.000,79,104.0,1481.0,32.0,21.0,18.16,83.5,18.0,14.1,14.5,12.9212499,74.8651104,-16.8,0.0,0.0,0
08:30:56.817,79,104.0,1481.0,32.0,26.0,18.16,83.5,18.0,14.1,14.5,12.9212499,74.8651104,-16.8,0.0,0.0,0
08:31:58.887,79,104.0,1535.0,32.0,26.0,18.16,83.5,18.0,14.1,14.5,12.9212499,74.8651104,-16.8,0.0,0.0,0
